form_name;variable_name;field_label;code;choice_label_dk;choice_label_uk;;;;
sefnc_baseline_v4;sefnc_when_tired;Hvor sikker er du på, at du kan følge din kost, når du er træt?;1;0%;0%;;;;
sefnc_baseline_v4;sefnc_during_crisis;Hvor sikker er du på, at du kan følge din kost under eller efter en personlig krise?;1;0%;0%;;;;
sefnc_baseline_v4;sefnc_when_depressed;Hvor sikker er du på, at du kan følge din kost, når du føler dig deprimeret?;1;0%;0%;;;;
sefnc_baseline_v4;sefnc_when_anxious;Hvor sikker er du på, at du kan følge din kost, når du føler dig ængstelig?;1;0%;0%;;;;
sefnc_baseline_v4;sefnc_on_vacation;Hvor sikker er du på, at du kan følge din kost, når du er på ferie?;1;0%;0%;;;;
sefnc_baseline_v4;sefnc_when_busy;Hvor sikker er du på, at du kan følge din kost, når du har meget arbejde at lave?;1;0%;0%;;;;
sefnc_baseline_v4;sefnc_when_missed_goals;Hvor sikker er du på, at du kan følge din kost, når du ikke har nået dine kostmål?;1;0%;0%;;;;
sefnc_baseline_v4;sefnc_no_support;Hvor sikker er du på, at du kan følge din kost, når du ikke får støtte fra familie/venner?;1;0%;0%;;;;
sefnc_baseline_v4;sefnc_busy_schedule;Hvor sikker er du på, at du kan følge din kost, når dit skema er hektisk (er ressource- og/eller tidskrævende)?;1;0%;0%;;;;
sefnc_week12_v6;sefnc_when_tired_v6;Hvor sikker er du på, at du kan følge din kost, når du er træt?;1;0%;0%;;;;
sefnc_week12_v6;sefnc_during_crisis_v6;Hvor sikker er du på, at du kan følge din kost under eller efter en personlig krise?;1;0%;0%;;;;
sefnc_week12_v6;sefnc_when_depressed_v6;Hvor sikker er du på, at du kan følge din kost, når du føler dig deprimeret?;1;0%;0%;;;;
sefnc_week12_v6;sefnc_when_anxious_v6;Hvor sikker er du på, at du kan følge din kost, når du føler dig ængstelig?;1;0%;0%;;;;
sefnc_week12_v6;sefnc_on_vacation_v6;Hvor sikker er du på, at du kan følge din kost, når du er på ferie?;1;0%;0%;;;;
sefnc_week12_v6;sefnc_when_busy_v6;Hvor sikker er du på, at du kan følge din kost, når du har meget arbejde at lave?;1;0%;0%;;;;
sefnc_week12_v6;sefnc_when_missed_goals_v6;Hvor sikker er du på, at du kan følge din kost, når du ikke har nået dine kostmål?;1;0%;0%;;;;
sefnc_week12_v6;sefnc_no_support_v6;Hvor sikker er du på, at du kan følge din kost, når du ikke får støtte fra familie/venner?;1;0%;0%;;;;
sefnc_week12_v6;sefnc_ubusy_schedule_v6;Hvor sikker er du på, at du kan følge din kost, når dit skema er hektisk (er ressource- og/eller tidskrævende)?;1;0%;0%;;;;
selfefficacy_for_nutrition_change_sefnc_week_52;sefnc_when_tired_v10;Hvor sikker er du på, at du kan følge din kost, når du er træt?;1;0%;0%;;;;
selfefficacy_for_nutrition_change_sefnc_week_52;sefnc_during_crisis_v10;Hvor sikker er du på, at du kan følge din kost under eller efter en personlig krise?;1;0%;0%;;;;
selfefficacy_for_nutrition_change_sefnc_week_52;sefnc_when_depressed_v10;Hvor sikker er du på, at du kan følge din kost, når du føler dig deprimeret?;1;0%;0%;;;;
selfefficacy_for_nutrition_change_sefnc_week_52;sefnc_when_anxious_v10;Hvor sikker er du på, at du kan følge din kost, når du føler dig ængstelig?;1;0%;0%;;;;
selfefficacy_for_nutrition_change_sefnc_week_52;sefnc_on_vacation_v10;Hvor sikker er du på, at du kan følge din kost, når du er på ferie?;1;0%;0%;;;;
selfefficacy_for_nutrition_change_sefnc_week_52;sefnc_when_busy_v10;Hvor sikker er du på, at du kan følge din kost, når du har meget arbejde at lave?;1;0%;0%;;;;
selfefficacy_for_nutrition_change_sefnc_week_52;sefnc_when_missed_goals_v10;Hvor sikker er du på, at du kan følge din kost, når du ikke har nået dine kostmål?;1;0%;0%;;;;
selfefficacy_for_nutrition_change_sefnc_week_52;sefnc_no_support_v10;Hvor sikker er du på, at du kan følge din kost, når du ikke får støtte fra familie/venner?;1;0%;0%;;;;
selfefficacy_for_nutrition_change_sefnc_week_52;sefnc_ubusy_schedule_v10;Hvor sikker er du på, at du kan følge din kost, når dit skema er hektisk (er ressource- og/eller tidskrævende)?;1;0%;0%;;;;
sefnc_baseline_v4;sefnc_when_tired;Hvor sikker er du på, at du kan følge din kost, når du er træt?;2;10%;10%;;;;
sefnc_baseline_v4;sefnc_during_crisis;Hvor sikker er du på, at du kan følge din kost under eller efter en personlig krise?;2;10%;10%;;;;
sefnc_baseline_v4;sefnc_when_depressed;Hvor sikker er du på, at du kan følge din kost, når du føler dig deprimeret?;2;10%;10%;;;;
sefnc_baseline_v4;sefnc_when_anxious;Hvor sikker er du på, at du kan følge din kost, når du føler dig ængstelig?;2;10%;10%;;;;
sefnc_baseline_v4;sefnc_on_vacation;Hvor sikker er du på, at du kan følge din kost, når du er på ferie?;2;10%;10%;;;;
sefnc_baseline_v4;sefnc_when_busy;Hvor sikker er du på, at du kan følge din kost, når du har meget arbejde at lave?;2;10%;10%;;;;
sefnc_baseline_v4;sefnc_when_missed_goals;Hvor sikker er du på, at du kan følge din kost, når du ikke har nået dine kostmål?;2;10%;10%;;;;
sefnc_baseline_v4;sefnc_no_support;Hvor sikker er du på, at du kan følge din kost, når du ikke får støtte fra familie/venner?;2;10%;10%;;;;
sefnc_baseline_v4;sefnc_busy_schedule;Hvor sikker er du på, at du kan følge din kost, når dit skema er hektisk (er ressource- og/eller tidskrævende)?;2;10%;10%;;;;
sefnc_week12_v6;sefnc_when_tired_v6;Hvor sikker er du på, at du kan følge din kost, når du er træt?;2;10%;10%;;;;
sefnc_week12_v6;sefnc_during_crisis_v6;Hvor sikker er du på, at du kan følge din kost under eller efter en personlig krise?;2;10%;10%;;;;
sefnc_week12_v6;sefnc_when_depressed_v6;Hvor sikker er du på, at du kan følge din kost, når du føler dig deprimeret?;2;10%;10%;;;;
sefnc_week12_v6;sefnc_when_anxious_v6;Hvor sikker er du på, at du kan følge din kost, når du føler dig ængstelig?;2;10%;10%;;;;
sefnc_week12_v6;sefnc_on_vacation_v6;Hvor sikker er du på, at du kan følge din kost, når du er på ferie?;2;10%;10%;;;;
sefnc_week12_v6;sefnc_when_busy_v6;Hvor sikker er du på, at du kan følge din kost, når du har meget arbejde at lave?;2;10%;10%;;;;
sefnc_week12_v6;sefnc_when_missed_goals_v6;Hvor sikker er du på, at du kan følge din kost, når du ikke har nået dine kostmål?;2;10%;10%;;;;
sefnc_week12_v6;sefnc_no_support_v6;Hvor sikker er du på, at du kan følge din kost, når du ikke får støtte fra familie/venner?;2;10%;10%;;;;
sefnc_week12_v6;sefnc_ubusy_schedule_v6;Hvor sikker er du på, at du kan følge din kost, når dit skema er hektisk (er ressource- og/eller tidskrævende)?;2;10%;10%;;;;
selfefficacy_for_nutrition_change_sefnc_week_52;sefnc_when_tired_v10;Hvor sikker er du på, at du kan følge din kost, når du er træt?;2;10%;10%;;;;
selfefficacy_for_nutrition_change_sefnc_week_52;sefnc_during_crisis_v10;Hvor sikker er du på, at du kan følge din kost under eller efter en personlig krise?;2;10%;10%;;;;
selfefficacy_for_nutrition_change_sefnc_week_52;sefnc_when_depressed_v10;Hvor sikker er du på, at du kan følge din kost, når du føler dig deprimeret?;2;10%;10%;;;;
selfefficacy_for_nutrition_change_sefnc_week_52;sefnc_when_anxious_v10;Hvor sikker er du på, at du kan følge din kost, når du føler dig ængstelig?;2;10%;10%;;;;
selfefficacy_for_nutrition_change_sefnc_week_52;sefnc_on_vacation_v10;Hvor sikker er du på, at du kan følge din kost, når du er på ferie?;2;10%;10%;;;;
selfefficacy_for_nutrition_change_sefnc_week_52;sefnc_when_busy_v10;Hvor sikker er du på, at du kan følge din kost, når du har meget arbejde at lave?;2;10%;10%;;;;
selfefficacy_for_nutrition_change_sefnc_week_52;sefnc_when_missed_goals_v10;Hvor sikker er du på, at du kan følge din kost, når du ikke har nået dine kostmål?;2;10%;10%;;;;
selfefficacy_for_nutrition_change_sefnc_week_52;sefnc_no_support_v10;Hvor sikker er du på, at du kan følge din kost, når du ikke får støtte fra familie/venner?;2;10%;10%;;;;
selfefficacy_for_nutrition_change_sefnc_week_52;sefnc_ubusy_schedule_v10;Hvor sikker er du på, at du kan følge din kost, når dit skema er hektisk (er ressource- og/eller tidskrævende)?;2;10%;10%;;;;
sefnc_baseline_v4;sefnc_when_tired;Hvor sikker er du på, at du kan følge din kost, når du er træt?;3;20%;20%;;;;
sefnc_baseline_v4;sefnc_during_crisis;Hvor sikker er du på, at du kan følge din kost under eller efter en personlig krise?;3;20%;20%;;;;
sefnc_baseline_v4;sefnc_when_depressed;Hvor sikker er du på, at du kan følge din kost, når du føler dig deprimeret?;3;20%;20%;;;;
sefnc_baseline_v4;sefnc_when_anxious;Hvor sikker er du på, at du kan følge din kost, når du føler dig ængstelig?;3;20%;20%;;;;
sefnc_baseline_v4;sefnc_on_vacation;Hvor sikker er du på, at du kan følge din kost, når du er på ferie?;3;20%;20%;;;;
sefnc_baseline_v4;sefnc_when_busy;Hvor sikker er du på, at du kan følge din kost, når du har meget arbejde at lave?;3;20%;20%;;;;
sefnc_baseline_v4;sefnc_when_missed_goals;Hvor sikker er du på, at du kan følge din kost, når du ikke har nået dine kostmål?;3;20%;20%;;;;
sefnc_baseline_v4;sefnc_no_support;Hvor sikker er du på, at du kan følge din kost, når du ikke får støtte fra familie/venner?;3;20%;20%;;;;
sefnc_baseline_v4;sefnc_busy_schedule;Hvor sikker er du på, at du kan følge din kost, når dit skema er hektisk (er ressource- og/eller tidskrævende)?;3;20%;20%;;;;
sefnc_week12_v6;sefnc_when_tired_v6;Hvor sikker er du på, at du kan følge din kost, når du er træt?;3;20%;20%;;;;
sefnc_week12_v6;sefnc_during_crisis_v6;Hvor sikker er du på, at du kan følge din kost under eller efter en personlig krise?;3;20%;20%;;;;
sefnc_week12_v6;sefnc_when_depressed_v6;Hvor sikker er du på, at du kan følge din kost, når du føler dig deprimeret?;3;20%;20%;;;;
sefnc_week12_v6;sefnc_when_anxious_v6;Hvor sikker er du på, at du kan følge din kost, når du føler dig ængstelig?;3;20%;20%;;;;
sefnc_week12_v6;sefnc_on_vacation_v6;Hvor sikker er du på, at du kan følge din kost, når du er på ferie?;3;20%;20%;;;;
sefnc_week12_v6;sefnc_when_busy_v6;Hvor sikker er du på, at du kan følge din kost, når du har meget arbejde at lave?;3;20%;20%;;;;
sefnc_week12_v6;sefnc_when_missed_goals_v6;Hvor sikker er du på, at du kan følge din kost, når du ikke har nået dine kostmål?;3;20%;20%;;;;
sefnc_week12_v6;sefnc_no_support_v6;Hvor sikker er du på, at du kan følge din kost, når du ikke får støtte fra familie/venner?;3;20%;20%;;;;
sefnc_week12_v6;sefnc_ubusy_schedule_v6;Hvor sikker er du på, at du kan følge din kost, når dit skema er hektisk (er ressource- og/eller tidskrævende)?;3;20%;20%;;;;
selfefficacy_for_nutrition_change_sefnc_week_52;sefnc_when_tired_v10;Hvor sikker er du på, at du kan følge din kost, når du er træt?;3;20%;20%;;;;
selfefficacy_for_nutrition_change_sefnc_week_52;sefnc_during_crisis_v10;Hvor sikker er du på, at du kan følge din kost under eller efter en personlig krise?;3;20%;20%;;;;
selfefficacy_for_nutrition_change_sefnc_week_52;sefnc_when_depressed_v10;Hvor sikker er du på, at du kan følge din kost, når du føler dig deprimeret?;3;20%;20%;;;;
selfefficacy_for_nutrition_change_sefnc_week_52;sefnc_when_anxious_v10;Hvor sikker er du på, at du kan følge din kost, når du føler dig ængstelig?;3;20%;20%;;;;
selfefficacy_for_nutrition_change_sefnc_week_52;sefnc_on_vacation_v10;Hvor sikker er du på, at du kan følge din kost, når du er på ferie?;3;20%;20%;;;;
selfefficacy_for_nutrition_change_sefnc_week_52;sefnc_when_busy_v10;Hvor sikker er du på, at du kan følge din kost, når du har meget arbejde at lave?;3;20%;20%;;;;
selfefficacy_for_nutrition_change_sefnc_week_52;sefnc_when_missed_goals_v10;Hvor sikker er du på, at du kan følge din kost, når du ikke har nået dine kostmål?;3;20%;20%;;;;
selfefficacy_for_nutrition_change_sefnc_week_52;sefnc_no_support_v10;Hvor sikker er du på, at du kan følge din kost, når du ikke får støtte fra familie/venner?;3;20%;20%;;;;
selfefficacy_for_nutrition_change_sefnc_week_52;sefnc_ubusy_schedule_v10;Hvor sikker er du på, at du kan følge din kost, når dit skema er hektisk (er ressource- og/eller tidskrævende)?;3;20%;20%;;;;
sefnc_baseline_v4;sefnc_when_tired;Hvor sikker er du på, at du kan følge din kost, når du er træt?;4;30%;30%;;;;
sefnc_baseline_v4;sefnc_during_crisis;Hvor sikker er du på, at du kan følge din kost under eller efter en personlig krise?;4;30%;30%;;;;
sefnc_baseline_v4;sefnc_when_depressed;Hvor sikker er du på, at du kan følge din kost, når du føler dig deprimeret?;4;30%;30%;;;;
sefnc_baseline_v4;sefnc_when_anxious;Hvor sikker er du på, at du kan følge din kost, når du føler dig ængstelig?;4;30%;30%;;;;
sefnc_baseline_v4;sefnc_on_vacation;Hvor sikker er du på, at du kan følge din kost, når du er på ferie?;4;30%;30%;;;;
sefnc_baseline_v4;sefnc_when_busy;Hvor sikker er du på, at du kan følge din kost, når du har meget arbejde at lave?;4;30%;30%;;;;
sefnc_baseline_v4;sefnc_when_missed_goals;Hvor sikker er du på, at du kan følge din kost, når du ikke har nået dine kostmål?;4;30%;30%;;;;
sefnc_baseline_v4;sefnc_no_support;Hvor sikker er du på, at du kan følge din kost, når du ikke får støtte fra familie/venner?;4;30%;30%;;;;
sefnc_baseline_v4;sefnc_busy_schedule;Hvor sikker er du på, at du kan følge din kost, når dit skema er hektisk (er ressource- og/eller tidskrævende)?;4;30%;30%;;;;
sefnc_week12_v6;sefnc_when_tired_v6;Hvor sikker er du på, at du kan følge din kost, når du er træt?;4;30%;30%;;;;
sefnc_week12_v6;sefnc_during_crisis_v6;Hvor sikker er du på, at du kan følge din kost under eller efter en personlig krise?;4;30%;30%;;;;
sefnc_week12_v6;sefnc_when_depressed_v6;Hvor sikker er du på, at du kan følge din kost, når du føler dig deprimeret?;4;30%;30%;;;;
sefnc_week12_v6;sefnc_when_anxious_v6;Hvor sikker er du på, at du kan følge din kost, når du føler dig ængstelig?;4;30%;30%;;;;
sefnc_week12_v6;sefnc_on_vacation_v6;Hvor sikker er du på, at du kan følge din kost, når du er på ferie?;4;30%;30%;;;;
sefnc_week12_v6;sefnc_when_busy_v6;Hvor sikker er du på, at du kan følge din kost, når du har meget arbejde at lave?;4;30%;30%;;;;
sefnc_week12_v6;sefnc_when_missed_goals_v6;Hvor sikker er du på, at du kan følge din kost, når du ikke har nået dine kostmål?;4;30%;30%;;;;
sefnc_week12_v6;sefnc_no_support_v6;Hvor sikker er du på, at du kan følge din kost, når du ikke får støtte fra familie/venner?;4;30%;30%;;;;
sefnc_week12_v6;sefnc_ubusy_schedule_v6;Hvor sikker er du på, at du kan følge din kost, når dit skema er hektisk (er ressource- og/eller tidskrævende)?;4;30%;30%;;;;
selfefficacy_for_nutrition_change_sefnc_week_52;sefnc_when_tired_v10;Hvor sikker er du på, at du kan følge din kost, når du er træt?;4;30%;30%;;;;
selfefficacy_for_nutrition_change_sefnc_week_52;sefnc_during_crisis_v10;Hvor sikker er du på, at du kan følge din kost under eller efter en personlig krise?;4;30%;30%;;;;
selfefficacy_for_nutrition_change_sefnc_week_52;sefnc_when_depressed_v10;Hvor sikker er du på, at du kan følge din kost, når du føler dig deprimeret?;4;30%;30%;;;;
selfefficacy_for_nutrition_change_sefnc_week_52;sefnc_when_anxious_v10;Hvor sikker er du på, at du kan følge din kost, når du føler dig ængstelig?;4;30%;30%;;;;
selfefficacy_for_nutrition_change_sefnc_week_52;sefnc_on_vacation_v10;Hvor sikker er du på, at du kan følge din kost, når du er på ferie?;4;30%;30%;;;;
selfefficacy_for_nutrition_change_sefnc_week_52;sefnc_when_busy_v10;Hvor sikker er du på, at du kan følge din kost, når du har meget arbejde at lave?;4;30%;30%;;;;
selfefficacy_for_nutrition_change_sefnc_week_52;sefnc_when_missed_goals_v10;Hvor sikker er du på, at du kan følge din kost, når du ikke har nået dine kostmål?;4;30%;30%;;;;
selfefficacy_for_nutrition_change_sefnc_week_52;sefnc_no_support_v10;Hvor sikker er du på, at du kan følge din kost, når du ikke får støtte fra familie/venner?;4;30%;30%;;;;
selfefficacy_for_nutrition_change_sefnc_week_52;sefnc_ubusy_schedule_v10;Hvor sikker er du på, at du kan følge din kost, når dit skema er hektisk (er ressource- og/eller tidskrævende)?;4;30%;30%;;;;
sefnc_baseline_v4;sefnc_when_tired;Hvor sikker er du på, at du kan følge din kost, når du er træt?;5;40%;40%;;;;
sefnc_baseline_v4;sefnc_during_crisis;Hvor sikker er du på, at du kan følge din kost under eller efter en personlig krise?;5;40%;40%;;;;
sefnc_baseline_v4;sefnc_when_depressed;Hvor sikker er du på, at du kan følge din kost, når du føler dig deprimeret?;5;40%;40%;;;;
sefnc_baseline_v4;sefnc_when_anxious;Hvor sikker er du på, at du kan følge din kost, når du føler dig ængstelig?;5;40%;40%;;;;
sefnc_baseline_v4;sefnc_on_vacation;Hvor sikker er du på, at du kan følge din kost, når du er på ferie?;5;40%;40%;;;;
sefnc_baseline_v4;sefnc_when_busy;Hvor sikker er du på, at du kan følge din kost, når du har meget arbejde at lave?;5;40%;40%;;;;
sefnc_baseline_v4;sefnc_when_missed_goals;Hvor sikker er du på, at du kan følge din kost, når du ikke har nået dine kostmål?;5;40%;40%;;;;
sefnc_baseline_v4;sefnc_no_support;Hvor sikker er du på, at du kan følge din kost, når du ikke får støtte fra familie/venner?;5;40%;40%;;;;
sefnc_baseline_v4;sefnc_busy_schedule;Hvor sikker er du på, at du kan følge din kost, når dit skema er hektisk (er ressource- og/eller tidskrævende)?;5;40%;40%;;;;
sefnc_week12_v6;sefnc_when_tired_v6;Hvor sikker er du på, at du kan følge din kost, når du er træt?;5;40%;40%;;;;
sefnc_week12_v6;sefnc_during_crisis_v6;Hvor sikker er du på, at du kan følge din kost under eller efter en personlig krise?;5;40%;40%;;;;
sefnc_week12_v6;sefnc_when_depressed_v6;Hvor sikker er du på, at du kan følge din kost, når du føler dig deprimeret?;5;40%;40%;;;;
sefnc_week12_v6;sefnc_when_anxious_v6;Hvor sikker er du på, at du kan følge din kost, når du føler dig ængstelig?;5;40%;40%;;;;
sefnc_week12_v6;sefnc_on_vacation_v6;Hvor sikker er du på, at du kan følge din kost, når du er på ferie?;5;40%;40%;;;;
sefnc_week12_v6;sefnc_when_busy_v6;Hvor sikker er du på, at du kan følge din kost, når du har meget arbejde at lave?;5;40%;40%;;;;
sefnc_week12_v6;sefnc_when_missed_goals_v6;Hvor sikker er du på, at du kan følge din kost, når du ikke har nået dine kostmål?;5;40%;40%;;;;
sefnc_week12_v6;sefnc_no_support_v6;Hvor sikker er du på, at du kan følge din kost, når du ikke får støtte fra familie/venner?;5;40%;40%;;;;
sefnc_week12_v6;sefnc_ubusy_schedule_v6;Hvor sikker er du på, at du kan følge din kost, når dit skema er hektisk (er ressource- og/eller tidskrævende)?;5;40%;40%;;;;
selfefficacy_for_nutrition_change_sefnc_week_52;sefnc_when_tired_v10;Hvor sikker er du på, at du kan følge din kost, når du er træt?;5;40%;40%;;;;
selfefficacy_for_nutrition_change_sefnc_week_52;sefnc_during_crisis_v10;Hvor sikker er du på, at du kan følge din kost under eller efter en personlig krise?;5;40%;40%;;;;
selfefficacy_for_nutrition_change_sefnc_week_52;sefnc_when_depressed_v10;Hvor sikker er du på, at du kan følge din kost, når du føler dig deprimeret?;5;40%;40%;;;;
selfefficacy_for_nutrition_change_sefnc_week_52;sefnc_when_anxious_v10;Hvor sikker er du på, at du kan følge din kost, når du føler dig ængstelig?;5;40%;40%;;;;
selfefficacy_for_nutrition_change_sefnc_week_52;sefnc_on_vacation_v10;Hvor sikker er du på, at du kan følge din kost, når du er på ferie?;5;40%;40%;;;;
selfefficacy_for_nutrition_change_sefnc_week_52;sefnc_when_busy_v10;Hvor sikker er du på, at du kan følge din kost, når du har meget arbejde at lave?;5;40%;40%;;;;
selfefficacy_for_nutrition_change_sefnc_week_52;sefnc_when_missed_goals_v10;Hvor sikker er du på, at du kan følge din kost, når du ikke har nået dine kostmål?;5;40%;40%;;;;
selfefficacy_for_nutrition_change_sefnc_week_52;sefnc_no_support_v10;Hvor sikker er du på, at du kan følge din kost, når du ikke får støtte fra familie/venner?;5;40%;40%;;;;
selfefficacy_for_nutrition_change_sefnc_week_52;sefnc_ubusy_schedule_v10;Hvor sikker er du på, at du kan følge din kost, når dit skema er hektisk (er ressource- og/eller tidskrævende)?;5;40%;40%;;;;
sefnc_baseline_v4;sefnc_when_tired;Hvor sikker er du på, at du kan følge din kost, når du er træt?;6;50%;50%;;;;
sefnc_baseline_v4;sefnc_during_crisis;Hvor sikker er du på, at du kan følge din kost under eller efter en personlig krise?;6;50%;50%;;;;
sefnc_baseline_v4;sefnc_when_depressed;Hvor sikker er du på, at du kan følge din kost, når du føler dig deprimeret?;6;50%;50%;;;;
sefnc_baseline_v4;sefnc_when_anxious;Hvor sikker er du på, at du kan følge din kost, når du føler dig ængstelig?;6;50%;50%;;;;
sefnc_baseline_v4;sefnc_on_vacation;Hvor sikker er du på, at du kan følge din kost, når du er på ferie?;6;50%;50%;;;;
sefnc_baseline_v4;sefnc_when_busy;Hvor sikker er du på, at du kan følge din kost, når du har meget arbejde at lave?;6;50%;50%;;;;
sefnc_baseline_v4;sefnc_when_missed_goals;Hvor sikker er du på, at du kan følge din kost, når du ikke har nået dine kostmål?;6;50%;50%;;;;
sefnc_baseline_v4;sefnc_no_support;Hvor sikker er du på, at du kan følge din kost, når du ikke får støtte fra familie/venner?;6;50%;50%;;;;
sefnc_baseline_v4;sefnc_busy_schedule;Hvor sikker er du på, at du kan følge din kost, når dit skema er hektisk (er ressource- og/eller tidskrævende)?;6;50%;50%;;;;
sefnc_week12_v6;sefnc_when_tired_v6;Hvor sikker er du på, at du kan følge din kost, når du er træt?;6;50%;50%;;;;
sefnc_week12_v6;sefnc_during_crisis_v6;Hvor sikker er du på, at du kan følge din kost under eller efter en personlig krise?;6;50%;50%;;;;
sefnc_week12_v6;sefnc_when_depressed_v6;Hvor sikker er du på, at du kan følge din kost, når du føler dig deprimeret?;6;50%;50%;;;;
sefnc_week12_v6;sefnc_when_anxious_v6;Hvor sikker er du på, at du kan følge din kost, når du føler dig ængstelig?;6;50%;50%;;;;
sefnc_week12_v6;sefnc_on_vacation_v6;Hvor sikker er du på, at du kan følge din kost, når du er på ferie?;6;50%;50%;;;;
sefnc_week12_v6;sefnc_when_busy_v6;Hvor sikker er du på, at du kan følge din kost, når du har meget arbejde at lave?;6;50%;50%;;;;
sefnc_week12_v6;sefnc_when_missed_goals_v6;Hvor sikker er du på, at du kan følge din kost, når du ikke har nået dine kostmål?;6;50%;50%;;;;
sefnc_week12_v6;sefnc_no_support_v6;Hvor sikker er du på, at du kan følge din kost, når du ikke får støtte fra familie/venner?;6;50%;50%;;;;
sefnc_week12_v6;sefnc_ubusy_schedule_v6;Hvor sikker er du på, at du kan følge din kost, når dit skema er hektisk (er ressource- og/eller tidskrævende)?;6;50%;50%;;;;
selfefficacy_for_nutrition_change_sefnc_week_52;sefnc_when_tired_v10;Hvor sikker er du på, at du kan følge din kost, når du er træt?;6;50%;50%;;;;
selfefficacy_for_nutrition_change_sefnc_week_52;sefnc_during_crisis_v10;Hvor sikker er du på, at du kan følge din kost under eller efter en personlig krise?;6;50%;50%;;;;
selfefficacy_for_nutrition_change_sefnc_week_52;sefnc_when_depressed_v10;Hvor sikker er du på, at du kan følge din kost, når du føler dig deprimeret?;6;50%;50%;;;;
selfefficacy_for_nutrition_change_sefnc_week_52;sefnc_when_anxious_v10;Hvor sikker er du på, at du kan følge din kost, når du føler dig ængstelig?;6;50%;50%;;;;
selfefficacy_for_nutrition_change_sefnc_week_52;sefnc_on_vacation_v10;Hvor sikker er du på, at du kan følge din kost, når du er på ferie?;6;50%;50%;;;;
selfefficacy_for_nutrition_change_sefnc_week_52;sefnc_when_busy_v10;Hvor sikker er du på, at du kan følge din kost, når du har meget arbejde at lave?;6;50%;50%;;;;
selfefficacy_for_nutrition_change_sefnc_week_52;sefnc_when_missed_goals_v10;Hvor sikker er du på, at du kan følge din kost, når du ikke har nået dine kostmål?;6;50%;50%;;;;
selfefficacy_for_nutrition_change_sefnc_week_52;sefnc_no_support_v10;Hvor sikker er du på, at du kan følge din kost, når du ikke får støtte fra familie/venner?;6;50%;50%;;;;
selfefficacy_for_nutrition_change_sefnc_week_52;sefnc_ubusy_schedule_v10;Hvor sikker er du på, at du kan følge din kost, når dit skema er hektisk (er ressource- og/eller tidskrævende)?;6;50%;50%;;;;
sefnc_baseline_v4;sefnc_when_tired;Hvor sikker er du på, at du kan følge din kost, når du er træt?;7;60%;60%;;;;
sefnc_baseline_v4;sefnc_during_crisis;Hvor sikker er du på, at du kan følge din kost under eller efter en personlig krise?;7;60%;60%;;;;
sefnc_baseline_v4;sefnc_when_depressed;Hvor sikker er du på, at du kan følge din kost, når du føler dig deprimeret?;7;60%;60%;;;;
sefnc_baseline_v4;sefnc_when_anxious;Hvor sikker er du på, at du kan følge din kost, når du føler dig ængstelig?;7;60%;60%;;;;
sefnc_baseline_v4;sefnc_on_vacation;Hvor sikker er du på, at du kan følge din kost, når du er på ferie?;7;60%;60%;;;;
sefnc_baseline_v4;sefnc_when_busy;Hvor sikker er du på, at du kan følge din kost, når du har meget arbejde at lave?;7;60%;60%;;;;
sefnc_baseline_v4;sefnc_when_missed_goals;Hvor sikker er du på, at du kan følge din kost, når du ikke har nået dine kostmål?;7;60%;60%;;;;
sefnc_baseline_v4;sefnc_no_support;Hvor sikker er du på, at du kan følge din kost, når du ikke får støtte fra familie/venner?;7;60%;60%;;;;
sefnc_baseline_v4;sefnc_busy_schedule;Hvor sikker er du på, at du kan følge din kost, når dit skema er hektisk (er ressource- og/eller tidskrævende)?;7;60%;60%;;;;
sefnc_week12_v6;sefnc_when_tired_v6;Hvor sikker er du på, at du kan følge din kost, når du er træt?;7;60%;60%;;;;
sefnc_week12_v6;sefnc_during_crisis_v6;Hvor sikker er du på, at du kan følge din kost under eller efter en personlig krise?;7;60%;60%;;;;
sefnc_week12_v6;sefnc_when_depressed_v6;Hvor sikker er du på, at du kan følge din kost, når du føler dig deprimeret?;7;60%;60%;;;;
sefnc_week12_v6;sefnc_when_anxious_v6;Hvor sikker er du på, at du kan følge din kost, når du føler dig ængstelig?;7;60%;60%;;;;
sefnc_week12_v6;sefnc_on_vacation_v6;Hvor sikker er du på, at du kan følge din kost, når du er på ferie?;7;60%;60%;;;;
sefnc_week12_v6;sefnc_when_busy_v6;Hvor sikker er du på, at du kan følge din kost, når du har meget arbejde at lave?;7;60%;60%;;;;
sefnc_week12_v6;sefnc_when_missed_goals_v6;Hvor sikker er du på, at du kan følge din kost, når du ikke har nået dine kostmål?;7;60%;60%;;;;
sefnc_week12_v6;sefnc_no_support_v6;Hvor sikker er du på, at du kan følge din kost, når du ikke får støtte fra familie/venner?;7;60%;60%;;;;
sefnc_week12_v6;sefnc_ubusy_schedule_v6;Hvor sikker er du på, at du kan følge din kost, når dit skema er hektisk (er ressource- og/eller tidskrævende)?;7;60%;60%;;;;
selfefficacy_for_nutrition_change_sefnc_week_52;sefnc_when_tired_v10;Hvor sikker er du på, at du kan følge din kost, når du er træt?;7;60%;60%;;;;
selfefficacy_for_nutrition_change_sefnc_week_52;sefnc_during_crisis_v10;Hvor sikker er du på, at du kan følge din kost under eller efter en personlig krise?;7;60%;60%;;;;
selfefficacy_for_nutrition_change_sefnc_week_52;sefnc_when_depressed_v10;Hvor sikker er du på, at du kan følge din kost, når du føler dig deprimeret?;7;60%;60%;;;;
selfefficacy_for_nutrition_change_sefnc_week_52;sefnc_when_anxious_v10;Hvor sikker er du på, at du kan følge din kost, når du føler dig ængstelig?;7;60%;60%;;;;
selfefficacy_for_nutrition_change_sefnc_week_52;sefnc_on_vacation_v10;Hvor sikker er du på, at du kan følge din kost, når du er på ferie?;7;60%;60%;;;;
selfefficacy_for_nutrition_change_sefnc_week_52;sefnc_when_busy_v10;Hvor sikker er du på, at du kan følge din kost, når du har meget arbejde at lave?;7;60%;60%;;;;
selfefficacy_for_nutrition_change_sefnc_week_52;sefnc_when_missed_goals_v10;Hvor sikker er du på, at du kan følge din kost, når du ikke har nået dine kostmål?;7;60%;60%;;;;
selfefficacy_for_nutrition_change_sefnc_week_52;sefnc_no_support_v10;Hvor sikker er du på, at du kan følge din kost, når du ikke får støtte fra familie/venner?;7;60%;60%;;;;
selfefficacy_for_nutrition_change_sefnc_week_52;sefnc_ubusy_schedule_v10;Hvor sikker er du på, at du kan følge din kost, når dit skema er hektisk (er ressource- og/eller tidskrævende)?;7;60%;60%;;;;
sefnc_baseline_v4;sefnc_when_tired;Hvor sikker er du på, at du kan følge din kost, når du er træt?;8;70%;70%;;;;
sefnc_baseline_v4;sefnc_during_crisis;Hvor sikker er du på, at du kan følge din kost under eller efter en personlig krise?;8;70%;70%;;;;
sefnc_baseline_v4;sefnc_when_depressed;Hvor sikker er du på, at du kan følge din kost, når du føler dig deprimeret?;8;70%;70%;;;;
sefnc_baseline_v4;sefnc_when_anxious;Hvor sikker er du på, at du kan følge din kost, når du føler dig ængstelig?;8;70%;70%;;;;
sefnc_baseline_v4;sefnc_on_vacation;Hvor sikker er du på, at du kan følge din kost, når du er på ferie?;8;70%;70%;;;;
sefnc_baseline_v4;sefnc_when_busy;Hvor sikker er du på, at du kan følge din kost, når du har meget arbejde at lave?;8;70%;70%;;;;
sefnc_baseline_v4;sefnc_when_missed_goals;Hvor sikker er du på, at du kan følge din kost, når du ikke har nået dine kostmål?;8;70%;70%;;;;
sefnc_baseline_v4;sefnc_no_support;Hvor sikker er du på, at du kan følge din kost, når du ikke får støtte fra familie/venner?;8;70%;70%;;;;
sefnc_baseline_v4;sefnc_busy_schedule;Hvor sikker er du på, at du kan følge din kost, når dit skema er hektisk (er ressource- og/eller tidskrævende)?;8;70%;70%;;;;
sefnc_week12_v6;sefnc_when_tired_v6;Hvor sikker er du på, at du kan følge din kost, når du er træt?;8;70%;70%;;;;
sefnc_week12_v6;sefnc_during_crisis_v6;Hvor sikker er du på, at du kan følge din kost under eller efter en personlig krise?;8;70%;70%;;;;
sefnc_week12_v6;sefnc_when_depressed_v6;Hvor sikker er du på, at du kan følge din kost, når du føler dig deprimeret?;8;70%;70%;;;;
sefnc_week12_v6;sefnc_when_anxious_v6;Hvor sikker er du på, at du kan følge din kost, når du føler dig ængstelig?;8;70%;70%;;;;
sefnc_week12_v6;sefnc_on_vacation_v6;Hvor sikker er du på, at du kan følge din kost, når du er på ferie?;8;70%;70%;;;;
sefnc_week12_v6;sefnc_when_busy_v6;Hvor sikker er du på, at du kan følge din kost, når du har meget arbejde at lave?;8;70%;70%;;;;
sefnc_week12_v6;sefnc_when_missed_goals_v6;Hvor sikker er du på, at du kan følge din kost, når du ikke har nået dine kostmål?;8;70%;70%;;;;
sefnc_week12_v6;sefnc_no_support_v6;Hvor sikker er du på, at du kan følge din kost, når du ikke får støtte fra familie/venner?;8;70%;70%;;;;
sefnc_week12_v6;sefnc_ubusy_schedule_v6;Hvor sikker er du på, at du kan følge din kost, når dit skema er hektisk (er ressource- og/eller tidskrævende)?;8;70%;70%;;;;
selfefficacy_for_nutrition_change_sefnc_week_52;sefnc_when_tired_v10;Hvor sikker er du på, at du kan følge din kost, når du er træt?;8;70%;70%;;;;
selfefficacy_for_nutrition_change_sefnc_week_52;sefnc_during_crisis_v10;Hvor sikker er du på, at du kan følge din kost under eller efter en personlig krise?;8;70%;70%;;;;
selfefficacy_for_nutrition_change_sefnc_week_52;sefnc_when_depressed_v10;Hvor sikker er du på, at du kan følge din kost, når du føler dig deprimeret?;8;70%;70%;;;;
selfefficacy_for_nutrition_change_sefnc_week_52;sefnc_when_anxious_v10;Hvor sikker er du på, at du kan følge din kost, når du føler dig ængstelig?;8;70%;70%;;;;
selfefficacy_for_nutrition_change_sefnc_week_52;sefnc_on_vacation_v10;Hvor sikker er du på, at du kan følge din kost, når du er på ferie?;8;70%;70%;;;;
selfefficacy_for_nutrition_change_sefnc_week_52;sefnc_when_busy_v10;Hvor sikker er du på, at du kan følge din kost, når du har meget arbejde at lave?;8;70%;70%;;;;
selfefficacy_for_nutrition_change_sefnc_week_52;sefnc_when_missed_goals_v10;Hvor sikker er du på, at du kan følge din kost, når du ikke har nået dine kostmål?;8;70%;70%;;;;
selfefficacy_for_nutrition_change_sefnc_week_52;sefnc_no_support_v10;Hvor sikker er du på, at du kan følge din kost, når du ikke får støtte fra familie/venner?;8;70%;70%;;;;
selfefficacy_for_nutrition_change_sefnc_week_52;sefnc_ubusy_schedule_v10;Hvor sikker er du på, at du kan følge din kost, når dit skema er hektisk (er ressource- og/eller tidskrævende)?;8;70%;70%;;;;
sefnc_baseline_v4;sefnc_when_tired;Hvor sikker er du på, at du kan følge din kost, når du er træt?;9;80%;80%;;;;
sefnc_baseline_v4;sefnc_during_crisis;Hvor sikker er du på, at du kan følge din kost under eller efter en personlig krise?;9;80%;80%;;;;
sefnc_baseline_v4;sefnc_when_depressed;Hvor sikker er du på, at du kan følge din kost, når du føler dig deprimeret?;9;80%;80%;;;;
sefnc_baseline_v4;sefnc_when_anxious;Hvor sikker er du på, at du kan følge din kost, når du føler dig ængstelig?;9;80%;80%;;;;
sefnc_baseline_v4;sefnc_on_vacation;Hvor sikker er du på, at du kan følge din kost, når du er på ferie?;9;80%;80%;;;;
sefnc_baseline_v4;sefnc_when_busy;Hvor sikker er du på, at du kan følge din kost, når du har meget arbejde at lave?;9;80%;80%;;;;
sefnc_baseline_v4;sefnc_when_missed_goals;Hvor sikker er du på, at du kan følge din kost, når du ikke har nået dine kostmål?;9;80%;80%;;;;
sefnc_baseline_v4;sefnc_no_support;Hvor sikker er du på, at du kan følge din kost, når du ikke får støtte fra familie/venner?;9;80%;80%;;;;
sefnc_baseline_v4;sefnc_busy_schedule;Hvor sikker er du på, at du kan følge din kost, når dit skema er hektisk (er ressource- og/eller tidskrævende)?;9;80%;80%;;;;
sefnc_week12_v6;sefnc_when_tired_v6;Hvor sikker er du på, at du kan følge din kost, når du er træt?;9;80%;80%;;;;
sefnc_week12_v6;sefnc_during_crisis_v6;Hvor sikker er du på, at du kan følge din kost under eller efter en personlig krise?;9;80%;80%;;;;
sefnc_week12_v6;sefnc_when_depressed_v6;Hvor sikker er du på, at du kan følge din kost, når du føler dig deprimeret?;9;80%;80%;;;;
sefnc_week12_v6;sefnc_when_anxious_v6;Hvor sikker er du på, at du kan følge din kost, når du føler dig ængstelig?;9;80%;80%;;;;
sefnc_week12_v6;sefnc_on_vacation_v6;Hvor sikker er du på, at du kan følge din kost, når du er på ferie?;9;80%;80%;;;;
sefnc_week12_v6;sefnc_when_busy_v6;Hvor sikker er du på, at du kan følge din kost, når du har meget arbejde at lave?;9;80%;80%;;;;
sefnc_week12_v6;sefnc_when_missed_goals_v6;Hvor sikker er du på, at du kan følge din kost, når du ikke har nået dine kostmål?;9;80%;80%;;;;
sefnc_week12_v6;sefnc_no_support_v6;Hvor sikker er du på, at du kan følge din kost, når du ikke får støtte fra familie/venner?;9;80%;80%;;;;
sefnc_week12_v6;sefnc_ubusy_schedule_v6;Hvor sikker er du på, at du kan følge din kost, når dit skema er hektisk (er ressource- og/eller tidskrævende)?;9;80%;80%;;;;
selfefficacy_for_nutrition_change_sefnc_week_52;sefnc_when_tired_v10;Hvor sikker er du på, at du kan følge din kost, når du er træt?;9;80%;80%;;;;
selfefficacy_for_nutrition_change_sefnc_week_52;sefnc_during_crisis_v10;Hvor sikker er du på, at du kan følge din kost under eller efter en personlig krise?;9;80%;80%;;;;
selfefficacy_for_nutrition_change_sefnc_week_52;sefnc_when_depressed_v10;Hvor sikker er du på, at du kan følge din kost, når du føler dig deprimeret?;9;80%;80%;;;;
selfefficacy_for_nutrition_change_sefnc_week_52;sefnc_when_anxious_v10;Hvor sikker er du på, at du kan følge din kost, når du føler dig ængstelig?;9;80%;80%;;;;
selfefficacy_for_nutrition_change_sefnc_week_52;sefnc_on_vacation_v10;Hvor sikker er du på, at du kan følge din kost, når du er på ferie?;9;80%;80%;;;;
selfefficacy_for_nutrition_change_sefnc_week_52;sefnc_when_busy_v10;Hvor sikker er du på, at du kan følge din kost, når du har meget arbejde at lave?;9;80%;80%;;;;
selfefficacy_for_nutrition_change_sefnc_week_52;sefnc_when_missed_goals_v10;Hvor sikker er du på, at du kan følge din kost, når du ikke har nået dine kostmål?;9;80%;80%;;;;
selfefficacy_for_nutrition_change_sefnc_week_52;sefnc_no_support_v10;Hvor sikker er du på, at du kan følge din kost, når du ikke får støtte fra familie/venner?;9;80%;80%;;;;
selfefficacy_for_nutrition_change_sefnc_week_52;sefnc_ubusy_schedule_v10;Hvor sikker er du på, at du kan følge din kost, når dit skema er hektisk (er ressource- og/eller tidskrævende)?;9;80%;80%;;;;
sefnc_baseline_v4;sefnc_when_tired;Hvor sikker er du på, at du kan følge din kost, når du er træt?;10;90%;90%;;;;
sefnc_baseline_v4;sefnc_during_crisis;Hvor sikker er du på, at du kan følge din kost under eller efter en personlig krise?;10;90%;90%;;;;
sefnc_baseline_v4;sefnc_when_depressed;Hvor sikker er du på, at du kan følge din kost, når du føler dig deprimeret?;10;90%;90%;;;;
sefnc_baseline_v4;sefnc_when_anxious;Hvor sikker er du på, at du kan følge din kost, når du føler dig ængstelig?;10;90%;90%;;;;
sefnc_baseline_v4;sefnc_on_vacation;Hvor sikker er du på, at du kan følge din kost, når du er på ferie?;10;90%;90%;;;;
sefnc_baseline_v4;sefnc_when_busy;Hvor sikker er du på, at du kan følge din kost, når du har meget arbejde at lave?;10;90%;90%;;;;
sefnc_baseline_v4;sefnc_when_missed_goals;Hvor sikker er du på, at du kan følge din kost, når du ikke har nået dine kostmål?;10;90%;90%;;;;
sefnc_baseline_v4;sefnc_no_support;Hvor sikker er du på, at du kan følge din kost, når du ikke får støtte fra familie/venner?;10;90%;90%;;;;
sefnc_baseline_v4;sefnc_busy_schedule;Hvor sikker er du på, at du kan følge din kost, når dit skema er hektisk (er ressource- og/eller tidskrævende)?;10;90%;90%;;;;
sefnc_week12_v6;sefnc_when_tired_v6;Hvor sikker er du på, at du kan følge din kost, når du er træt?;10;90%;90%;;;;
sefnc_week12_v6;sefnc_during_crisis_v6;Hvor sikker er du på, at du kan følge din kost under eller efter en personlig krise?;10;90%;90%;;;;
sefnc_week12_v6;sefnc_when_depressed_v6;Hvor sikker er du på, at du kan følge din kost, når du føler dig deprimeret?;10;90%;90%;;;;
sefnc_week12_v6;sefnc_when_anxious_v6;Hvor sikker er du på, at du kan følge din kost, når du føler dig ængstelig?;10;90%;90%;;;;
sefnc_week12_v6;sefnc_on_vacation_v6;Hvor sikker er du på, at du kan følge din kost, når du er på ferie?;10;90%;90%;;;;
sefnc_week12_v6;sefnc_when_busy_v6;Hvor sikker er du på, at du kan følge din kost, når du har meget arbejde at lave?;10;90%;90%;;;;
sefnc_week12_v6;sefnc_when_missed_goals_v6;Hvor sikker er du på, at du kan følge din kost, når du ikke har nået dine kostmål?;10;90%;90%;;;;
sefnc_week12_v6;sefnc_no_support_v6;Hvor sikker er du på, at du kan følge din kost, når du ikke får støtte fra familie/venner?;10;90%;90%;;;;
sefnc_week12_v6;sefnc_ubusy_schedule_v6;Hvor sikker er du på, at du kan følge din kost, når dit skema er hektisk (er ressource- og/eller tidskrævende)?;10;90%;90%;;;;
selfefficacy_for_nutrition_change_sefnc_week_52;sefnc_when_tired_v10;Hvor sikker er du på, at du kan følge din kost, når du er træt?;10;90%;90%;;;;
selfefficacy_for_nutrition_change_sefnc_week_52;sefnc_during_crisis_v10;Hvor sikker er du på, at du kan følge din kost under eller efter en personlig krise?;10;90%;90%;;;;
selfefficacy_for_nutrition_change_sefnc_week_52;sefnc_when_depressed_v10;Hvor sikker er du på, at du kan følge din kost, når du føler dig deprimeret?;10;90%;90%;;;;
selfefficacy_for_nutrition_change_sefnc_week_52;sefnc_when_anxious_v10;Hvor sikker er du på, at du kan følge din kost, når du føler dig ængstelig?;10;90%;90%;;;;
selfefficacy_for_nutrition_change_sefnc_week_52;sefnc_on_vacation_v10;Hvor sikker er du på, at du kan følge din kost, når du er på ferie?;10;90%;90%;;;;
selfefficacy_for_nutrition_change_sefnc_week_52;sefnc_when_busy_v10;Hvor sikker er du på, at du kan følge din kost, når du har meget arbejde at lave?;10;90%;90%;;;;
selfefficacy_for_nutrition_change_sefnc_week_52;sefnc_when_missed_goals_v10;Hvor sikker er du på, at du kan følge din kost, når du ikke har nået dine kostmål?;10;90%;90%;;;;
selfefficacy_for_nutrition_change_sefnc_week_52;sefnc_no_support_v10;Hvor sikker er du på, at du kan følge din kost, når du ikke får støtte fra familie/venner?;10;90%;90%;;;;
selfefficacy_for_nutrition_change_sefnc_week_52;sefnc_ubusy_schedule_v10;Hvor sikker er du på, at du kan følge din kost, når dit skema er hektisk (er ressource- og/eller tidskrævende)?;10;90%;90%;;;;
besg_1_screening;cgmreader_v1;Hvilken reader blev brugt til at indlæse sensoren?;1;1;1;;;;
besoegsdag_9;cgmreader_v9;Hvilken reader blev brugt til at indlæse sensoren?;1;1;1;;;;
gruppemde_uge_1;cgmreader_group_meeting_1;Hvilken reader blev brugt til at indlæse sensoren?;1;1;1;;;;
sefnc_baseline_v4;sefnc_when_tired;Hvor sikker er du på, at du kan følge din kost, når du er træt?;11;100%;100%;;;;
sefnc_baseline_v4;sefnc_during_crisis;Hvor sikker er du på, at du kan følge din kost under eller efter en personlig krise?;11;100%;100%;;;;
sefnc_baseline_v4;sefnc_when_depressed;Hvor sikker er du på, at du kan følge din kost, når du føler dig deprimeret?;11;100%;100%;;;;
sefnc_baseline_v4;sefnc_when_anxious;Hvor sikker er du på, at du kan følge din kost, når du føler dig ængstelig?;11;100%;100%;;;;
sefnc_baseline_v4;sefnc_on_vacation;Hvor sikker er du på, at du kan følge din kost, når du er på ferie?;11;100%;100%;;;;
sefnc_baseline_v4;sefnc_when_busy;Hvor sikker er du på, at du kan følge din kost, når du har meget arbejde at lave?;11;100%;100%;;;;
sefnc_baseline_v4;sefnc_when_missed_goals;Hvor sikker er du på, at du kan følge din kost, når du ikke har nået dine kostmål?;11;100%;100%;;;;
sefnc_baseline_v4;sefnc_no_support;Hvor sikker er du på, at du kan følge din kost, når du ikke får støtte fra familie/venner?;11;100%;100%;;;;
sefnc_baseline_v4;sefnc_busy_schedule;Hvor sikker er du på, at du kan følge din kost, når dit skema er hektisk (er ressource- og/eller tidskrævende)?;11;100%;100%;;;;
sefnc_week12_v6;sefnc_when_tired_v6;Hvor sikker er du på, at du kan følge din kost, når du er træt?;11;100%;100%;;;;
sefnc_week12_v6;sefnc_during_crisis_v6;Hvor sikker er du på, at du kan følge din kost under eller efter en personlig krise?;11;100%;100%;;;;
sefnc_week12_v6;sefnc_when_depressed_v6;Hvor sikker er du på, at du kan følge din kost, når du føler dig deprimeret?;11;100%;100%;;;;
sefnc_week12_v6;sefnc_when_anxious_v6;Hvor sikker er du på, at du kan følge din kost, når du føler dig ængstelig?;11;100%;100%;;;;
sefnc_week12_v6;sefnc_on_vacation_v6;Hvor sikker er du på, at du kan følge din kost, når du er på ferie?;11;100%;100%;;;;
sefnc_week12_v6;sefnc_when_busy_v6;Hvor sikker er du på, at du kan følge din kost, når du har meget arbejde at lave?;11;100%;100%;;;;
sefnc_week12_v6;sefnc_when_missed_goals_v6;Hvor sikker er du på, at du kan følge din kost, når du ikke har nået dine kostmål?;11;100%;100%;;;;
sefnc_week12_v6;sefnc_no_support_v6;Hvor sikker er du på, at du kan følge din kost, når du ikke får støtte fra familie/venner?;11;100%;100%;;;;
sefnc_week12_v6;sefnc_ubusy_schedule_v6;Hvor sikker er du på, at du kan følge din kost, når dit skema er hektisk (er ressource- og/eller tidskrævende)?;11;100%;100%;;;;
selfefficacy_for_nutrition_change_sefnc_week_52;sefnc_when_tired_v10;Hvor sikker er du på, at du kan følge din kost, når du er træt?;11;100%;100%;;;;
selfefficacy_for_nutrition_change_sefnc_week_52;sefnc_during_crisis_v10;Hvor sikker er du på, at du kan følge din kost under eller efter en personlig krise?;11;100%;100%;;;;
selfefficacy_for_nutrition_change_sefnc_week_52;sefnc_when_depressed_v10;Hvor sikker er du på, at du kan følge din kost, når du føler dig deprimeret?;11;100%;100%;;;;
selfefficacy_for_nutrition_change_sefnc_week_52;sefnc_when_anxious_v10;Hvor sikker er du på, at du kan følge din kost, når du føler dig ængstelig?;11;100%;100%;;;;
selfefficacy_for_nutrition_change_sefnc_week_52;sefnc_on_vacation_v10;Hvor sikker er du på, at du kan følge din kost, når du er på ferie?;11;100%;100%;;;;
selfefficacy_for_nutrition_change_sefnc_week_52;sefnc_when_busy_v10;Hvor sikker er du på, at du kan følge din kost, når du har meget arbejde at lave?;11;100%;100%;;;;
selfefficacy_for_nutrition_change_sefnc_week_52;sefnc_when_missed_goals_v10;Hvor sikker er du på, at du kan følge din kost, når du ikke har nået dine kostmål?;11;100%;100%;;;;
selfefficacy_for_nutrition_change_sefnc_week_52;sefnc_no_support_v10;Hvor sikker er du på, at du kan følge din kost, når du ikke får støtte fra familie/venner?;11;100%;100%;;;;
selfefficacy_for_nutrition_change_sefnc_week_52;sefnc_ubusy_schedule_v10;Hvor sikker er du på, at du kan følge din kost, når dit skema er hektisk (er ressource- og/eller tidskrævende)?;11;100%;100%;;;;
besg_1_screening;cgmreader_v1;Hvilken reader blev brugt til at indlæse sensoren?;2;2;2;;;;
besoegsdag_9;cgmreader_v9;Hvilken reader blev brugt til at indlæse sensoren?;2;2;2;;;;
gruppemde_uge_1;cgmreader_group_meeting_1;Hvilken reader blev brugt til at indlæse sensoren?;2;2;2;;;;
besg_1_screening;cgmreader_v1;Hvilken reader blev brugt til at indlæse sensoren?;3;3;3;;;;
besoegsdag_9;cgmreader_v9;Hvilken reader blev brugt til at indlæse sensoren?;3;3;3;;;;
gruppemde_uge_1;cgmreader_group_meeting_1;Hvilken reader blev brugt til at indlæse sensoren?;3;3;3;;;;
ekstra_kontakt;contact_direct_time;Tidsforbrug, direkte kontakt Hvor lang tid er der samlet brugt i direkte kontakt med deltageren (telefon, video eller fysisk fremmøde)?;10;> 45 minutter;> 45 minutes;;;;
ekstra_kontakt;contact_administration_time;Tidsforbrug, administrativt arbejde i forbindelse med denne kontaktHvor lang tid er der samlet brugt på administrativt arbejde i forbindelse med denne kontakt med deltageren (dokumentation, booking, mails, koordinering m.m.)?;10;> 45 minutter;> 45 minutes;;;;
yale_food_addiction_scale_yfas;yfas_attempt_frequency;Hvor mange gange det seneste år har du forsøgt at skære ned på eller stoppe helt med at spise visse fødevarer?;0;0 gange;0 times;;;;
ekstra_kontakt;contact_direct_time;Tidsforbrug, direkte kontakt Hvor lang tid er der samlet brugt i direkte kontakt med deltageren (telefon, video eller fysisk fremmøde)?;1;0-5 minutter;0-5 minutes;;;;
ekstra_kontakt;contact_administration_time;Tidsforbrug, administrativt arbejde i forbindelse med denne kontaktHvor lang tid er der samlet brugt på administrativt arbejde i forbindelse med denne kontakt med deltageren (dokumentation, booking, mails, koordinering m.m.)?;1;0-5 minutter;0-5 minutes;;;;
yale_food_addiction_scale_yfas;yfas_attempt_frequency;Hvor mange gange det seneste år har du forsøgt at skære ned på eller stoppe helt med at spise visse fødevarer?;1;1 gang;Once;;;;
yale_food_addiction_scale_yfas;yfas_overeat_unplanned;Når jeg begyndte at spise visse fødevarer, spiste jeg meget mere, end jeg havde planlagt.;3;1 gang om måneden;Once a month;;;;
yale_food_addiction_scale_yfas;yfas_eat_when_full;Jeg fortsatte med at spise visse fødevarer, selvom jeg ikke længere var sulten.;3;1 gang om måneden;Once a month;;;;
yale_food_addiction_scale_yfas;yfas_eat_until_sick;Jeg spiste, indtil jeg fik det fysisk dårligt.;3;1 gang om måneden;Once a month;;;;
yale_food_addiction_scale_yfas;yfas_worry_restrict;Jeg bekymrede mig meget om at skære ned på visse typer fødevarer, men jeg spiste dem alligevel.;3;1 gang om måneden;Once a month;;;;
yale_food_addiction_scale_yfas;yfas_tired_overeating;Jeg brugte meget tid på at føle mig træt eller uoplagt efter at have overspist.;3;1 gang om måneden;Once a month;;;;
yale_food_addiction_scale_yfas;yfas_constant_eating;Jeg brugte meget tid på at spise visse fødevarer i løbet af dagen.;3;1 gang om måneden;Once a month;;;;
yale_food_addiction_scale_yfas;yfas_go_far_for_food;Når visse fødevarer ikke var tilgængelige, gjorde jeg en ekstra indsats for at få fat i dem. For eksempel gik jeg i supermarkedet for at købe bestemte fødevarer, selvom jeg havde andre ting at spise derhjemme.;3;1 gang om måneden;Once a month;;;;
yale_food_addiction_scale_yfas;yfas_food_interference;Jeg spiste visse fødevarer så ofte eller i så store mængder, at jeg holdt op med at gøre andre vigtige ting. Det kunne for eksempel være at arbejde eller bruge tid med familie eller venner.;3;1 gang om måneden;Once a month;;;;
yale_food_addiction_scale_yfas;yfas_problems_overeat;Jeg havde problemer med min familie eller mine venner på grund af, hvor meget jeg overspiste.;3;1 gang om måneden;Once a month;;;;
yale_food_addiction_scale_yfas;yfas_avoid_situations;Jeg undgik arbejde, skole eller sociale aktiviteter, fordi jeg var bange for, at jeg ville overspise.;3;1 gang om måneden;Once a month;;;;
yale_food_addiction_scale_yfas;yfas_avoid_cut_food_sad;Når jeg skar ned på eller stoppede med at spise visse fødevarer, følte jeg mig irritabel, nervøs eller trist til mode.;3;1 gang om måneden;Once a month;;;;
yale_food_addiction_scale_yfas;yfas_withdrawals;Hvis jeg havde fysiske symptomer (f.eks. hovedpine eller træthed), fordi jeg ikke havde spist bestemte fødevarer, spiste jeg dem for at få det bedre.;3;1 gang om måneden;Once a month;;;;
yale_food_addiction_scale_yfas;yfas_eat_emotions;Hvis jeg havde følelsesmæssige problemer, fordi jeg ikke havde spist bestemte fødevarer, spiste jeg dem for at få det bedre.;3;1 gang om måneden;Once a month;;;;
yale_food_addiction_scale_yfas;yfas_phys_sympt;Når jeg skar ned på eller stoppede med at spise visse fødevarer, fik jeg fysiske symptomer (f.eks. hovedpine eller træthed).;3;1 gang om måneden;Once a month;;;;
yale_food_addiction_scale_yfas;yfas_craving_reduced;Når jeg skar ned på eller stoppede med at spise visse fødevarer, fik jeg stærk trang til dem.;3;1 gang om måneden;Once a month;;;;
yale_food_addiction_scale_yfas;yfas_food_stress;Min spisning gav mig stor følelsesmæssig ubehag.;3;1 gang om måneden;Once a month;;;;
yale_food_addiction_scale_yfas;yfas_function_problems;Jeg havde betydelige problemer i mit liv på grund af mad og spisning. Det kunne for eksempel være problemer med mine daglige rutiner, arbejde, skole, venner, familie eller mit helbred.;3;1 gang om måneden;Once a month;;;;
yale_food_addiction_scale_yfas;yfas_felt_bad_overeat;Jeg havde det så dårligt over at have overspist, at jeg ikke fik gjort andre vigtige ting. Det kunne for eksempel være at arbejde eller bruge tid med familie eller venner.;3;1 gang om måneden;Once a month;;;;
yale_food_addiction_scale_yfas;yfas_overeat_neglect;Min overspisning gjorde det svært for mig at tage mig af min familie eller foretage huslige pligter.;3;1 gang om måneden;Once a month;;;;
yale_food_addiction_scale_yfas;yfas_avoid_no_foods;Jeg undgik arbejde, skole eller sociale arrangementer, fordi jeg ikke kunne spise visse fødevarer.;3;1 gang om måneden;Once a month;;;;
yale_food_addiction_scale_yfas;yfas_avoid_appreciation;Jeg undgik sociale situationer, fordi andre ikke ville acceptere, hvor meget jeg spiste.;3;1 gang om måneden;Once a month;;;;
yale_food_addiction_scale_yfas;yfas_emotion_same_way;Jeg fortsatte med at spise på samme måde, selvom min spisning gav mig følelsesmæssige problemer.;3;1 gang om måneden;Once a month;;;;
yale_food_addiction_scale_yfas;yfas_physical_same_way;Jeg fortsatte med at spise på samme måde, selvom min spisning gav mig fysiske problemer (f.eks. hovedpine eller træthed).;3;1 gang om måneden;Once a month;;;;
yale_food_addiction_scale_yfas;yfas_same_eat_no_joy;At spise den samme mængde mad gav mig ikke lige så meget nydelse som før.;3;1 gang om måneden;Once a month;;;;
yale_food_addiction_scale_yfas;yfas_stop_eat_not_able;Jeg ville virkelig gerne skære ned på eller stoppe med at spise visse typer mad, men jeg kunne bare ikke.;3;1 gang om måneden;Once a month;;;;
yale_food_addiction_scale_yfas;yfas_eat_more_same_feel;Jeg havde brug for at spise mere og mere for at få de følelser, jeg ønskede fra mad. Det kunne være at mindske negative følelser som tristhed eller øge nydelsen.;3;1 gang om måneden;Once a month;;;;
yale_food_addiction_scale_yfas;yfas_do_bad_overeat;Jeg klarede mig dårligt på arbejde eller i skole, fordi jeg spiste for meget.;3;1 gang om måneden;Once a month;;;;
yale_food_addiction_scale_yfas;yfas_keep_harmful_eat;Jeg fortsatte med at spise visse fødevarer, selvom jeg vidste, at det var skadeligt for mit helbred. For eksempel spiste jeg stadig søde sager, selvom jeg havde diabetes, eller jeg spiste fed mad, selvom jeg havde hjerte-kar-sygdom.;3;1 gang om måneden;Once a month;;;;
yale_food_addiction_scale_yfas;yfas_urge_cannot_think;Jeg havde så stærk trang til visse fødevarer, at jeg ikke kunne tænke på andet.;3;1 gang om måneden;Once a month;;;;
yale_food_addiction_scale_yfas;yfas_urge_eat_now;Jeg havde så intens lyst til visse fødevarer, at jeg følte, jeg måtte spise dem med det samme.;3;1 gang om måneden;Once a month;;;;
yale_food_addiction_scale_yfas;yfas_no_succes_stop_eat;Jeg forsøgte at skære ned på eller lade være med at spise bestemte typer mad, men det lykkedes mig ikke.;3;1 gang om måneden;Once a month;;;;
yale_food_addiction_scale_yfas;yfas_no_succ_keep_stop;Jeg forsøgte og mislykkedes med at skære ned på eller stoppe med at spise visse fødevarer.;3;1 gang om måneden;Once a month;;;;
yale_food_addiction_scale_yfas;yfas_distract_eat_hurt;Jeg var så distraheret af at spise, at jeg kunne være kommet til skade (f.eks. når jeg kørte bil, gik over vejen eller betjente maskiner).;3;1 gang om måneden;Once a month;;;;
yale_food_addiction_scale_yfas;yfas_dist_think_hurt;Jeg var så optaget af tanker om mad, at jeg kunne være kommet til skade (f.eks. når jeg kørte bil, gik over vejen eller betjente maskiner).;3;1 gang om måneden;Once a month;;;;
yale_food_addiction_scale_yfas;yfas_fam_friends_worry;Mine venner eller min familie var bekymrede over, hvor meget jeg overspiste.;3;1 gang om måneden;Once a month;;;;
yale_food_addiction_scale_yfas;yfas_overeat_unplanned;Når jeg begyndte at spise visse fødevarer, spiste jeg meget mere, end jeg havde planlagt.;5;1 gang om ugen;Once a week;;;;
yale_food_addiction_scale_yfas;yfas_eat_when_full;Jeg fortsatte med at spise visse fødevarer, selvom jeg ikke længere var sulten.;5;1 gang om ugen;Once a week;;;;
yale_food_addiction_scale_yfas;yfas_eat_until_sick;Jeg spiste, indtil jeg fik det fysisk dårligt.;5;1 gang om ugen;Once a week;;;;
yale_food_addiction_scale_yfas;yfas_worry_restrict;Jeg bekymrede mig meget om at skære ned på visse typer fødevarer, men jeg spiste dem alligevel.;5;1 gang om ugen;Once a week;;;;
yale_food_addiction_scale_yfas;yfas_tired_overeating;Jeg brugte meget tid på at føle mig træt eller uoplagt efter at have overspist.;5;1 gang om ugen;Once a week;;;;
yale_food_addiction_scale_yfas;yfas_constant_eating;Jeg brugte meget tid på at spise visse fødevarer i løbet af dagen.;5;1 gang om ugen;Once a week;;;;
yale_food_addiction_scale_yfas;yfas_go_far_for_food;Når visse fødevarer ikke var tilgængelige, gjorde jeg en ekstra indsats for at få fat i dem. For eksempel gik jeg i supermarkedet for at købe bestemte fødevarer, selvom jeg havde andre ting at spise derhjemme.;5;1 gang om ugen;Once a week;;;;
yale_food_addiction_scale_yfas;yfas_food_interference;Jeg spiste visse fødevarer så ofte eller i så store mængder, at jeg holdt op med at gøre andre vigtige ting. Det kunne for eksempel være at arbejde eller bruge tid med familie eller venner.;5;1 gang om ugen;Once a week;;;;
yale_food_addiction_scale_yfas;yfas_problems_overeat;Jeg havde problemer med min familie eller mine venner på grund af, hvor meget jeg overspiste.;5;1 gang om ugen;Once a week;;;;
yale_food_addiction_scale_yfas;yfas_avoid_situations;Jeg undgik arbejde, skole eller sociale aktiviteter, fordi jeg var bange for, at jeg ville overspise.;5;1 gang om ugen;Once a week;;;;
yale_food_addiction_scale_yfas;yfas_avoid_cut_food_sad;Når jeg skar ned på eller stoppede med at spise visse fødevarer, følte jeg mig irritabel, nervøs eller trist til mode.;5;1 gang om ugen;Once a week;;;;
yale_food_addiction_scale_yfas;yfas_withdrawals;Hvis jeg havde fysiske symptomer (f.eks. hovedpine eller træthed), fordi jeg ikke havde spist bestemte fødevarer, spiste jeg dem for at få det bedre.;5;1 gang om ugen;Once a week;;;;
yale_food_addiction_scale_yfas;yfas_eat_emotions;Hvis jeg havde følelsesmæssige problemer, fordi jeg ikke havde spist bestemte fødevarer, spiste jeg dem for at få det bedre.;5;1 gang om ugen;Once a week;;;;
yale_food_addiction_scale_yfas;yfas_phys_sympt;Når jeg skar ned på eller stoppede med at spise visse fødevarer, fik jeg fysiske symptomer (f.eks. hovedpine eller træthed).;5;1 gang om ugen;Once a week;;;;
yale_food_addiction_scale_yfas;yfas_craving_reduced;Når jeg skar ned på eller stoppede med at spise visse fødevarer, fik jeg stærk trang til dem.;5;1 gang om ugen;Once a week;;;;
yale_food_addiction_scale_yfas;yfas_food_stress;Min spisning gav mig stor følelsesmæssig ubehag.;5;1 gang om ugen;Once a week;;;;
yale_food_addiction_scale_yfas;yfas_function_problems;Jeg havde betydelige problemer i mit liv på grund af mad og spisning. Det kunne for eksempel være problemer med mine daglige rutiner, arbejde, skole, venner, familie eller mit helbred.;5;1 gang om ugen;Once a week;;;;
yale_food_addiction_scale_yfas;yfas_felt_bad_overeat;Jeg havde det så dårligt over at have overspist, at jeg ikke fik gjort andre vigtige ting. Det kunne for eksempel være at arbejde eller bruge tid med familie eller venner.;5;1 gang om ugen;Once a week;;;;
yale_food_addiction_scale_yfas;yfas_overeat_neglect;Min overspisning gjorde det svært for mig at tage mig af min familie eller foretage huslige pligter.;5;1 gang om ugen;Once a week;;;;
yale_food_addiction_scale_yfas;yfas_avoid_no_foods;Jeg undgik arbejde, skole eller sociale arrangementer, fordi jeg ikke kunne spise visse fødevarer.;5;1 gang om ugen;Once a week;;;;
yale_food_addiction_scale_yfas;yfas_avoid_appreciation;Jeg undgik sociale situationer, fordi andre ikke ville acceptere, hvor meget jeg spiste.;5;1 gang om ugen;Once a week;;;;
yale_food_addiction_scale_yfas;yfas_emotion_same_way;Jeg fortsatte med at spise på samme måde, selvom min spisning gav mig følelsesmæssige problemer.;5;1 gang om ugen;Once a week;;;;
yale_food_addiction_scale_yfas;yfas_physical_same_way;Jeg fortsatte med at spise på samme måde, selvom min spisning gav mig fysiske problemer (f.eks. hovedpine eller træthed).;5;1 gang om ugen;Once a week;;;;
yale_food_addiction_scale_yfas;yfas_same_eat_no_joy;At spise den samme mængde mad gav mig ikke lige så meget nydelse som før.;5;1 gang om ugen;Once a week;;;;
yale_food_addiction_scale_yfas;yfas_stop_eat_not_able;Jeg ville virkelig gerne skære ned på eller stoppe med at spise visse typer mad, men jeg kunne bare ikke.;5;1 gang om ugen;Once a week;;;;
yale_food_addiction_scale_yfas;yfas_eat_more_same_feel;Jeg havde brug for at spise mere og mere for at få de følelser, jeg ønskede fra mad. Det kunne være at mindske negative følelser som tristhed eller øge nydelsen.;5;1 gang om ugen;Once a week;;;;
yale_food_addiction_scale_yfas;yfas_do_bad_overeat;Jeg klarede mig dårligt på arbejde eller i skole, fordi jeg spiste for meget.;5;1 gang om ugen;Once a week;;;;
yale_food_addiction_scale_yfas;yfas_keep_harmful_eat;Jeg fortsatte med at spise visse fødevarer, selvom jeg vidste, at det var skadeligt for mit helbred. For eksempel spiste jeg stadig søde sager, selvom jeg havde diabetes, eller jeg spiste fed mad, selvom jeg havde hjerte-kar-sygdom.;5;1 gang om ugen;Once a week;;;;
yale_food_addiction_scale_yfas;yfas_urge_cannot_think;Jeg havde så stærk trang til visse fødevarer, at jeg ikke kunne tænke på andet.;5;1 gang om ugen;Once a week;;;;
yale_food_addiction_scale_yfas;yfas_urge_eat_now;Jeg havde så intens lyst til visse fødevarer, at jeg følte, jeg måtte spise dem med det samme.;5;1 gang om ugen;Once a week;;;;
yale_food_addiction_scale_yfas;yfas_no_succes_stop_eat;Jeg forsøgte at skære ned på eller lade være med at spise bestemte typer mad, men det lykkedes mig ikke.;5;1 gang om ugen;Once a week;;;;
yale_food_addiction_scale_yfas;yfas_no_succ_keep_stop;Jeg forsøgte og mislykkedes med at skære ned på eller stoppe med at spise visse fødevarer.;5;1 gang om ugen;Once a week;;;;
yale_food_addiction_scale_yfas;yfas_distract_eat_hurt;Jeg var så distraheret af at spise, at jeg kunne være kommet til skade (f.eks. når jeg kørte bil, gik over vejen eller betjente maskiner).;5;1 gang om ugen;Once a week;;;;
yale_food_addiction_scale_yfas;yfas_dist_think_hurt;Jeg var så optaget af tanker om mad, at jeg kunne være kommet til skade (f.eks. når jeg kørte bil, gik over vejen eller betjente maskiner).;5;1 gang om ugen;Once a week;;;;
yale_food_addiction_scale_yfas;yfas_fam_friends_worry;Mine venner eller min familie var bekymrede over, hvor meget jeg overspiste.;5;1 gang om ugen;Once a week;;;;
besoegsdag_4;vo2max_test_type_v4;Hvilken testprotokol blev kørt?;1;1. Let;1. Easy ;;;;
besgsdag_6;vo2max_test_type_v6;Hvilken testprotokol blev kørt?;1;1. Let;1. Easy ;;;;
besgsdag_8;vo2max_test_type_v8;Hvilken testprotokol blev kørt?;1;1. Let;1. Easy ;;;;
besgsdag_10_5f76;vo2max_test_type_v10;Hvilken testprotokol blev kørt?;1;1. Let;1. Easy ;;;;
sociodemografiske_karakteristika;socde_education_school;Hvilken skole- eller ungdomsuddannelse har du?;4;10-11 års skolegang;10-11 years of schooling;;;;
ekstra_kontakt;contact_direct_time;Tidsforbrug, direkte kontakt Hvor lang tid er der samlet brugt i direkte kontakt med deltageren (telefon, video eller fysisk fremmøde)?;3;11-15 minutter;11-15 minutes;;;;
ekstra_kontakt;contact_administration_time;Tidsforbrug, administrativt arbejde i forbindelse med denne kontaktHvor lang tid er der samlet brugt på administrativt arbejde i forbindelse med denne kontakt med deltageren (dokumentation, booking, mails, koordinering m.m.)?;3;11-15 minutter;11-15 minutes;;;;
ekstra_kontakt;contact_direct_time;Tidsforbrug, direkte kontakt Hvor lang tid er der samlet brugt i direkte kontakt med deltageren (telefon, video eller fysisk fremmøde)?;4;16-20 minutter;16-20 minutes;;;;
ekstra_kontakt;contact_administration_time;Tidsforbrug, administrativt arbejde i forbindelse med denne kontaktHvor lang tid er der samlet brugt på administrativt arbejde i forbindelse med denne kontakt med deltageren (dokumentation, booking, mails, koordinering m.m.)?;4;16-20 minutter;16-20 minutes;;;;
yale_food_addiction_scale_yfas;yfas_attempt_frequency;Hvor mange gange det seneste år har du forsøgt at skære ned på eller stoppe helt med at spise visse fødevarer?;2;2 gange;Twice;;;;
yale_food_addiction_scale_yfas;yfas_overeat_unplanned;Når jeg begyndte at spise visse fødevarer, spiste jeg meget mere, end jeg havde planlagt.;4;2-3 gange om måneden;Two-three times a month;;;;
yale_food_addiction_scale_yfas;yfas_eat_when_full;Jeg fortsatte med at spise visse fødevarer, selvom jeg ikke længere var sulten.;4;2-3 gange om måneden;Two-three times a month;;;;
yale_food_addiction_scale_yfas;yfas_eat_until_sick;Jeg spiste, indtil jeg fik det fysisk dårligt.;4;2-3 gange om måneden;Two-three times a month;;;;
yale_food_addiction_scale_yfas;yfas_worry_restrict;Jeg bekymrede mig meget om at skære ned på visse typer fødevarer, men jeg spiste dem alligevel.;4;2-3 gange om måneden;Two-three times a month;;;;
yale_food_addiction_scale_yfas;yfas_tired_overeating;Jeg brugte meget tid på at føle mig træt eller uoplagt efter at have overspist.;4;2-3 gange om måneden;Two-three times a month;;;;
yale_food_addiction_scale_yfas;yfas_constant_eating;Jeg brugte meget tid på at spise visse fødevarer i løbet af dagen.;4;2-3 gange om måneden;Two-three times a month;;;;
yale_food_addiction_scale_yfas;yfas_go_far_for_food;Når visse fødevarer ikke var tilgængelige, gjorde jeg en ekstra indsats for at få fat i dem. For eksempel gik jeg i supermarkedet for at købe bestemte fødevarer, selvom jeg havde andre ting at spise derhjemme.;4;2-3 gange om måneden;Two-three times a month;;;;
yale_food_addiction_scale_yfas;yfas_food_interference;Jeg spiste visse fødevarer så ofte eller i så store mængder, at jeg holdt op med at gøre andre vigtige ting. Det kunne for eksempel være at arbejde eller bruge tid med familie eller venner.;4;2-3 gange om måneden;Two-three times a month;;;;
yale_food_addiction_scale_yfas;yfas_problems_overeat;Jeg havde problemer med min familie eller mine venner på grund af, hvor meget jeg overspiste.;4;2-3 gange om måneden;Two-three times a month;;;;
yale_food_addiction_scale_yfas;yfas_avoid_situations;Jeg undgik arbejde, skole eller sociale aktiviteter, fordi jeg var bange for, at jeg ville overspise.;4;2-3 gange om måneden;Two-three times a month;;;;
yale_food_addiction_scale_yfas;yfas_avoid_cut_food_sad;Når jeg skar ned på eller stoppede med at spise visse fødevarer, følte jeg mig irritabel, nervøs eller trist til mode.;4;2-3 gange om måneden;Two-three times a month;;;;
yale_food_addiction_scale_yfas;yfas_withdrawals;Hvis jeg havde fysiske symptomer (f.eks. hovedpine eller træthed), fordi jeg ikke havde spist bestemte fødevarer, spiste jeg dem for at få det bedre.;4;2-3 gange om måneden;Two-three times a month;;;;
yale_food_addiction_scale_yfas;yfas_eat_emotions;Hvis jeg havde følelsesmæssige problemer, fordi jeg ikke havde spist bestemte fødevarer, spiste jeg dem for at få det bedre.;4;2-3 gange om måneden;Two-three times a month;;;;
yale_food_addiction_scale_yfas;yfas_phys_sympt;Når jeg skar ned på eller stoppede med at spise visse fødevarer, fik jeg fysiske symptomer (f.eks. hovedpine eller træthed).;4;2-3 gange om måneden;Two-three times a month;;;;
yale_food_addiction_scale_yfas;yfas_craving_reduced;Når jeg skar ned på eller stoppede med at spise visse fødevarer, fik jeg stærk trang til dem.;4;2-3 gange om måneden;Two-three times a month;;;;
yale_food_addiction_scale_yfas;yfas_food_stress;Min spisning gav mig stor følelsesmæssig ubehag.;4;2-3 gange om måneden;Two-three times a month;;;;
yale_food_addiction_scale_yfas;yfas_function_problems;Jeg havde betydelige problemer i mit liv på grund af mad og spisning. Det kunne for eksempel være problemer med mine daglige rutiner, arbejde, skole, venner, familie eller mit helbred.;4;2-3 gange om måneden;Two-three times a month;;;;
yale_food_addiction_scale_yfas;yfas_felt_bad_overeat;Jeg havde det så dårligt over at have overspist, at jeg ikke fik gjort andre vigtige ting. Det kunne for eksempel være at arbejde eller bruge tid med familie eller venner.;4;2-3 gange om måneden;Two-three times a month;;;;
yale_food_addiction_scale_yfas;yfas_overeat_neglect;Min overspisning gjorde det svært for mig at tage mig af min familie eller foretage huslige pligter.;4;2-3 gange om måneden;Two-three times a month;;;;
yale_food_addiction_scale_yfas;yfas_avoid_no_foods;Jeg undgik arbejde, skole eller sociale arrangementer, fordi jeg ikke kunne spise visse fødevarer.;4;2-3 gange om måneden;Two-three times a month;;;;
yale_food_addiction_scale_yfas;yfas_avoid_appreciation;Jeg undgik sociale situationer, fordi andre ikke ville acceptere, hvor meget jeg spiste.;4;2-3 gange om måneden;Two-three times a month;;;;
yale_food_addiction_scale_yfas;yfas_emotion_same_way;Jeg fortsatte med at spise på samme måde, selvom min spisning gav mig følelsesmæssige problemer.;4;2-3 gange om måneden;Two-three times a month;;;;
yale_food_addiction_scale_yfas;yfas_physical_same_way;Jeg fortsatte med at spise på samme måde, selvom min spisning gav mig fysiske problemer (f.eks. hovedpine eller træthed).;4;2-3 gange om måneden;Two-three times a month;;;;
yale_food_addiction_scale_yfas;yfas_same_eat_no_joy;At spise den samme mængde mad gav mig ikke lige så meget nydelse som før.;4;2-3 gange om måneden;Two-three times a month;;;;
yale_food_addiction_scale_yfas;yfas_stop_eat_not_able;Jeg ville virkelig gerne skære ned på eller stoppe med at spise visse typer mad, men jeg kunne bare ikke.;4;2-3 gange om måneden;Two-three times a month;;;;
yale_food_addiction_scale_yfas;yfas_eat_more_same_feel;Jeg havde brug for at spise mere og mere for at få de følelser, jeg ønskede fra mad. Det kunne være at mindske negative følelser som tristhed eller øge nydelsen.;4;2-3 gange om måneden;Two-three times a month;;;;
yale_food_addiction_scale_yfas;yfas_do_bad_overeat;Jeg klarede mig dårligt på arbejde eller i skole, fordi jeg spiste for meget.;4;2-3 gange om måneden;Two-three times a month;;;;
yale_food_addiction_scale_yfas;yfas_keep_harmful_eat;Jeg fortsatte med at spise visse fødevarer, selvom jeg vidste, at det var skadeligt for mit helbred. For eksempel spiste jeg stadig søde sager, selvom jeg havde diabetes, eller jeg spiste fed mad, selvom jeg havde hjerte-kar-sygdom.;4;2-3 gange om måneden;Two-three times a month;;;;
yale_food_addiction_scale_yfas;yfas_urge_cannot_think;Jeg havde så stærk trang til visse fødevarer, at jeg ikke kunne tænke på andet.;4;2-3 gange om måneden;Two-three times a month;;;;
yale_food_addiction_scale_yfas;yfas_urge_eat_now;Jeg havde så intens lyst til visse fødevarer, at jeg følte, jeg måtte spise dem med det samme.;4;2-3 gange om måneden;Two-three times a month;;;;
yale_food_addiction_scale_yfas;yfas_no_succes_stop_eat;Jeg forsøgte at skære ned på eller lade være med at spise bestemte typer mad, men det lykkedes mig ikke.;4;2-3 gange om måneden;Two-three times a month;;;;
yale_food_addiction_scale_yfas;yfas_no_succ_keep_stop;Jeg forsøgte og mislykkedes med at skære ned på eller stoppe med at spise visse fødevarer.;4;2-3 gange om måneden;Two-three times a month;;;;
yale_food_addiction_scale_yfas;yfas_distract_eat_hurt;Jeg var så distraheret af at spise, at jeg kunne være kommet til skade (f.eks. når jeg kørte bil, gik over vejen eller betjente maskiner).;4;2-3 gange om måneden;Two-three times a month;;;;
yale_food_addiction_scale_yfas;yfas_dist_think_hurt;Jeg var så optaget af tanker om mad, at jeg kunne være kommet til skade (f.eks. når jeg kørte bil, gik over vejen eller betjente maskiner).;4;2-3 gange om måneden;Two-three times a month;;;;
yale_food_addiction_scale_yfas;yfas_fam_friends_worry;Mine venner eller min familie var bekymrede over, hvor meget jeg overspiste.;4;2-3 gange om måneden;Two-three times a month;;;;
yale_food_addiction_scale_yfas;yfas_overeat_unplanned;Når jeg begyndte at spise visse fødevarer, spiste jeg meget mere, end jeg havde planlagt.;6;2-3 gange om ugen;Two-three times a week;;;;
yale_food_addiction_scale_yfas;yfas_eat_when_full;Jeg fortsatte med at spise visse fødevarer, selvom jeg ikke længere var sulten.;6;2-3 gange om ugen;Two-three times a week;;;;
yale_food_addiction_scale_yfas;yfas_eat_until_sick;Jeg spiste, indtil jeg fik det fysisk dårligt.;6;2-3 gange om ugen;Two-three times a week;;;;
yale_food_addiction_scale_yfas;yfas_worry_restrict;Jeg bekymrede mig meget om at skære ned på visse typer fødevarer, men jeg spiste dem alligevel.;6;2-3 gange om ugen;Two-three times a week;;;;
yale_food_addiction_scale_yfas;yfas_tired_overeating;Jeg brugte meget tid på at føle mig træt eller uoplagt efter at have overspist.;6;2-3 gange om ugen;Two-three times a week;;;;
yale_food_addiction_scale_yfas;yfas_constant_eating;Jeg brugte meget tid på at spise visse fødevarer i løbet af dagen.;6;2-3 gange om ugen;Two-three times a week;;;;
yale_food_addiction_scale_yfas;yfas_go_far_for_food;Når visse fødevarer ikke var tilgængelige, gjorde jeg en ekstra indsats for at få fat i dem. For eksempel gik jeg i supermarkedet for at købe bestemte fødevarer, selvom jeg havde andre ting at spise derhjemme.;6;2-3 gange om ugen;Two-three times a week;;;;
yale_food_addiction_scale_yfas;yfas_food_interference;Jeg spiste visse fødevarer så ofte eller i så store mængder, at jeg holdt op med at gøre andre vigtige ting. Det kunne for eksempel være at arbejde eller bruge tid med familie eller venner.;6;2-3 gange om ugen;Two-three times a week;;;;
yale_food_addiction_scale_yfas;yfas_problems_overeat;Jeg havde problemer med min familie eller mine venner på grund af, hvor meget jeg overspiste.;6;2-3 gange om ugen;Two-three times a week;;;;
yale_food_addiction_scale_yfas;yfas_avoid_situations;Jeg undgik arbejde, skole eller sociale aktiviteter, fordi jeg var bange for, at jeg ville overspise.;6;2-3 gange om ugen;Two-three times a week;;;;
yale_food_addiction_scale_yfas;yfas_avoid_cut_food_sad;Når jeg skar ned på eller stoppede med at spise visse fødevarer, følte jeg mig irritabel, nervøs eller trist til mode.;6;2-3 gange om ugen;Two-three times a week;;;;
yale_food_addiction_scale_yfas;yfas_withdrawals;Hvis jeg havde fysiske symptomer (f.eks. hovedpine eller træthed), fordi jeg ikke havde spist bestemte fødevarer, spiste jeg dem for at få det bedre.;6;2-3 gange om ugen;Two-three times a week;;;;
yale_food_addiction_scale_yfas;yfas_eat_emotions;Hvis jeg havde følelsesmæssige problemer, fordi jeg ikke havde spist bestemte fødevarer, spiste jeg dem for at få det bedre.;6;2-3 gange om ugen;Two-three times a week;;;;
yale_food_addiction_scale_yfas;yfas_phys_sympt;Når jeg skar ned på eller stoppede med at spise visse fødevarer, fik jeg fysiske symptomer (f.eks. hovedpine eller træthed).;6;2-3 gange om ugen;Two-three times a week;;;;
yale_food_addiction_scale_yfas;yfas_craving_reduced;Når jeg skar ned på eller stoppede med at spise visse fødevarer, fik jeg stærk trang til dem.;6;2-3 gange om ugen;Two-three times a week;;;;
yale_food_addiction_scale_yfas;yfas_food_stress;Min spisning gav mig stor følelsesmæssig ubehag.;6;2-3 gange om ugen;Two-three times a week;;;;
yale_food_addiction_scale_yfas;yfas_function_problems;Jeg havde betydelige problemer i mit liv på grund af mad og spisning. Det kunne for eksempel være problemer med mine daglige rutiner, arbejde, skole, venner, familie eller mit helbred.;6;2-3 gange om ugen;Two-three times a week;;;;
yale_food_addiction_scale_yfas;yfas_felt_bad_overeat;Jeg havde det så dårligt over at have overspist, at jeg ikke fik gjort andre vigtige ting. Det kunne for eksempel være at arbejde eller bruge tid med familie eller venner.;6;2-3 gange om ugen;Two-three times a week;;;;
yale_food_addiction_scale_yfas;yfas_overeat_neglect;Min overspisning gjorde det svært for mig at tage mig af min familie eller foretage huslige pligter.;6;2-3 gange om ugen;Two-three times a week;;;;
yale_food_addiction_scale_yfas;yfas_avoid_no_foods;Jeg undgik arbejde, skole eller sociale arrangementer, fordi jeg ikke kunne spise visse fødevarer.;6;2-3 gange om ugen;Two-three times a week;;;;
yale_food_addiction_scale_yfas;yfas_avoid_appreciation;Jeg undgik sociale situationer, fordi andre ikke ville acceptere, hvor meget jeg spiste.;6;2-3 gange om ugen;Two-three times a week;;;;
yale_food_addiction_scale_yfas;yfas_emotion_same_way;Jeg fortsatte med at spise på samme måde, selvom min spisning gav mig følelsesmæssige problemer.;6;2-3 gange om ugen;Two-three times a week;;;;
yale_food_addiction_scale_yfas;yfas_physical_same_way;Jeg fortsatte med at spise på samme måde, selvom min spisning gav mig fysiske problemer (f.eks. hovedpine eller træthed).;6;2-3 gange om ugen;Two-three times a week;;;;
yale_food_addiction_scale_yfas;yfas_same_eat_no_joy;At spise den samme mængde mad gav mig ikke lige så meget nydelse som før.;6;2-3 gange om ugen;Two-three times a week;;;;
yale_food_addiction_scale_yfas;yfas_stop_eat_not_able;Jeg ville virkelig gerne skære ned på eller stoppe med at spise visse typer mad, men jeg kunne bare ikke.;6;2-3 gange om ugen;Two-three times a week;;;;
yale_food_addiction_scale_yfas;yfas_eat_more_same_feel;Jeg havde brug for at spise mere og mere for at få de følelser, jeg ønskede fra mad. Det kunne være at mindske negative følelser som tristhed eller øge nydelsen.;6;2-3 gange om ugen;Two-three times a week;;;;
yale_food_addiction_scale_yfas;yfas_do_bad_overeat;Jeg klarede mig dårligt på arbejde eller i skole, fordi jeg spiste for meget.;6;2-3 gange om ugen;Two-three times a week;;;;
yale_food_addiction_scale_yfas;yfas_keep_harmful_eat;Jeg fortsatte med at spise visse fødevarer, selvom jeg vidste, at det var skadeligt for mit helbred. For eksempel spiste jeg stadig søde sager, selvom jeg havde diabetes, eller jeg spiste fed mad, selvom jeg havde hjerte-kar-sygdom.;6;2-3 gange om ugen;Two-three times a week;;;;
yale_food_addiction_scale_yfas;yfas_urge_cannot_think;Jeg havde så stærk trang til visse fødevarer, at jeg ikke kunne tænke på andet.;6;2-3 gange om ugen;Two-three times a week;;;;
yale_food_addiction_scale_yfas;yfas_urge_eat_now;Jeg havde så intens lyst til visse fødevarer, at jeg følte, jeg måtte spise dem med det samme.;6;2-3 gange om ugen;Two-three times a week;;;;
yale_food_addiction_scale_yfas;yfas_no_succes_stop_eat;Jeg forsøgte at skære ned på eller lade være med at spise bestemte typer mad, men det lykkedes mig ikke.;6;2-3 gange om ugen;Two-three times a week;;;;
yale_food_addiction_scale_yfas;yfas_no_succ_keep_stop;Jeg forsøgte og mislykkedes med at skære ned på eller stoppe med at spise visse fødevarer.;6;2-3 gange om ugen;Two-three times a week;;;;
yale_food_addiction_scale_yfas;yfas_distract_eat_hurt;Jeg var så distraheret af at spise, at jeg kunne være kommet til skade (f.eks. når jeg kørte bil, gik over vejen eller betjente maskiner).;6;2-3 gange om ugen;Two-three times a week;;;;
yale_food_addiction_scale_yfas;yfas_dist_think_hurt;Jeg var så optaget af tanker om mad, at jeg kunne være kommet til skade (f.eks. når jeg kørte bil, gik over vejen eller betjente maskiner).;6;2-3 gange om ugen;Two-three times a week;;;;
yale_food_addiction_scale_yfas;yfas_fam_friends_worry;Mine venner eller min familie var bekymrede over, hvor meget jeg overspiste.;6;2-3 gange om ugen;Two-three times a week;;;;
besoegsdag_4;vo2max_test_type_v4;Hvilken testprotokol blev kørt?;2;2. Middel;2. Average;;;;
besgsdag_6;vo2max_test_type_v6;Hvilken testprotokol blev kørt?;2;2. Middel;2. Average;;;;
besgsdag_8;vo2max_test_type_v8;Hvilken testprotokol blev kørt?;2;2. Middel;2. Average;;;;
besgsdag_10_5f76;vo2max_test_type_v10;Hvilken testprotokol blev kørt?;2;2. Middel;2. Average;;;;
ekstra_kontakt;contact_direct_time;Tidsforbrug, direkte kontakt Hvor lang tid er der samlet brugt i direkte kontakt med deltageren (telefon, video eller fysisk fremmøde)?;5;21-25 minutter;21-25 minutes;;;;
ekstra_kontakt;contact_administration_time;Tidsforbrug, administrativt arbejde i forbindelse med denne kontaktHvor lang tid er der samlet brugt på administrativt arbejde i forbindelse med denne kontakt med deltageren (dokumentation, booking, mails, koordinering m.m.)?;5;21-25 minutter;21-25 minutes;;;;
ekstra_kontakt;contact_direct_time;Tidsforbrug, direkte kontakt Hvor lang tid er der samlet brugt i direkte kontakt med deltageren (telefon, video eller fysisk fremmøde)?;6;26-30 minutter;26-30 minutes;;;;
ekstra_kontakt;contact_administration_time;Tidsforbrug, administrativt arbejde i forbindelse med denne kontaktHvor lang tid er der samlet brugt på administrativt arbejde i forbindelse med denne kontakt med deltageren (dokumentation, booking, mails, koordinering m.m.)?;6;26-30 minutter;26-30 minutes;;;;
yale_food_addiction_scale_yfas;yfas_attempt_frequency;Hvor mange gange det seneste år har du forsøgt at skære ned på eller stoppe helt med at spise visse fødevarer?;3;3 gange;Three times;;;;
besoegsdag_4;vo2max_test_type_v4;Hvilken testprotokol blev kørt?;3;3. Høj;3. High ;;;;
besgsdag_6;vo2max_test_type_v6;Hvilken testprotokol blev kørt?;3;3. Høj;3. High ;;;;
besgsdag_8;vo2max_test_type_v8;Hvilken testprotokol blev kørt?;3;3. Høj;3. High ;;;;
besgsdag_10_5f76;vo2max_test_type_v10;Hvilken testprotokol blev kørt?;3;3. Høj;3. High ;;;;
ekstra_kontakt;contact_direct_time;Tidsforbrug, direkte kontakt Hvor lang tid er der samlet brugt i direkte kontakt med deltageren (telefon, video eller fysisk fremmøde)?;7;31-35 minutter;31-35 minutes;;;;
ekstra_kontakt;contact_administration_time;Tidsforbrug, administrativt arbejde i forbindelse med denne kontaktHvor lang tid er der samlet brugt på administrativt arbejde i forbindelse med denne kontakt med deltageren (dokumentation, booking, mails, koordinering m.m.)?;7;31-35 minutter;31-35 minutes;;;;
ekstra_kontakt;contact_direct_time;Tidsforbrug, direkte kontakt Hvor lang tid er der samlet brugt i direkte kontakt med deltageren (telefon, video eller fysisk fremmøde)?;8;36-40 minutter;36-40 minutes;;;;
ekstra_kontakt;contact_administration_time;Tidsforbrug, administrativt arbejde i forbindelse med denne kontaktHvor lang tid er der samlet brugt på administrativt arbejde i forbindelse med denne kontakt med deltageren (dokumentation, booking, mails, koordinering m.m.)?;8;36-40 minutter;36-40 minutes;;;;
yale_food_addiction_scale_yfas;yfas_attempt_frequency;Hvor mange gange det seneste år har du forsøgt at skære ned på eller stoppe helt med at spise visse fødevarer?;4;4 gange;Four times;;;;
yale_food_addiction_scale_yfas;yfas_overeat_unplanned;Når jeg begyndte at spise visse fødevarer, spiste jeg meget mere, end jeg havde planlagt.;7;4-6 gange om ugen;Four-six times a week ;;;;
yale_food_addiction_scale_yfas;yfas_eat_when_full;Jeg fortsatte med at spise visse fødevarer, selvom jeg ikke længere var sulten.;7;4-6 gange om ugen;Four-six times a week ;;;;
yale_food_addiction_scale_yfas;yfas_eat_until_sick;Jeg spiste, indtil jeg fik det fysisk dårligt.;7;4-6 gange om ugen;Four-six times a week ;;;;
yale_food_addiction_scale_yfas;yfas_worry_restrict;Jeg bekymrede mig meget om at skære ned på visse typer fødevarer, men jeg spiste dem alligevel.;7;4-6 gange om ugen;Four-six times a week ;;;;
yale_food_addiction_scale_yfas;yfas_tired_overeating;Jeg brugte meget tid på at føle mig træt eller uoplagt efter at have overspist.;7;4-6 gange om ugen;Four-six times a week ;;;;
yale_food_addiction_scale_yfas;yfas_constant_eating;Jeg brugte meget tid på at spise visse fødevarer i løbet af dagen.;7;4-6 gange om ugen;Four-six times a week ;;;;
yale_food_addiction_scale_yfas;yfas_go_far_for_food;Når visse fødevarer ikke var tilgængelige, gjorde jeg en ekstra indsats for at få fat i dem. For eksempel gik jeg i supermarkedet for at købe bestemte fødevarer, selvom jeg havde andre ting at spise derhjemme.;7;4-6 gange om ugen;Four-six times a week ;;;;
yale_food_addiction_scale_yfas;yfas_food_interference;Jeg spiste visse fødevarer så ofte eller i så store mængder, at jeg holdt op med at gøre andre vigtige ting. Det kunne for eksempel være at arbejde eller bruge tid med familie eller venner.;7;4-6 gange om ugen;Four-six times a week ;;;;
yale_food_addiction_scale_yfas;yfas_problems_overeat;Jeg havde problemer med min familie eller mine venner på grund af, hvor meget jeg overspiste.;7;4-6 gange om ugen;Four-six times a week ;;;;
yale_food_addiction_scale_yfas;yfas_avoid_situations;Jeg undgik arbejde, skole eller sociale aktiviteter, fordi jeg var bange for, at jeg ville overspise.;7;4-6 gange om ugen;Four-six times a week ;;;;
yale_food_addiction_scale_yfas;yfas_avoid_cut_food_sad;Når jeg skar ned på eller stoppede med at spise visse fødevarer, følte jeg mig irritabel, nervøs eller trist til mode.;7;4-6 gange om ugen;Four-six times a week ;;;;
yale_food_addiction_scale_yfas;yfas_withdrawals;Hvis jeg havde fysiske symptomer (f.eks. hovedpine eller træthed), fordi jeg ikke havde spist bestemte fødevarer, spiste jeg dem for at få det bedre.;7;4-6 gange om ugen;Four-six times a week ;;;;
yale_food_addiction_scale_yfas;yfas_eat_emotions;Hvis jeg havde følelsesmæssige problemer, fordi jeg ikke havde spist bestemte fødevarer, spiste jeg dem for at få det bedre.;7;4-6 gange om ugen;Four-six times a week ;;;;
yale_food_addiction_scale_yfas;yfas_phys_sympt;Når jeg skar ned på eller stoppede med at spise visse fødevarer, fik jeg fysiske symptomer (f.eks. hovedpine eller træthed).;7;4-6 gange om ugen;Four-six times a week ;;;;
yale_food_addiction_scale_yfas;yfas_craving_reduced;Når jeg skar ned på eller stoppede med at spise visse fødevarer, fik jeg stærk trang til dem.;7;4-6 gange om ugen;Four-six times a week ;;;;
yale_food_addiction_scale_yfas;yfas_food_stress;Min spisning gav mig stor følelsesmæssig ubehag.;7;4-6 gange om ugen;Four-six times a week ;;;;
yale_food_addiction_scale_yfas;yfas_function_problems;Jeg havde betydelige problemer i mit liv på grund af mad og spisning. Det kunne for eksempel være problemer med mine daglige rutiner, arbejde, skole, venner, familie eller mit helbred.;7;4-6 gange om ugen;Four-six times a week ;;;;
yale_food_addiction_scale_yfas;yfas_felt_bad_overeat;Jeg havde det så dårligt over at have overspist, at jeg ikke fik gjort andre vigtige ting. Det kunne for eksempel være at arbejde eller bruge tid med familie eller venner.;7;4-6 gange om ugen;Four-six times a week ;;;;
yale_food_addiction_scale_yfas;yfas_overeat_neglect;Min overspisning gjorde det svært for mig at tage mig af min familie eller foretage huslige pligter.;7;4-6 gange om ugen;Four-six times a week ;;;;
yale_food_addiction_scale_yfas;yfas_avoid_no_foods;Jeg undgik arbejde, skole eller sociale arrangementer, fordi jeg ikke kunne spise visse fødevarer.;7;4-6 gange om ugen;Four-six times a week ;;;;
yale_food_addiction_scale_yfas;yfas_avoid_appreciation;Jeg undgik sociale situationer, fordi andre ikke ville acceptere, hvor meget jeg spiste.;7;4-6 gange om ugen;Four-six times a week ;;;;
yale_food_addiction_scale_yfas;yfas_emotion_same_way;Jeg fortsatte med at spise på samme måde, selvom min spisning gav mig følelsesmæssige problemer.;7;4-6 gange om ugen;Four-six times a week ;;;;
yale_food_addiction_scale_yfas;yfas_physical_same_way;Jeg fortsatte med at spise på samme måde, selvom min spisning gav mig fysiske problemer (f.eks. hovedpine eller træthed).;7;4-6 gange om ugen;Four-six times a week ;;;;
yale_food_addiction_scale_yfas;yfas_same_eat_no_joy;At spise den samme mængde mad gav mig ikke lige så meget nydelse som før.;7;4-6 gange om ugen;Four-six times a week ;;;;
yale_food_addiction_scale_yfas;yfas_stop_eat_not_able;Jeg ville virkelig gerne skære ned på eller stoppe med at spise visse typer mad, men jeg kunne bare ikke.;7;4-6 gange om ugen;Four-six times a week ;;;;
yale_food_addiction_scale_yfas;yfas_eat_more_same_feel;Jeg havde brug for at spise mere og mere for at få de følelser, jeg ønskede fra mad. Det kunne være at mindske negative følelser som tristhed eller øge nydelsen.;7;4-6 gange om ugen;Four-six times a week ;;;;
yale_food_addiction_scale_yfas;yfas_do_bad_overeat;Jeg klarede mig dårligt på arbejde eller i skole, fordi jeg spiste for meget.;7;4-6 gange om ugen;Four-six times a week ;;;;
yale_food_addiction_scale_yfas;yfas_keep_harmful_eat;Jeg fortsatte med at spise visse fødevarer, selvom jeg vidste, at det var skadeligt for mit helbred. For eksempel spiste jeg stadig søde sager, selvom jeg havde diabetes, eller jeg spiste fed mad, selvom jeg havde hjerte-kar-sygdom.;7;4-6 gange om ugen;Four-six times a week ;;;;
yale_food_addiction_scale_yfas;yfas_urge_cannot_think;Jeg havde så stærk trang til visse fødevarer, at jeg ikke kunne tænke på andet.;7;4-6 gange om ugen;Four-six times a week ;;;;
yale_food_addiction_scale_yfas;yfas_urge_eat_now;Jeg havde så intens lyst til visse fødevarer, at jeg følte, jeg måtte spise dem med det samme.;7;4-6 gange om ugen;Four-six times a week ;;;;
yale_food_addiction_scale_yfas;yfas_no_succes_stop_eat;Jeg forsøgte at skære ned på eller lade være med at spise bestemte typer mad, men det lykkedes mig ikke.;7;4-6 gange om ugen;Four-six times a week ;;;;
yale_food_addiction_scale_yfas;yfas_no_succ_keep_stop;Jeg forsøgte og mislykkedes med at skære ned på eller stoppe med at spise visse fødevarer.;7;4-6 gange om ugen;Four-six times a week ;;;;
yale_food_addiction_scale_yfas;yfas_distract_eat_hurt;Jeg var så distraheret af at spise, at jeg kunne være kommet til skade (f.eks. når jeg kørte bil, gik over vejen eller betjente maskiner).;7;4-6 gange om ugen;Four-six times a week ;;;;
yale_food_addiction_scale_yfas;yfas_dist_think_hurt;Jeg var så optaget af tanker om mad, at jeg kunne være kommet til skade (f.eks. når jeg kørte bil, gik over vejen eller betjente maskiner).;7;4-6 gange om ugen;Four-six times a week ;;;;
yale_food_addiction_scale_yfas;yfas_fam_friends_worry;Mine venner eller min familie var bekymrede over, hvor meget jeg overspiste.;7;4-6 gange om ugen;Four-six times a week ;;;;
besoegsdag_4;vo2max_test_type_v4;Hvilken testprotokol blev kørt?;4;4. Meget høj;4. Very high ;;;;
besgsdag_6;vo2max_test_type_v6;Hvilken testprotokol blev kørt?;4;4. Meget høj;4. Very high ;;;;
besgsdag_8;vo2max_test_type_v8;Hvilken testprotokol blev kørt?;4;4. Meget høj;4. Very high ;;;;
besgsdag_10_5f76;vo2max_test_type_v10;Hvilken testprotokol blev kørt?;4;4. Meget høj;4. Very high ;;;;
ekstra_kontakt;contact_direct_time;Tidsforbrug, direkte kontakt Hvor lang tid er der samlet brugt i direkte kontakt med deltageren (telefon, video eller fysisk fremmøde)?;9;41-45 minutter;41-45 minutes;;;;
ekstra_kontakt;contact_administration_time;Tidsforbrug, administrativt arbejde i forbindelse med denne kontaktHvor lang tid er der samlet brugt på administrativt arbejde i forbindelse med denne kontakt med deltageren (dokumentation, booking, mails, koordinering m.m.)?;9;41-45 minutter;41-45 minutes;;;;
tobacco_and_nicotine_use;tabac_last_use;Hvornår har du sidst benyttet tobaks- eller nikotinprodukter?;1;5 år siden;5 years ago;;;;
yale_food_addiction_scale_yfas;yfas_attempt_frequency;Hvor mange gange det seneste år har du forsøgt at skære ned på eller stoppe helt med at spise visse fødevarer?;5;5 eller flere gange;Five or more times;;;;
besoegsdag_4;vo2max_test_type_v4;Hvilken testprotokol blev kørt?;5;5. Ekstremt høj;5. Extremely high ;;;;
besgsdag_6;vo2max_test_type_v6;Hvilken testprotokol blev kørt?;5;5. Ekstremt høj;5. Extremely high ;;;;
besgsdag_8;vo2max_test_type_v8;Hvilken testprotokol blev kørt?;5;5. Ekstremt høj;5. Extremely high ;;;;
besgsdag_10_5f76;vo2max_test_type_v10;Hvilken testprotokol blev kørt?;5;5. Ekstremt høj;5. Extremely high ;;;;
ekstra_kontakt;contact_direct_time;Tidsforbrug, direkte kontakt Hvor lang tid er der samlet brugt i direkte kontakt med deltageren (telefon, video eller fysisk fremmøde)?;2;6-10 minutter;6-10 minutes;;;;
ekstra_kontakt;contact_administration_time;Tidsforbrug, administrativt arbejde i forbindelse med denne kontaktHvor lang tid er der samlet brugt på administrativt arbejde i forbindelse med denne kontakt med deltageren (dokumentation, booking, mails, koordinering m.m.)?;2;6-10 minutter;6-10 minutes ;;;;
sociodemografiske_karakteristika;socde_education_school;Hvilken skole- eller ungdomsuddannelse har du?;2;7 eller færre års skolegang;Seven or fewer years of schooling;;;;
sociodemografiske_karakteristika;socde_education_school;Hvilken skole- eller ungdomsuddannelse har du?;3;8-9 års skolegang;8-9 years of schooling ;;;;
besg_1_screening;antihypertensive_medicine_v1;Deltager tager følgende antihypertensiva:;3;ACE-hæmmer (enalapril, ramipril);ACE inhibitor (enalapril, ramipril);;;;
medicine_changes;antihypertensive_medicine_rep;Deltager er startet på følgende antihypertensiva:;3;ACE-hæmmer (enalapril, ramipril);ACE inhibitor (enalapril, ramipril;;;;
yale_food_addiction_scale_yfas;yfas_problem_foods;Sæt kryds ved ALLE de følgende fødevarer, du har problemer med:;3;Æbler;Apples ;;;;
pittsburgh_sleep_quality_index_psqi;psqi_10_sleep_chronotype;Man kan snakke om morgen- og aftenmennesker. Hvilken gruppe tror du, at du selv hører til i?;4;Afgjort aftenmenneske;Definitely a night person;;;;
pittsburgh_sleep_quality_index_psqi;psqi_10_sleep_chronotype;Man kan snakke om morgen- og aftenmennesker. Hvilken gruppe tror du, at du selv hører til i?;1;Afgjort morgenmenneske;Definitely a morning person;;;;
besg_1_screening;hba1c_gad65_cpeptid_v1;Hvis deltagerens HbA1c ≥ 60 mmol/mol og deltageren er i behandling med ≥ 2 antidiabetiske lægemidler, opfylder deltageren følgende: OBS: Svar C-peptid;3;Afventer svar på GAD65-antistof;Awaiting results for GAD65 antibodies;;;;
ekstra_kontakt;contact_reason;Hvad er grunden til kontakten?;1;Alarm fra Dietary Screener;Alert from Dietary Screener;;;;
ekstra_kontakt;contact_reason;Hvad er grunden til kontakten?;2;Alarm ift. at deltageren ikke overholder træningsinterventionen;Alert due to non-compliance with the exercise intervention;;;;
sociodemografiske_karakteristika;socde_employment_status;Hvordan er din arbejdssituation for tiden?;9;Alderspensionist;Old-age pensioner;;;;
sociodemografiske_karakteristika_short;socde_short_employment_status;Hvordan er din arbejdssituation for tiden?;9;Alderspensionist;Old-age pensioner;;;;
yale_food_addiction_scale_yfas;yfas_overeat_unplanned;Når jeg begyndte at spise visse fødevarer, spiste jeg meget mere, end jeg havde planlagt.;1;Aldrig;Never;;;;
yale_food_addiction_scale_yfas;yfas_eat_when_full;Jeg fortsatte med at spise visse fødevarer, selvom jeg ikke længere var sulten.;1;Aldrig;Never;;;;
yale_food_addiction_scale_yfas;yfas_eat_until_sick;Jeg spiste, indtil jeg fik det fysisk dårligt.;1;Aldrig;Never;;;;
yale_food_addiction_scale_yfas;yfas_worry_restrict;Jeg bekymrede mig meget om at skære ned på visse typer fødevarer, men jeg spiste dem alligevel.;1;Aldrig;Never;;;;
yale_food_addiction_scale_yfas;yfas_tired_overeating;Jeg brugte meget tid på at føle mig træt eller uoplagt efter at have overspist.;1;Aldrig;Never;;;;
yale_food_addiction_scale_yfas;yfas_constant_eating;Jeg brugte meget tid på at spise visse fødevarer i løbet af dagen.;1;Aldrig;Never;;;;
yale_food_addiction_scale_yfas;yfas_go_far_for_food;Når visse fødevarer ikke var tilgængelige, gjorde jeg en ekstra indsats for at få fat i dem. For eksempel gik jeg i supermarkedet for at købe bestemte fødevarer, selvom jeg havde andre ting at spise derhjemme.;1;Aldrig;Never;;;;
yale_food_addiction_scale_yfas;yfas_food_interference;Jeg spiste visse fødevarer så ofte eller i så store mængder, at jeg holdt op med at gøre andre vigtige ting. Det kunne for eksempel være at arbejde eller bruge tid med familie eller venner.;1;Aldrig;Never;;;;
yale_food_addiction_scale_yfas;yfas_problems_overeat;Jeg havde problemer med min familie eller mine venner på grund af, hvor meget jeg overspiste.;1;Aldrig;Never;;;;
yale_food_addiction_scale_yfas;yfas_avoid_situations;Jeg undgik arbejde, skole eller sociale aktiviteter, fordi jeg var bange for, at jeg ville overspise.;1;Aldrig;Never;;;;
yale_food_addiction_scale_yfas;yfas_avoid_cut_food_sad;Når jeg skar ned på eller stoppede med at spise visse fødevarer, følte jeg mig irritabel, nervøs eller trist til mode.;1;Aldrig;Never;;;;
yale_food_addiction_scale_yfas;yfas_withdrawals;Hvis jeg havde fysiske symptomer (f.eks. hovedpine eller træthed), fordi jeg ikke havde spist bestemte fødevarer, spiste jeg dem for at få det bedre.;1;Aldrig;Never;;;;
yale_food_addiction_scale_yfas;yfas_eat_emotions;Hvis jeg havde følelsesmæssige problemer, fordi jeg ikke havde spist bestemte fødevarer, spiste jeg dem for at få det bedre.;1;Aldrig;Never;;;;
yale_food_addiction_scale_yfas;yfas_phys_sympt;Når jeg skar ned på eller stoppede med at spise visse fødevarer, fik jeg fysiske symptomer (f.eks. hovedpine eller træthed).;1;Aldrig;Never;;;;
yale_food_addiction_scale_yfas;yfas_craving_reduced;Når jeg skar ned på eller stoppede med at spise visse fødevarer, fik jeg stærk trang til dem.;1;Aldrig;Never;;;;
yale_food_addiction_scale_yfas;yfas_food_stress;Min spisning gav mig stor følelsesmæssig ubehag.;1;Aldrig;Never;;;;
yale_food_addiction_scale_yfas;yfas_function_problems;Jeg havde betydelige problemer i mit liv på grund af mad og spisning. Det kunne for eksempel være problemer med mine daglige rutiner, arbejde, skole, venner, familie eller mit helbred.;1;Aldrig;Never;;;;
yale_food_addiction_scale_yfas;yfas_felt_bad_overeat;Jeg havde det så dårligt over at have overspist, at jeg ikke fik gjort andre vigtige ting. Det kunne for eksempel være at arbejde eller bruge tid med familie eller venner.;1;Aldrig;Never;;;;
yale_food_addiction_scale_yfas;yfas_overeat_neglect;Min overspisning gjorde det svært for mig at tage mig af min familie eller foretage huslige pligter.;1;Aldrig;Never;;;;
yale_food_addiction_scale_yfas;yfas_avoid_no_foods;Jeg undgik arbejde, skole eller sociale arrangementer, fordi jeg ikke kunne spise visse fødevarer.;1;Aldrig;Never;;;;
yale_food_addiction_scale_yfas;yfas_avoid_appreciation;Jeg undgik sociale situationer, fordi andre ikke ville acceptere, hvor meget jeg spiste.;1;Aldrig;Never;;;;
yale_food_addiction_scale_yfas;yfas_emotion_same_way;Jeg fortsatte med at spise på samme måde, selvom min spisning gav mig følelsesmæssige problemer.;1;Aldrig;Never;;;;
yale_food_addiction_scale_yfas;yfas_physical_same_way;Jeg fortsatte med at spise på samme måde, selvom min spisning gav mig fysiske problemer (f.eks. hovedpine eller træthed).;1;Aldrig;Never;;;;
yale_food_addiction_scale_yfas;yfas_same_eat_no_joy;At spise den samme mængde mad gav mig ikke lige så meget nydelse som før.;1;Aldrig;Never;;;;
yale_food_addiction_scale_yfas;yfas_stop_eat_not_able;Jeg ville virkelig gerne skære ned på eller stoppe med at spise visse typer mad, men jeg kunne bare ikke.;1;Aldrig;Never;;;;
yale_food_addiction_scale_yfas;yfas_eat_more_same_feel;Jeg havde brug for at spise mere og mere for at få de følelser, jeg ønskede fra mad. Det kunne være at mindske negative følelser som tristhed eller øge nydelsen.;1;Aldrig;Never;;;;
yale_food_addiction_scale_yfas;yfas_do_bad_overeat;Jeg klarede mig dårligt på arbejde eller i skole, fordi jeg spiste for meget.;1;Aldrig;Never;;;;
yale_food_addiction_scale_yfas;yfas_keep_harmful_eat;Jeg fortsatte med at spise visse fødevarer, selvom jeg vidste, at det var skadeligt for mit helbred. For eksempel spiste jeg stadig søde sager, selvom jeg havde diabetes, eller jeg spiste fed mad, selvom jeg havde hjerte-kar-sygdom.;1;Aldrig;Never;;;;
yale_food_addiction_scale_yfas;yfas_urge_cannot_think;Jeg havde så stærk trang til visse fødevarer, at jeg ikke kunne tænke på andet.;1;Aldrig;Never;;;;
yale_food_addiction_scale_yfas;yfas_urge_eat_now;Jeg havde så intens lyst til visse fødevarer, at jeg følte, jeg måtte spise dem med det samme.;1;Aldrig;Never;;;;
yale_food_addiction_scale_yfas;yfas_no_succes_stop_eat;Jeg forsøgte at skære ned på eller lade være med at spise bestemte typer mad, men det lykkedes mig ikke.;1;Aldrig;Never;;;;
yale_food_addiction_scale_yfas;yfas_no_succ_keep_stop;Jeg forsøgte og mislykkedes med at skære ned på eller stoppe med at spise visse fødevarer.;1;Aldrig;Never;;;;
yale_food_addiction_scale_yfas;yfas_distract_eat_hurt;Jeg var så distraheret af at spise, at jeg kunne være kommet til skade (f.eks. når jeg kørte bil, gik over vejen eller betjente maskiner).;1;Aldrig;Never;;;;
yale_food_addiction_scale_yfas;yfas_dist_think_hurt;Jeg var så optaget af tanker om mad, at jeg kunne være kommet til skade (f.eks. når jeg kørte bil, gik over vejen eller betjente maskiner).;1;Aldrig;Never;;;;
yale_food_addiction_scale_yfas;yfas_fam_friends_worry;Mine venner eller min familie var bekymrede over, hvor meget jeg overspiste.;1;Aldrig;Never;;;;
fase_2_ditetiske_afvigelser;reason_dietary_deviation_2;Årsag til afvigelse:;1;Allergi;Allergy;;;;
fase_3_ditetiske_afvigelser;reason_dietary_deviation_3;Årsag til afvigelse:;1;Allergi;Allergy;;;;
individuel_ditistsamtale_1;status_diet_consult_1;Status:;1;Alt kører;Everything is running smoothly;;;;
individuel_ditistsamtale_2;status_diet_consult_2;Status:;1;Alt kører;Everything is running smoothly;;;;
individuel_ditistsamtale_3;status_diet_consult_3;Status:;1;Alt kører;Everything is running smoothly;;;;
individuel_ditistsamtale_4;status_diet_consult_4;Status:;1;Alt kører;Everything is running smoothly;;;;
diabetes_distress_paid5_scale;paid5_fear;At du føler dig skræmt ved tanken om at leve med diabetes;5;Alvorligt problem;Serious problem;;;;
diabetes_distress_paid5_scale;paid5_depressed;At du føler dig nedtrykt ved tanken om at leve med diabetes;5;Alvorligt problem;Serious problem;;;;
diabetes_distress_paid5_scale;paid5_worries;At du er bekymret for fremtiden og risikoen for alvorlige komplikationer;5;Alvorligt problem;Serious problem;;;;
diabetes_distress_paid5_scale;paid5_energy_drain;At du føler, at din diabetes tager for meget af din energi mentalt og fysisk i hverdagen;5;Alvorligt problem;Serious problem;;;;
diabetes_distress_paid5_scale;paid5_manage_complications;At kunne magte komplikationer til diabetes;5;Alvorligt problem;Serious problem;;;;
besg_1_screening;calciumantagonist_type_v1;Hvilken calciumantagonist?;1;Amlodipin;Amlodipine;;;;
medicine_changes;calciumantagonist_type_rep;Hvilken calciumantagonist?;1;Amlodipin;Amlodipine;;;;
medicine_changes;medicine_change_rep;Der er foretaget ændring (herunder genintroduktion) af;3;Anden medicin;Other medication;;;;
sociodemografiske_karakteristika;socde_education_postschool;Har du fuldført en uddannelse ud over en skole‐ eller ungdomsuddannelse?;6;Anden uddannelse;Other education;;;;
stamdata;recruitment_source_v1;Hvordan blev deltageren rekrutteret til studiet?;9;Andet;Other;;;;
stamdata;dropout_reason_baseline;Årsag til at deltageren er udgået under baselinebesøgene?;6;Andet;Other;;;;
stamdata;dropout_reason;Årsag til at deltageren er udgået under interventionen;7;Andet;Other;;;;
besg_1_screening;sglt2_type_v1;Hvilken SGLT-2-hæmmer?;4;Andet;Other;;;;
besg_1_screening;dppiv_type_v1;Hvilken DPP-IV-hæmmer?;3;Andet;Other;;;;
besg_1_screening;sulfonyl_type_v1;Hvilket sulfonylurinstof:;3;Andet;Other;;;;
besg_1_screening;glp1ra_type_v1;Hvilken GLP-1-receptoragonist?;4;Andet;Other;;;;
besg_1_screening;thiazid_type_v1;Hvilket thiazid?;3;Andet;Other;;;;
besg_1_screening;calciumantagonist_type_v1;Hvilken calciumantagonist?;5;Andet;Other;;;;
besg_1_screening;ace_type_v1;Hvilken ACE-hæmmer?;3;Andet;Other;;;;
besg_1_screening;angiotensin_ii_type_v1;Hvilken angiotensin-II-receptorblokker?;3;Andet;Other;;;;
besgsdag_6;intervention_challenges_v6;"Hvilken udfordring med at følge interventionen er der tale om? Se efter ""røde flag"" i LIVA-appen.";3;Andet;Other;;;;
besgsdag_8;intervention_challenges_v8;"Hvilken udfordring med at følge interventionen er der tale om? Se efter ""røde flag"" i LIVA-appen.";3;Andet;Other;;;;
fase_1_ditetiske_afvigelser;reason_dietary_deviation_1;Årsag til afvigelse:;4;Andet;Other;;;;
fase_2_ditetiske_afvigelser;reason_dietary_deviation_2;Årsag til afvigelse:;6;Andet;Other;;;;
fase_3_ditetiske_afvigelser;reason_dietary_deviation_3;Årsag til afvigelse:;6;Andet;Other;;;;
trningsafvigelser;reason_exercise_deviation_phase3;Årsag til afvigelse;8;Andet;Other;;;;
trningsafvigelser;kind_exercise_deviation_phase3;Hvilken form for afvigelse;6;Andet;Other;;;;
ekstra_kontakt;contact_reason;Hvad er grunden til kontakten?;5;Andet;Other;;;;
ekstra_kontakt;contact_reason_blood_glucose_intervention;Hvilken udfordring med at følge interventionen er der tale om?;3;Andet;Other;;;;
hba1c_uge_30;intervention_challenges_week_30;"Hvilken udfordring med at følge interventionen er der tale om? Se efter ""røde flag"" i LIVA-appen.";3;Andet;Other;;;;
hba1c_uge_42;intervention_challenges_week_42;"Hvilken udfordring med at følge interventionen er der tale om? Se efter ""røde flag"" i LIVA-appen.";3;Andet;Other;;;;
hba1c_follow_up;hba1c_extra_reason_hba1c_extra;Hvilken HbA1c-måling var > 53 mmol/mol?;6;Andet;Other;;;;
hba1c_follow_up;hba1c_extra_reason_fingerstick_extra;Hvilken fingerprikmåling var gennemsnitlig daglig glukose for høj?;14;Andet;Other;;;;
hba1c_follow_up;hba1c_extra_reason_cgm_extra;Hvilken CGM-måling var gennemsnitlig daglig glukose for høj?;3;Andet;Other;;;;
medicine_changes;sglt2_type_rep;Hvilken SGLT-2-hæmmer?;4;Andet;Other;;;;
medicine_changes;dppiv_type_rep;Hvilken DPP-IV-hæmmer?;3;Andet;Other;;;;
medicine_changes;sulfonyl_type_rep;Hvilket sulfonylurinstof:;3;Andet;Other;;;;
medicine_changes;glp1ra_type_rep;Hvilken GLP-1-receptoragonist?;4;Andet;Other;;;;
medicine_changes;antidiabetics_change_reason_rep;Årsag til ændring/genintroduktion af antidiabetika;2;Andet;Other;;;;
medicine_changes;antihypertensive_medicine_rep;Deltager er startet på følgende antihypertensiva:;5;Andet;Other;;;;
medicine_changes;thiazide_type_rep;Hvilket thiazid?;3;Andet;Other;;;;
medicine_changes;calciumantagonist_type_rep;Hvilken calciumantagonist?;5;Andet;Other;;;;
medicine_changes;ace_type_rep;Hvilken ACE-hæmmer?;3;Andet;Other;;;;
medicine_changes;angiotensin_ii_type_rep;Hvilken angiotensin-II-receptorblokker?;3;Andet;Other;;;;
medicine_changes;antihypertensive_change_reason_rep;Årsag til ændring/genintroduktion af antihypertensiva;2;Andet;Other;;;;
sociodemografiske_karakteristika;socde_employment_status;Hvordan er din arbejdssituation for tiden?;12;Andet;Other;;;;
sociodemografiske_karakteristika;socde_work_shift;På hvilket tidspunkt af døgnet arbejder du sædvanligvis i din hovedbeskæftigelse?;6;Andet;Other;;;;
sociodemografiske_karakteristika_short;socde_short_employment_status;Hvordan er din arbejdssituation for tiden?;12;Andet;Other;;;;
sociodemografiske_karakteristika_short;socde_short_work_shift;På hvilket tidspunkt af døgnet arbejder du sædvanligvis i din hovedbeskæftigelse?;6;Andet;Other;;;;
sociodemografiske_karakteristika;socde_education_school;Hvilken skole- eller ungdomsuddannelse har du?;6;Andet (herunder udenlandsk skole);Other (including foreign schooling);;;;
besg_1_screening;antidiabetics_medicine_v1;Deltager tager følgende antidiabetika:;6;Andet præparat;Other medication;;;;
besg_1_screening;antihypertensive_medicine_v1;Deltager tager følgende antihypertensiva:;5;Andet præparat;Other medication;;;;
besg_1_screening;statins_medicine_v1;Deltager tager følgende statiner:;4;Andet præparat;Other medication;;;;
medicine_changes;antidiabetics_medicine_rep;Ændring (herunder genintroduktion) af følgende antidiabetika:;6;Andet præparat;Other medication;;;;
besg_1_screening;antihypertensive_medicine_v1;Deltager tager følgende antihypertensiva:;4;Angiotensin-II-receptorblokker (losartan, candesartan);Angiotensin II receptor blocker (losartan, candesartan);;;;
medicine_changes;antihypertensive_medicine_rep;Deltager er startet på følgende antihypertensiva:;4;Angiotensin-II-receptorblokker (losartan, candesartan);Angiotensin II receptor blocker (losartan, candesartan);;;;
medicine_changes;medicine_change_rep;Der er foretaget ændring (herunder genintroduktion) af;1;Antidiabetika;Antidiabetics;;;;
medicine_changes;medicine_change_rep;Der er foretaget ændring (herunder genintroduktion) af;2;Antihypertensiva;Antihypertensives;;;;
ekstra_kontakt;contact_type;Hvilken type kontakt:;3;Asynkron video via studieappen;Asynchronous video via the study app;;;;
besg_1_screening;statins_medicine_v1;Deltager tager følgende statiner:;1;Atorvastatin;Atorvastatin;;;;
fase_2_ditetiske_afvigelser;reason_dietary_deviation_2;Årsag til afvigelse:;3;Aversion;Aversion;;;;
fase_3_ditetiske_afvigelser;reason_dietary_deviation_3;Årsag til afvigelse:;3;Aversion;Aversion;;;;
yale_food_addiction_scale_yfas;yfas_problem_foods;Sæt kryds ved ALLE de følgende fødevarer, du har problemer med:;22;Bacon;Bacon ;;;;
yale_food_addiction_scale_yfas;yfas_problem_foods;Sæt kryds ved ALLE de følgende fødevarer, du har problemer med:;21;Bananer;Bananas ;;;;
besg_1_screening;pregnant_v1;7. Er deltageren gravid eller planlægger graviditet inden for det næste år?;3;Behov for at udføre graviditetstest;Need to perform a pregnancy test ;;;;
besg_1_screening;thiazid_type_v1;Hvilket thiazid?;1;Bendroflumethiazid m. KCl;Bendroflumethiazide with KCl;;;;
medicine_changes;thiazide_type_rep;Hvilket thiazid?;1;Bendroflumethiazid m. KCl;Bendroflumethiazide with KCl;;;;
ekstra_kontakt;contact_type;Hvilken type kontakt:;4;Besked via studieappen;Message via the study app;;;;
stamdata;dropout_reason;Årsag til at deltageren er udgået under interventionen;1;Bivirkninger;Side effects;;;;
ekstra_kontakt;contact_reason;Hvad er grunden til kontakten?;3;Blodsukker målt for højt (HbA1c eller blodsukker målt ved fingerprik eller CGM);Blood sugar measured too high (HbA1c or blood glucose measured by finger prick or CGM);;;;
ekstra_kontakt;contact_reason;Hvad er grunden til kontakten?;4;Blodtryk målt for højt;Blood pressure measured too high;;;;
besoegsdag_4;handed_out_v4;Er der udleveret:;2;Blodtryksapparat;Blood pressure monitor;;;;
yale_food_addiction_scale_yfas;yfas_problem_foods;Sæt kryds ved ALLE de følgende fødevarer, du har problemer med:;20;Bøf;Steak;;;;
yale_food_addiction_scale_yfas;yfas_problem_foods;Sæt kryds ved ALLE de følgende fødevarer, du har problemer med:;10;Boller;Buns;;;;
yale_food_addiction_scale_yfas;yfas_problem_foods;Sæt kryds ved ALLE de følgende fødevarer, du har problemer med:;5;Broccoli;Broccoli;;;;
besg_1_screening;hba1c_gad65_cpeptid_v1;Hvis deltagerens HbA1c ≥ 60 mmol/mol og deltageren er i behandling med ≥ 2 antidiabetiske lægemidler, opfylder deltageren følgende: OBS: Svar C-peptid;2;C-peptid (stimuleret) < 800 pM;C-peptide (stimulated) < 800 pM;;;;
besg_1_screening;antihypertensive_medicine_v1;Deltager tager følgende antihypertensiva:;2;Calciumantagonist (amlodipin, lercanidipin, verapamil, diltiazem);Calcium channel blocker (amlodipine, lercanidipine, verapamil, diltiazem);;;;
medicine_changes;antihypertensive_medicine_rep;Deltager er startet på følgende antihypertensiva:;2;Calciumantagonist (amlodipin, lercanidipin);Calcium channel blocker (amlodipine, lercanidipine);;;;
besg_1_screening;sglt2_type_v1;Hvilken SGLT-2-hæmmer?;1;Canagliflozin (Invokana);Canagliflozin (Invokana);;;;
medicine_changes;sglt2_type_rep;Hvilken SGLT-2-hæmmer?;1;Canagliflozin (Invokana);Canagliflozin (Invokana);;;;
besg_1_screening;angiotensin_ii_type_v1;Hvilken angiotensin-II-receptorblokker?;2;Candesartan;Candesartan;;;;
medicine_changes;angiotensin_ii_type_rep;Hvilken angiotensin-II-receptorblokker?;2;Candesartan;Candesartan;;;;
hba1c_follow_up;hba1c_extra_reason_extra;Hvorfor tages denne ekstra HbA1c?;3;CGM: Gennemsnitlig glukose > 10 mmol/l;CGM: Gennemsnitlig glukose > 10 mmol/l;;;;
yale_food_addiction_scale_yfas;yfas_problem_foods;Sæt kryds ved ALLE de følgende fødevarer, du har problemer med:;24;Cheeseburgere;Cheeseburgers;;;;
yale_food_addiction_scale_yfas;yfas_problem_foods;Sæt kryds ved ALLE de følgende fødevarer, du har problemer med:;16;Chips;Chips;;;;
yale_food_addiction_scale_yfas;yfas_problem_foods;Sæt kryds ved ALLE de følgende fødevarer, du har problemer med:;2;Chokolade;Chocolate;;;;
besg_1_screening;sglt2_type_v1;Hvilken SGLT-2-hæmmer?;2;Dapagliflozin (Forxiga);Dapagliflozin (Forxiga);;;;
medicine_changes;sglt2_type_rep;Hvilken SGLT-2-hæmmer?;2;Dapagliflozin (Forxiga);Dapagliflozin (Forxiga);;;;
physical_and_mental_health_sf12;sf12_overall_health;Hvordan synes du, dit helbred er alt i alt?;5;Dårligt;Bad ;;;;
fase_2_ditetiske_afvigelser;reason_dietary_deviation_2;Årsag til afvigelse:;5;Deltager har svært ved at efterleve tildelte diæt;The participant has difficulty adhering to the prescribed diet;;;;
fase_3_ditetiske_afvigelser;reason_dietary_deviation_3;Årsag til afvigelse:;5;Deltager har svært ved at efterleve tildelte diæt;The participant has difficulty adhering to the prescribed diet;;;;
fase_1_ditetiske_afvigelser;reason_dietary_deviation_1;Årsag til afvigelse:;2;Deltager har svært ved at efterleve VLCD-kostanbefalingerne;The participant has difficulty adhering to the VLCD dietary recommendations;;;;
fase_2_ditetiske_afvigelser;reason_dietary_deviation_2;Årsag til afvigelse:;7;Deltager kan ikke lide indholdet (opskrifterne) i måltidskasserne;The participant does not like the contents (recipes) of the meal kits;;;;
fase_1_ditetiske_afvigelser;reason_dietary_deviation_1;Årsag til afvigelse:;3;Deltager kan ikke lide NUPO-produkterne;The participant does not like the NUPO products;;;;
besg_1_screening;antidiabetics_medicine_v1;Deltager tager følgende antidiabetika:;7;Deltager tager ikke antidiabetika;The participant is not taking antidiabetic ;;;;
besg_1_screening;antihypertensive_medicine_v1;Deltager tager følgende antihypertensiva:;6;Deltager tager ikke antihypertensiva;The participant is not taking antihypertensiva;;;;
besg_1_screening;statins_medicine_v1;Deltager tager følgende statiner:;7;Deltager tager ikke statiner;The participant is not taking statins;;;;
ekstra_kontakt;contact_who;Hvem har taget kontakt?;1;Deltageren;The participant;;;;
individuel_ditistsamtale_1;status_diet_consult_1;Status:;2;Der er udfordringer med allokerede diæt;There are challenges with the allocated diet;;;;
individuel_ditistsamtale_2;status_diet_consult_2;Status:;2;Der er udfordringer med allokerede diæt;There are challenges with the allocated diet;;;;
individuel_ditistsamtale_3;status_diet_consult_3;Status:;2;Der er udfordringer med allokerede diæt;There are challenges with the allocated diet;;;;
individuel_ditistsamtale_4;status_diet_consult_4;Status:;2;Der er udfordringer med allokerede diæt;There are challenges with the allocated diet;;;;
physical_and_mental_health_sf12;sf12_achieved_less_physical;Jeg har nået mindre, end jeg gerne ville;2;Det meste af tiden;Most of the time ;;;;
physical_and_mental_health_sf12;sf12_limited_activities;Jeg har været begrænset i, hvilken slags arbejde eller andre aktiviteter jeg har kunne udføre;2;Det meste af tiden;Most of the time ;;;;
physical_and_mental_health_sf12;sf12_achieved_less_emotional;Jeg har nået mindre, end hvad jeg gerne ville;2;Det meste af tiden;Most of the time ;;;;
physical_and_mental_health_sf12;sf12_less_careful;Jeg har udført mit arbejde eller andre aktiviteter mindre omhyggeligt, end jeg plejer;2;Det meste af tiden;Most of the time ;;;;
physical_and_mental_health_sf12;sf12_calm_relaxed;Jeg har følt mig rolig og afslappet;2;Det meste af tiden;Most of the time ;;;;
physical_and_mental_health_sf12;sf12_full_of_energy;Jeg har følt mig fuld af energi;2;Det meste af tiden;Most of the time ;;;;
physical_and_mental_health_sf12;sf12_downhearted;Jeg har følt mig trist til mode;2;Det meste af tiden;Most of the time ;;;;
physical_and_mental_health_sf12;sf12_social_interference;Mit fysiske helbred eller følelsesmæssige problemer har gjort det vanskeligt at se andre mennesker (fx besøge venner, slægtninge osv.);2;Det meste af tiden;Most of the time ;;;;
ekstra_kontakt;contact_reason_blood_pressure;Hvilken af nedenstående er gældende?;2;Diastolisk BT > 90 mmHg over 1 uge;Diastolic BP > 90 mmHg over one week;;;;
ekstra_kontakt;contact_reason_blood_pressure;Hvilken af nedenstående er gældende?;4;Diastolisk BT > 90 mmHg over 2 uger;Diastolic BP > 90 mmHg over two weeks;;;;
besg_1_screening;calciumantagonist_type_v1;Hvilken calciumantagonist?;4;Diltiazem;Diltiazem;;;;
medicine_changes;calciumantagonist_type_rep;Hvilken calciumantagonist?;4;Diltiazem;Diltiazem;;;;
yale_food_addiction_scale_yfas;yfas_problem_foods;Sæt kryds ved ALLE de følgende fødevarer, du har problemer med:;4;Donuts;Donuts;;;;
besg_1_screening;antidiabetics_medicine_v1;Deltager tager følgende antidiabetika:;3;DPP-IV-hæmmer (Sitagliptin (Januvia), Linagliptin (Trajenta);DPP-IV inhibitor (Sitagliptin (Januvia), Linagliptin (Trajenta);;;;
medicine_changes;antidiabetics_medicine_rep;Ændring (herunder genintroduktion) af følgende antidiabetika:;3;DPP-IV-hæmmer (Sitagliptin (Januvia), Linagliptin (Trajenta);DPP-IV inhibitor (Sitagliptin (Januvia), Linagliptin (Trajenta);;;;
besg_1_screening;glp1ra_type_v1;Hvilken GLP-1-receptoragonist?;3;Dulaglutid s.c. (Trulicity);Dulaglutid s.c. (Trulicity);;;;
medicine_changes;glp1ra_type_rep;Hvilken GLP-1-receptoragonist?;3;Dulaglutid s.c. (Trulicity);Dulaglutid s.c. (Trulicity);;;;
sociodemografiske_karakteristika;socde_employment_status;Hvordan er din arbejdssituation for tiden?;11;Efterlønsmodtager;Early retirement pension recipient;;;;
sociodemografiske_karakteristika_short;socde_short_employment_status;Hvordan er din arbejdssituation for tiden?;11;Efterlønsmodtager;Early retirement pension recipient;;;;
stamdata;treatment_responsibility_stamdata;Hvem har behandlingsansvaret i.f.t. blodsukker og blodtryk?;1;Egen læge;Generel practitioner;;;;
stamdata;dropout_reason_baseline;Årsag til at deltageren er udgået under baselinebesøgene?;5;Ekskluderet;Excluded;;;;
stamdata;dropout_reason;Årsag til at deltageren er udgået under interventionen;6;Ekskluderet;Included;;;;
besg_1_screening;sglt2_type_v1;Hvilken SGLT-2-hæmmer?;3;Empagliflozin (Jardiance);Empagliflozin (Jardiance);;;;
medicine_changes;sglt2_type_rep;Hvilken SGLT-2-hæmmer?;3;Empagliflozin (Jardiance);Empagliflozin (Jardiance);;;;
pittsburgh_sleep_quality_index_psqi;psqi_5a_latency_30m;Kan ikke falde i søvn indenfor 30 min?;3;En eller to gange om ugen;Once or twice a week ;;;;
pittsburgh_sleep_quality_index_psqi;psqi_5b_wake;Vågner om natten eller tidligt morgen?;3;En eller to gange om ugen;Once or twice a week ;;;;
pittsburgh_sleep_quality_index_psqi;psqi_5c_urinate;Er nødt til at gå på toilettet en eller flere gange?;3;En eller to gange om ugen;Once or twice a week ;;;;
pittsburgh_sleep_quality_index_psqi;psqi_5d_breathing;Har besvær med at trække vejret ordentligt?;3;En eller to gange om ugen;Once or twice a week ;;;;
pittsburgh_sleep_quality_index_psqi;psqi_5e_cough_snore;Hoster eller snorker højlydt?;3;En eller to gange om ugen;Once or twice a week ;;;;
pittsburgh_sleep_quality_index_psqi;psqi_5f_too_cold;Har det for koldt?;3;En eller to gange om ugen;Once or twice a week ;;;;
pittsburgh_sleep_quality_index_psqi;psqi_5g_too_hot;Har det for varmt?;3;En eller to gange om ugen;Once or twice a week ;;;;
pittsburgh_sleep_quality_index_psqi;psqi_5h_nightmares;Har mareridt?;3;En eller to gange om ugen;Once or twice a week ;;;;
pittsburgh_sleep_quality_index_psqi;psqi_5i_pain;Har smerter?;3;En eller to gange om ugen;Once or twice a week ;;;;
pittsburgh_sleep_quality_index_psqi;psqi_7_medication;Igennem den sidste måned, hvor ofte har du taget medicin (på recept eller i håndkøb) for at hjælpe dig med at sove?;3;En eller to gange om ugen;Once or twice a week ;;;;
pittsburgh_sleep_quality_index_psqi;psqi_8_dysfunction;Igennem den sidste måned, hvor ofte har du haft problemer med at holde dig vågen imens du kører bil, du spiser et måltid mad, eller er i gang med sociale aktiviteter?;3;En eller to gange om ugen;Once or twice a week ;;;;
trningsafvigelser;kind_exercise_deviation_phase3;Hvilken form for afvigelse;1;En enkelt træning;A single training session;;;;
tobacco_and_nicotine_use;tabac_smoking_types;Cigaretter, cerutter, cigarer, pibe, vandpibe;2;En gang i mellem;Once in a while;;;;
tobacco_and_nicotine_use;tab_nicotine_types;Snus, nikotinposer, tyggetobak, tobakspastiller;2;En gang i mellem;Once in a while;;;;
tobacco_and_nicotine_use;tabac_e_cigarettes;E-cigaretter, vapes, pos-systemer;2;En gang i mellem;Once in a while;;;;
tobacco_and_nicotine_use;tabac_heat_not_burn;Opvarmet tobak (heat-not-burn-produkter);2;En gang i mellem;Once in a while;;;;
the_three_item_loneliness_scale_tils;tils_feel_isolated;Hvor ofte føler du dig isoleret fra andre?;2;En gang i mellem;Once in a while;;;;
the_three_item_loneliness_scale_tils;tils_miss_company;Hvor ofte savner du nogen at være sammen med?;2;En gang i mellem;Once in a while;;;;
the_three_item_loneliness_scale_tils;tils_feel_excluded;Hvor ofte føler du dig udenfor?;2;En gang i mellem;Once in a while;;;;
physical_and_mental_health_sf12;sf12_pain_interference;Fysisk smerte har vanskeliggjort mit daglige arbejde (både arbejde uden for hjemmet og husarbejde);4;En hel del;Quite a lot;;;;
item_bodily_distress_syndrome_checklist;bds_palpitations_chest;Hjertebanken eller uro i brystet?;4;En hel del;Quite a lot;;;;
item_bodily_distress_syndrome_checklist;bdsq_chest_pressure_pain;Trykken eller smerter i brystet?;4;En hel del;Quite a lot;;;;
item_bodily_distress_syndrome_checklist;bdsq_shortness_breath_at_rest;Forpustethed uden anstrengelse?;4;En hel del;Quite a lot;;;;
item_bodily_distress_syndrome_checklist;bdsq_breathing_attack;Anfald med vejrtrækningsbesvær?;4;En hel del;Quite a lot;;;;
item_bodily_distress_syndrome_checklist;bdsq_dry_mouth;Mundtørhed?;4;En hel del;Quite a lot;;;;
item_bodily_distress_syndrome_checklist;bdsq_sweating;Varm eller koldsveden?;4;En hel del;Quite a lot;;;;
item_bodily_distress_syndrome_checklist;bdsq_frequent_loose_stools;Hyppige, løse afføringer?;4;En hel del;Quite a lot;;;;
item_bodily_distress_syndrome_checklist;bdsq_abdominal_pain;Mavesmerter?;4;En hel del;Quite a lot;;;;
item_bodily_distress_syndrome_checklist;bds_bloating;Oppustethed, spændings- eller tyngdefornemmelse i maven?;4;En hel del;Quite a lot;;;;
item_bodily_distress_syndrome_checklist;bds_diarrhea;Diarré?;4;En hel del;Quite a lot;;;;
item_bodily_distress_syndrome_checklist;bds_acid_reflux;Sure opstød?;4;En hel del;Quite a lot;;;;
item_bodily_distress_syndrome_checklist;bds_nausea;Kvalme?;4;En hel del;Quite a lot;;;;
item_bodily_distress_syndrome_checklist;bds_upper_abdominal_pain;Svie eller smerter i toppen af maven?;4;En hel del;Quite a lot;;;;
item_bodily_distress_syndrome_checklist;bds_limbs_pain;Smerter i armene eller benene?;4;En hel del;Quite a lot;;;;
item_bodily_distress_syndrome_checklist;bds_muscle_aches;Muskelsmerter eller ømhed?;4;En hel del;Quite a lot;;;;
item_bodily_distress_syndrome_checklist;bds_joint_pain;Ledsmerter?;4;En hel del;Quite a lot;;;;
item_bodily_distress_syndrome_checklist;bds_limbs_numbness;Følelse af lammelse i arme eller ben?;4;En hel del;Quite a lot;;;;
item_bodily_distress_syndrome_checklist;bds_back_pain;Rygsmerter?;4;En hel del;Quite a lot;;;;
item_bodily_distress_syndrome_checklist;bds_migratory_pain;Smerter som flytter sig fra sted til sted?;4;En hel del;Quite a lot;;;;
item_bodily_distress_syndrome_checklist;bds_paresthesia;Ubehagelig dødhedsfornemmelse eller føleforstyrrelser?;4;En hel del;Quite a lot;;;;
item_bodily_distress_syndrome_checklist;bds_concentration_difficulty;Koncentrationsbesvær?;4;En hel del;Quite a lot;;;;
item_bodily_distress_syndrome_checklist;bds_fatigue;Træthed?;4;En hel del;Quite a lot;;;;
item_bodily_distress_syndrome_checklist;bds_headache;Hovedpine?;4;En hel del;Quite a lot;;;;
item_bodily_distress_syndrome_checklist;bds_memory_problems;Hukommelsesbesvær?;4;En hel del;Quite a lot;;;;
item_bodily_distress_syndrome_checklist;bds_dizziness;Svimmelhed?;4;En hel del;Quite a lot;;;;
trningsafvigelser;kind_exercise_deviation_phase3;Hvilken form for afvigelse;5;En måneds træning;One month of training;;;;
trningsafvigelser;kind_exercise_deviation_phase3;Hvilken form for afvigelse;2;En uges træning;One week of training;;;;
besg_1_screening;ace_type_v1;Hvilken ACE-hæmmer?;1;Enalapril;Enalapril;;;;
medicine_changes;ace_type_rep;Hvilken ACE-hæmmer?;1;Enalapril;Enalapril;;;;
adverse_events;ae_type;Type?;1;Enkelt tilfælde;Single case;;;;
sociodemografiske_karakteristika;socde_education_postschool;Har du fuldført en uddannelse ud over en skole‐ eller ungdomsuddannelse?;2;Erhvervsfaglig uddannelse/faglært (f.eks. kontor‐ eller butiksassistent, frisør, murer, lægesekretær, social‐ og sundhedshjælper/assistent, landmand);Vocational education / skilled worker (e.g., office or retail assistant, hairdresser, bricklayer, medical secretary, social and healthcare assistant, farmer;;;;
sociodemografiske_karakteristika;socde_education_postschool;Har du fuldført en uddannelse ud over en skole‐ eller ungdomsuddannelse?;1;Et eller flere kortere kurser (f.eks. specialarbejderkurser, arbejdsmarkedskurser m.v.);One or more short courses (e.g. specialized worker courses, vocational training courses, etc.;;;;
pittsburgh_sleep_quality_index_psqi;psqi_9_enthusiasm;Igennem den sidste måned, hvor stort et problem har det været for dig at opretholde nok entusiasme til at få tingene gjort?;2;Et ubetydelig problem;A negligible problem;;;;
besg_1_screening;statins_medicine_v1;Deltager tager følgende statiner:;6;Ezetimib;Ezetimibe;;;;
adverse_events;ae_phase;I hvilken fase er hændelsen/bivirkningen opstået?;1;Fase 1: Vægttabsfasen;Phase 1: The weight loss phase;;;;
adverse_events;ae_phase;I hvilken fase er hændelsen/bivirkningen opstået?;2;Fase 2: Opstart på diæt og træning;Phase 2: Starting diet and exercise;;;;
adverse_events;ae_phase;I hvilken fase er hændelsen/bivirkningen opstået?;3;Fase 3: Vedligeholdelsesfasen;Phase 3: The maintenance phase;;;;
sociodemografiske_karakteristika;socde_work_shift;På hvilket tidspunkt af døgnet arbejder du sædvanligvis i din hovedbeskæftigelse?;2;Fast aftenarbejde (overvejende mellem kl. 15 og 24);Permanent evening work (primarily between 3 p.m. and 12 a.m.);;;;
sociodemografiske_karakteristika_short;socde_short_work_shift;På hvilket tidspunkt af døgnet arbejder du sædvanligvis i din hovedbeskæftigelse?;2;Fast aftenarbejde (overvejende mellem kl. 15 og 24);Permanent evening work (primarily between 3 p.m. and 12 a.m.);;;;
sociodemografiske_karakteristika;socde_work_shift;På hvilket tidspunkt af døgnet arbejder du sædvanligvis i din hovedbeskæftigelse?;1;Fast dagarbejde (overvejende mellem kl. 06 og 18);Permanent day work (primarily between 6 a.m. and 6 p.m.);;;;
sociodemografiske_karakteristika_short;socde_short_work_shift;På hvilket tidspunkt af døgnet arbejder du sædvanligvis i din hovedbeskæftigelse?;1;Fast dagarbejde (overvejende mellem kl. 06 og 18);Permanent day work (primarily between 6 a.m. and 6 p.m.);;;;
sociodemografiske_karakteristika;socde_work_shift;På hvilket tidspunkt af døgnet arbejder du sædvanligvis i din hovedbeskæftigelse?;3;Fast natarbejde (overvejende mellem kl. 24 og 05);Permanent night work (primarily between 12 a.m. and 5 a.m.);;;;
sociodemografiske_karakteristika_short;socde_short_work_shift;På hvilket tidspunkt af døgnet arbejder du sædvanligvis i din hovedbeskæftigelse?;3;Fast natarbejde (overvejende mellem kl. 24 og 05);Permanent night work (primarily between 12 a.m. and 5 a.m.);;;;
trningsafvigelser;reason_exercise_deviation_phase3;Årsag til afvigelse;4;Ferie/rejse;Vacation/travel;;;;
hba1c_follow_up;hba1c_extra_reason_extra;Hvorfor tages denne ekstra HbA1c?;2;Fingerprikmåling: Gennemsnitlig daglig glukose over tærskelværdi (> 16 mmol/l på 1 dag eller > 10 mmol/l på to på hinanden følgende dage);Finger-prick measurement: Average daily glucose above threshold (> 16 mmol/l in 1 day or > 10 mmol/l on two consecutive days);;;;
ekstra_kontakt;contact_reason_specification;Er afvigelsen relateret til:;3;Forhindret af anden aktivitet;Prevented by other activity;;;;
diabetes_distress_paid5_scale;paid5_fear;At du føler dig skræmt ved tanken om at leve med diabetes;4;Forholdvis alvorligt problem;Relatively serious problem;;;;
diabetes_distress_paid5_scale;paid5_depressed;At du føler dig nedtrykt ved tanken om at leve med diabetes;4;Forholdvis alvorligt problem;Relatively serious problem;;;;
diabetes_distress_paid5_scale;paid5_worries;At du er bekymret for fremtiden og risikoen for alvorlige komplikationer;4;Forholdvis alvorligt problem;Relatively serious problem;;;;
diabetes_distress_paid5_scale;paid5_energy_drain;At du føler, at din diabetes tager for meget af din energi mentalt og fysisk i hverdagen;4;Forholdvis alvorligt problem;Relatively serious problem;;;;
diabetes_distress_paid5_scale;paid5_manage_complications;At kunne magte komplikationer til diabetes;4;Forholdvis alvorligt problem;Relatively serious problem;;;;
stamdata;treatment_responsibility_stamdata;Hvem har behandlingsansvaret i.f.t. blodsukker og blodtryk?;2;Forsøgsstedets ansvarlige læge;The principal investigator (study site physician);;;;
sociodemografiske_karakteristika;socde_employment_status;Hvordan er din arbejdssituation for tiden?;8;Førtidspensionist;Early retirement pensioner;;;;
sociodemografiske_karakteristika_short;socde_short_employment_status;Hvordan er din arbejdssituation for tiden?;8;Førtidspensionist;Early retirement pensioner;;;;
individuel_ditistsamtale_1;type_diet_consult_1;Hvilken type kontakt:;1;Fremmøde;Attendance;;;;
individuel_ditistsamtale_2;type_diet_consult_2;Hvilken type kontakt:;1;Fremmøde;Attendance;;;;
individuel_ditistsamtale_3;type_diet_consult_3;Hvilken type kontakt:;1;Fremmøde;Attendance;;;;
individuel_ditistsamtale_4;type_diet_consult_4;Hvilken type kontakt:;1;Fremmøde;Attendance;;;;
ekstra_kontakt;contact_type;Hvilken type kontakt:;1;Fremmøde;Attendance;;;;
physical_and_mental_health_sf12;sf12_overall_health;Hvordan synes du, dit helbred er alt i alt?;1;Fremragende;Excellent;;;;
besg_1_screening;hba1c_gad65_cpeptid_v1;Hvis deltagerens HbA1c ≥ 60 mmol/mol og deltageren er i behandling med ≥ 2 antidiabetiske lægemidler, opfylder deltageren følgende: OBS: Svar C-peptid;1;GAD65-antistof er positiv;GAD65 antibody is positive;;;;
sociodemografiske_karakteristika;socde_education_school;Hvilken skole- eller ungdomsuddannelse har du?;1;Går stadig i skole;Still in school;;;;
besoegsdag_4;handed_out_v4;Er der udleveret:;3;Garminur;Garmin watch;;;;
besg_1_screening;statins_medicine_v1;Deltager tager følgende statiner:;5;Gemfibrozil (Lopid);Gemfibrozil (Lopid);;;;
besg_1_screening;sulfonyl_type_v1;Hvilket sulfonylurinstof:;1;Gliclazid;Gliclazide;;;;
medicine_changes;sulfonyl_type_rep;Hvilket sulfonylurinstof:;1;Gliclazid;Gliclazide;;;;
besg_1_screening;sulfonyl_type_v1;Hvilket sulfonylurinstof:;2;Glimepirid;Glimepiride;;;;
medicine_changes;sulfonyl_type_rep;Hvilket sulfonylurinstof:;2;Glimepirid;Glimepiride;;;;
prscreening_telefoninterview_frste_kontakt;treatment_v0;Får deltageren én eller flere af følgende behandlinger?Hvis deltageren kan svare ja til én eller flere af behandlingerne, kan deltageren inkluderes i studiet.;3;GLP-1 RA;GLP-1 RA;;;;
besg_1_screening;antidiabetics_medicine_v1;Deltager tager følgende antidiabetika:;5;GLP-1-receptoragonist (Semaglutid s.c. (Ozempic), Semaglutid p.o. (Rybelsus), Dulaglutid s.c. (Trulicity), Tirzepatid (Mounjaro));GLP-1 receptor agonist (semaglutide s.c. (Ozempic), semaglutide p.o. (Rybelsus), dulaglutide s.c. (Trulicity), tirzepatide (Mounjaro));;;;
medicine_changes;antidiabetics_medicine_rep;Ændring (herunder genintroduktion) af følgende antidiabetika:;5;GLP-1-receptoragonist (Semaglutid s.c. (Ozempic), Semaglutid p.o. (Rybelsus), Dulaglutid s.c. (Trulicity), Tirzepatid (Mounjaro));GLP-1 receptor agonist (semaglutide s.c. (Ozempic), semaglutide p.o. (Rybelsus), dulaglutide s.c. (Trulicity), tirzepatide (Mounjaro));;;;
physical_and_mental_health_sf12;sf12_overall_health;Hvordan synes du, dit helbred er alt i alt?;3;Godt;Good;;;;
yale_food_addiction_scale_yfas;yfas_problem_foods;Sæt kryds ved ALLE de følgende fødevarer, du har problemer med:;19;Gulerødder;Carrots;;;;
yale_food_addiction_scale_yfas;yfas_problem_foods;Sæt kryds ved ALLE de følgende fødevarer, du har problemer med:;23;Hamburgere;Hamburgers;;;;
stamdata;dropout_reason_baseline;Årsag til at deltageren er udgået under baselinebesøgene?;4;Har trukket sit samtykke tilbage;Has withdrawn consent;;;;
stamdata;dropout_reason;Årsag til at deltageren er udgået under interventionen;5;Har trukket sit samtykke tilbage;Has withdrawn consent;;;;
ekstra_kontakt;contact_reason_blood_glucose;Hvilken af nedenstående er gældende?;1;HbA1c > 48 mmol/mol;HbA1c > 48 mmol/mol;;;;
medicine_changes;antidiabetics_change_reason_rep;Årsag til ændring/genintroduktion af antidiabetika;1;HbA1c-måling > 53 mmol/mol ved 2 gentagne målinger;HbA1c measurement > 53 mmol/mol on two repeated measurements;;;;
hba1c_follow_up;hba1c_extra_reason_extra;Hvorfor tages denne ekstra HbA1c?;1;HbA1c-måling: > 53 mmol/mol;HbA1c measurement: > 53 mmol/mol;;;;
physical_and_mental_health_sf12;sf12_achieved_less_physical;Jeg har nået mindre, end jeg gerne ville;1;Hele tiden;All the time;;;;
physical_and_mental_health_sf12;sf12_limited_activities;Jeg har været begrænset i, hvilken slags arbejde eller andre aktiviteter jeg har kunne udføre;1;Hele tiden;All the time;;;;
physical_and_mental_health_sf12;sf12_achieved_less_emotional;Jeg har nået mindre, end hvad jeg gerne ville;1;Hele tiden;All the time;;;;
physical_and_mental_health_sf12;sf12_less_careful;Jeg har udført mit arbejde eller andre aktiviteter mindre omhyggeligt, end jeg plejer;1;Hele tiden;All the time;;;;
physical_and_mental_health_sf12;sf12_calm_relaxed;Jeg har følt mig rolig og afslappet;1;Hele tiden;All the time;;;;
physical_and_mental_health_sf12;sf12_full_of_energy;Jeg har følt mig fuld af energi;1;Hele tiden;All the time;;;;
physical_and_mental_health_sf12;sf12_downhearted;Jeg har følt mig trist til mode;1;Hele tiden;All the time;;;;
physical_and_mental_health_sf12;sf12_social_interference;Mit fysiske helbred eller følelsesmæssige problemer har gjort det vanskeligt at se andre mennesker (fx besøge venner, slægtninge osv.);1;Hele tiden;All the time;;;;
randomisering;randomisation;Randomisering:;1;HighCarb;HighCarb;;;;
besoegsdag_2;bp_chosen_arm_v2;Hvilken arm tages blodtryk på fremadrettet? Hvis forskellen er > 10 mmHg systolisk, anvendes armen med højeste værdi til blodtryksmåling fremadrettet. Hvis forskellen er;2;Højre;Right;;;;
sociodemografiske_karakteristika;socde_sports_club_frequency;Hvis du ser på det seneste år, hvor ofte vil du så sige, at du typisk er mødt op til aktiviteter i de foreninger, organisationer eller grupper, som du er med i?;4;Hver 2. - 3. måned;Every two to three months;;;;
tobacco_and_nicotine_use;tabac_smoking_types;Cigaretter, cerutter, cigarer, pibe, vandpibe;1;Hver dag;Every day ;;;;
tobacco_and_nicotine_use;tab_nicotine_types;Snus, nikotinposer, tyggetobak, tobakspastiller;1;Hver dag;Every day ;;;;
tobacco_and_nicotine_use;tabac_e_cigarettes;E-cigaretter, vapes, pos-systemer;1;Hver dag;Every day ;;;;
tobacco_and_nicotine_use;tabac_heat_not_burn;Opvarmet tobak (heat-not-burn-produkter);1;Hver dag;Every day ;;;;
yale_food_addiction_scale_yfas;yfas_overeat_unplanned;Når jeg begyndte at spise visse fødevarer, spiste jeg meget mere, end jeg havde planlagt.;8;Hver dag;Every day ;;;;
yale_food_addiction_scale_yfas;yfas_eat_when_full;Jeg fortsatte med at spise visse fødevarer, selvom jeg ikke længere var sulten.;8;Hver dag;Every day ;;;;
yale_food_addiction_scale_yfas;yfas_eat_until_sick;Jeg spiste, indtil jeg fik det fysisk dårligt.;8;Hver dag;Every day ;;;;
yale_food_addiction_scale_yfas;yfas_worry_restrict;Jeg bekymrede mig meget om at skære ned på visse typer fødevarer, men jeg spiste dem alligevel.;8;Hver dag;Every day ;;;;
yale_food_addiction_scale_yfas;yfas_tired_overeating;Jeg brugte meget tid på at føle mig træt eller uoplagt efter at have overspist.;8;Hver dag;Every day ;;;;
yale_food_addiction_scale_yfas;yfas_constant_eating;Jeg brugte meget tid på at spise visse fødevarer i løbet af dagen.;8;Hver dag;Every day ;;;;
yale_food_addiction_scale_yfas;yfas_go_far_for_food;Når visse fødevarer ikke var tilgængelige, gjorde jeg en ekstra indsats for at få fat i dem. For eksempel gik jeg i supermarkedet for at købe bestemte fødevarer, selvom jeg havde andre ting at spise derhjemme.;8;Hver dag;Every day ;;;;
yale_food_addiction_scale_yfas;yfas_food_interference;Jeg spiste visse fødevarer så ofte eller i så store mængder, at jeg holdt op med at gøre andre vigtige ting. Det kunne for eksempel være at arbejde eller bruge tid med familie eller venner.;8;Hver dag;Every day ;;;;
yale_food_addiction_scale_yfas;yfas_problems_overeat;Jeg havde problemer med min familie eller mine venner på grund af, hvor meget jeg overspiste.;8;Hver dag;Every day ;;;;
yale_food_addiction_scale_yfas;yfas_avoid_situations;Jeg undgik arbejde, skole eller sociale aktiviteter, fordi jeg var bange for, at jeg ville overspise.;8;Hver dag;Every day ;;;;
yale_food_addiction_scale_yfas;yfas_avoid_cut_food_sad;Når jeg skar ned på eller stoppede med at spise visse fødevarer, følte jeg mig irritabel, nervøs eller trist til mode.;8;Hver dag;Every day ;;;;
yale_food_addiction_scale_yfas;yfas_withdrawals;Hvis jeg havde fysiske symptomer (f.eks. hovedpine eller træthed), fordi jeg ikke havde spist bestemte fødevarer, spiste jeg dem for at få det bedre.;8;Hver dag;Every day ;;;;
yale_food_addiction_scale_yfas;yfas_eat_emotions;Hvis jeg havde følelsesmæssige problemer, fordi jeg ikke havde spist bestemte fødevarer, spiste jeg dem for at få det bedre.;8;Hver dag;Every day ;;;;
yale_food_addiction_scale_yfas;yfas_phys_sympt;Når jeg skar ned på eller stoppede med at spise visse fødevarer, fik jeg fysiske symptomer (f.eks. hovedpine eller træthed).;8;Hver dag;Every day ;;;;
yale_food_addiction_scale_yfas;yfas_craving_reduced;Når jeg skar ned på eller stoppede med at spise visse fødevarer, fik jeg stærk trang til dem.;8;Hver dag;Every day ;;;;
yale_food_addiction_scale_yfas;yfas_food_stress;Min spisning gav mig stor følelsesmæssig ubehag.;8;Hver dag;Every day ;;;;
yale_food_addiction_scale_yfas;yfas_function_problems;Jeg havde betydelige problemer i mit liv på grund af mad og spisning. Det kunne for eksempel være problemer med mine daglige rutiner, arbejde, skole, venner, familie eller mit helbred.;8;Hver dag;Every day ;;;;
yale_food_addiction_scale_yfas;yfas_felt_bad_overeat;Jeg havde det så dårligt over at have overspist, at jeg ikke fik gjort andre vigtige ting. Det kunne for eksempel være at arbejde eller bruge tid med familie eller venner.;8;Hver dag;Every day ;;;;
yale_food_addiction_scale_yfas;yfas_overeat_neglect;Min overspisning gjorde det svært for mig at tage mig af min familie eller foretage huslige pligter.;8;Hver dag;Every day ;;;;
yale_food_addiction_scale_yfas;yfas_avoid_no_foods;Jeg undgik arbejde, skole eller sociale arrangementer, fordi jeg ikke kunne spise visse fødevarer.;8;Hver dag;Every day ;;;;
yale_food_addiction_scale_yfas;yfas_avoid_appreciation;Jeg undgik sociale situationer, fordi andre ikke ville acceptere, hvor meget jeg spiste.;8;Hver dag;Every day ;;;;
yale_food_addiction_scale_yfas;yfas_emotion_same_way;Jeg fortsatte med at spise på samme måde, selvom min spisning gav mig følelsesmæssige problemer.;8;Hver dag;Every day ;;;;
yale_food_addiction_scale_yfas;yfas_physical_same_way;Jeg fortsatte med at spise på samme måde, selvom min spisning gav mig fysiske problemer (f.eks. hovedpine eller træthed).;8;Hver dag;Every day ;;;;
yale_food_addiction_scale_yfas;yfas_same_eat_no_joy;At spise den samme mængde mad gav mig ikke lige så meget nydelse som før.;8;Hver dag;Every day ;;;;
yale_food_addiction_scale_yfas;yfas_stop_eat_not_able;Jeg ville virkelig gerne skære ned på eller stoppe med at spise visse typer mad, men jeg kunne bare ikke.;8;Hver dag;Every day ;;;;
yale_food_addiction_scale_yfas;yfas_eat_more_same_feel;Jeg havde brug for at spise mere og mere for at få de følelser, jeg ønskede fra mad. Det kunne være at mindske negative følelser som tristhed eller øge nydelsen.;8;Hver dag;Every day ;;;;
yale_food_addiction_scale_yfas;yfas_do_bad_overeat;Jeg klarede mig dårligt på arbejde eller i skole, fordi jeg spiste for meget.;8;Hver dag;Every day ;;;;
yale_food_addiction_scale_yfas;yfas_keep_harmful_eat;Jeg fortsatte med at spise visse fødevarer, selvom jeg vidste, at det var skadeligt for mit helbred. For eksempel spiste jeg stadig søde sager, selvom jeg havde diabetes, eller jeg spiste fed mad, selvom jeg havde hjerte-kar-sygdom.;8;Hver dag;Every day ;;;;
yale_food_addiction_scale_yfas;yfas_urge_cannot_think;Jeg havde så stærk trang til visse fødevarer, at jeg ikke kunne tænke på andet.;8;Hver dag;Every day ;;;;
yale_food_addiction_scale_yfas;yfas_urge_eat_now;Jeg havde så intens lyst til visse fødevarer, at jeg følte, jeg måtte spise dem med det samme.;8;Hver dag;Every day ;;;;
yale_food_addiction_scale_yfas;yfas_no_succes_stop_eat;Jeg forsøgte at skære ned på eller lade være med at spise bestemte typer mad, men det lykkedes mig ikke.;8;Hver dag;Every day ;;;;
yale_food_addiction_scale_yfas;yfas_no_succ_keep_stop;Jeg forsøgte og mislykkedes med at skære ned på eller stoppe med at spise visse fødevarer.;8;Hver dag;Every day ;;;;
yale_food_addiction_scale_yfas;yfas_distract_eat_hurt;Jeg var så distraheret af at spise, at jeg kunne være kommet til skade (f.eks. når jeg kørte bil, gik over vejen eller betjente maskiner).;8;Hver dag;Every day ;;;;
yale_food_addiction_scale_yfas;yfas_dist_think_hurt;Jeg var så optaget af tanker om mad, at jeg kunne være kommet til skade (f.eks. når jeg kørte bil, gik over vejen eller betjente maskiner).;8;Hver dag;Every day ;;;;
yale_food_addiction_scale_yfas;yfas_fam_friends_worry;Mine venner eller min familie var bekymrede over, hvor meget jeg overspiste.;8;Hver dag;Every day ;;;;
yale_food_addiction_scale_yfas;yfas_problem_foods;Sæt kryds ved ALLE de følgende fødevarer, du har problemer med:;9;Hvidt brød;White bread ;;;;
besg_1_screening;thiazid_type_v1;Hvilket thiazid?;2;Hydrochlorthiazid;Hydrochlorothiazide;;;;
medicine_changes;thiazide_type_rep;Hvilket thiazid?;2;Hydrochlorthiazid;Hydrochlorothiazide;;;;
sociodemografiske_karakteristika;socde_employment_status;Hvordan er din arbejdssituation for tiden?;4;I arbejde;Working;;;;
sociodemografiske_karakteristika_short;socde_short_employment_status;Hvordan er din arbejdssituation for tiden?;4;I arbejde;Working ;;;;
sociodemografiske_karakteristika;socde_employment_status;Hvordan er din arbejdssituation for tiden?;6;I flexjob;In a flex job;;;;
sociodemografiske_karakteristika_short;socde_short_employment_status;Hvordan er din arbejdssituation for tiden?;6;I flexjob;In a flex job ;;;;
diabetes_distress_paid5_scale;paid5_fear;At du føler dig skræmt ved tanken om at leve med diabetes;1;Ikke et problem;Not a problem ;;;;
diabetes_distress_paid5_scale;paid5_depressed;At du føler dig nedtrykt ved tanken om at leve med diabetes;1;Ikke et problem;Not a problem ;;;;
diabetes_distress_paid5_scale;paid5_worries;At du er bekymret for fremtiden og risikoen for alvorlige komplikationer;1;Ikke et problem;Not a problem ;;;;
diabetes_distress_paid5_scale;paid5_energy_drain;At du føler, at din diabetes tager for meget af din energi mentalt og fysisk i hverdagen;1;Ikke et problem;Not a problem ;;;;
diabetes_distress_paid5_scale;paid5_manage_complications;At kunne magte komplikationer til diabetes;1;Ikke et problem;Not a problem ;;;;
pittsburgh_sleep_quality_index_psqi;psqi_5a_latency_30m;Kan ikke falde i søvn indenfor 30 min?;1;Ikke igennem den sidste måned;Not during the past month;;;;
pittsburgh_sleep_quality_index_psqi;psqi_5b_wake;Vågner om natten eller tidligt morgen?;1;Ikke igennem den sidste måned;Not during the past month;;;;
pittsburgh_sleep_quality_index_psqi;psqi_5c_urinate;Er nødt til at gå på toilettet en eller flere gange?;1;Ikke igennem den sidste måned;Not during the past month;;;;
pittsburgh_sleep_quality_index_psqi;psqi_5d_breathing;Har besvær med at trække vejret ordentligt?;1;Ikke igennem den sidste måned;Not during the past month;;;;
pittsburgh_sleep_quality_index_psqi;psqi_5e_cough_snore;Hoster eller snorker højlydt?;1;Ikke igennem den sidste måned;Not during the past month;;;;
pittsburgh_sleep_quality_index_psqi;psqi_5f_too_cold;Har det for koldt?;1;Ikke igennem den sidste måned;Not during the past month;;;;
pittsburgh_sleep_quality_index_psqi;psqi_5g_too_hot;Har det for varmt?;1;Ikke igennem den sidste måned;Not during the past month;;;;
pittsburgh_sleep_quality_index_psqi;psqi_5h_nightmares;Har mareridt?;1;Ikke igennem den sidste måned;Not during the past month;;;;
pittsburgh_sleep_quality_index_psqi;psqi_5i_pain;Har smerter?;1;Ikke igennem den sidste måned;Not during the past month;;;;
pittsburgh_sleep_quality_index_psqi;psqi_7_medication;Igennem den sidste måned, hvor ofte har du taget medicin (på recept eller i håndkøb) for at hjælpe dig med at sove?;1;Ikke igennem den sidste måned;Not during the past month;;;;
pittsburgh_sleep_quality_index_psqi;psqi_8_dysfunction;Igennem den sidste måned, hvor ofte har du haft problemer med at holde dig vågen imens du kører bil, du spiser et måltid mad, eller er i gang med sociale aktiviteter?;1;Ikke igennem den sidste måned;Not during the past month;;;;
adverse_events;ae_grade;Gradering;4;Ikke relevant;Not relevant ;;;;
social_support_for_eating_habits;ssfeh_family_unhealthy_food;Familie;6;Ikke relevant;Not relevant ;;;;
social_support_for_eating_habits;ssfeh_friends_unhealthy_food;Venner;6;Ikke relevant;Not relevant ;;;;
social_support_for_eating_habits;ssfeh_family_diet_change;Familie;6;Ikke relevant;Not relevant ;;;;
social_support_for_eating_habits;ssfeh_friends_diet_change;Venner;6;Ikke relevant;Not relevant ;;;;
social_support_for_eating_habits;ssfeh_family_fat_salt;Familie;6;Ikke relevant;Not relevant ;;;;
social_support_for_eating_habits;ssfeh_friends_fat_salt;Venner;6;Ikke relevant;Not relevant ;;;;
social_support_for_eating_habits;ssfeh_family_compliments;Familie;6;Ikke relevant;Not relevant ;;;;
social_support_for_eating_habits;ssfeh_friends_compliments;Venner;6;Ikke relevant;Not relevant ;;;;
social_support_for_eating_habits;ssfeh_family_comments;Familie;6;Ikke relevant;Not relevant ;;;;
social_support_for_eating_habits;ssfeh_friends_comment;Venner;6;Ikke relevant;Not relevant ;;;;
social_support_for_eating_habits;ssfeh_family_eat_unhealthy;Familie;6;Ikke relevant;Not relevant ;;;;
social_support_for_eating_habits;ssfeh_friends_eat_unhealthy;Venner;6;Ikke relevant;Not relevant ;;;;
social_support_for_eating_habits;ssfeh_family_refuse_same_food;Familie;6;Ikke relevant;Not relevant ;;;;
social_support_for_eating_habits;ssfeh_friends_refuse_same_food;Venner;6;Ikke relevant;Not relevant ;;;;
social_support_for_eating_habits;ssfeh_family_brought_food_avoid;Familie;6;Ikke relevant;Not relevant ;;;;
social_support_for_eating_habits;ssfeh_friends_brought_food_avoid;Venner;6;Ikke relevant;Not relevant ;;;;
social_support_for_eating_habits;ssfeh_family_angry;Familie;6;Ikke relevant;Not relevant ;;;;
social_support_for_eating_habits;ssfeh_friends_amgry;Venner;6;Ikke relevant;Not relevant ;;;;
social_support_for_eating_habits;ssfeh_family_offered_food;Familie;6;Ikke relevant;Not relevant ;;;;
social_support_for_eating_habits;ssfeh_friends_offered_food;Venner;6;Ikke relevant;Not relevant ;;;;
ekstra_kontakt;contact_reason_specification;Er afvigelsen relateret til:;4;Ingen af delene;None of the options;;;;
yale_food_addiction_scale_yfas;yfas_problem_foods;Sæt kryds ved ALLE de følgende fødevarer, du har problemer med:;27;Ingen af ovenstående;None of the above ;;;;
besg_1_screening;treatment_v1;Får deltageren én eller flere af følgende behandlinger?Hvis deltageren kan svare ja til én eller flere af behandlingerne, kan deltageren inkluderes i studiet.;3;Inkretinbaseret medicin (fx GLP-1 RA);Incretin-based medication (e.g., GLP-1 RA);;;;
pittsburgh_sleep_quality_index_psqi;psqi_9_enthusiasm;Igennem den sidste måned, hvor stort et problem har det været for dig at opretholde nok entusiasme til at få tingene gjort?;1;Intet problem overhovedet;No problem at all;;;;
fase_2_ditetiske_afvigelser;reason_dietary_deviation_2;Årsag til afvigelse:;2;Intolerance;Intolerance;;;;
fase_3_ditetiske_afvigelser;reason_dietary_deviation_3;Årsag til afvigelse:;2;Intolerance;Intolerance;;;;
yale_food_addiction_scale_yfas;yfas_problem_foods;Sæt kryds ved ALLE de følgende fødevarer, du har problemer med:;1;Is;Icecream ;;;;
stamdata;dropout_baseline;Udgået mellem baselinebesøgene (V1, V2, V3 og V4)?;1;Ja;Yes;;;;
stamdata;dropout_intervention;Er personen udgået under interventionsperioden?;1;Ja;Yes;;;;
stamdata;interventionen_completed;Deltageren har gennemført 52 ugers intervention;1;Ja;Yes;;;;
adverse_events;ae_ended;Er hændelsen/bivirkningen slut?;1;Ja;Yes;;;;
adverse_events;ae_related_study;Relation til forsøget;1;Ja;Yes;;;;
bookinger;visits_calendar_updates;Er datoer for besøg indført i 1. ON LiMiT-kalenderen 2. Deltagerens projektapp 3. Projektmedarbejdernes Outlook-kalendere;1;Ja;Yes;;;;
prscreening_telefoninterview_frste_kontakt;aim_phoneinterview_v0;"Har projektmedarbejder forklaret formålet med telefoninterviewet til deltager? Som projektmedarbejder kan du sige: ""Formålet med telefoninterviewet er at give dig en kort introduktion til ON LiMiT pilotstudiet og stille nogle spørgsmål for at se, om du opfylder de indledende kriterier for at kunne deltage. Hvis kriterierne er opfyldt, og du stadig har lyst til at være med, inviterer vi dig til et informations- og opstartsmøde på SDCC. Det møde foregår fysisk og inkluderer også en screening, hvis du fortsat ønsker at deltage i studiet.""";1;Ja;Yes;;;;
prscreening_telefoninterview_frste_kontakt;oral_constent_v0;Har deltageren afgivet mundtligt samtykke til, at de indsamlede oplysninger under dette telefoninterview registreres i REDCap?;1;Ja;Yes;;;;
prscreening_telefoninterview_frste_kontakt;short_intro_onlimit_v0;Er deltageren kort blevet introduceret til ON LiMiT pilotstudiet?Kort introduktion til ON LiMiT pilotstudie: Type 2-diabetes er en kronisk sygdom med forhøjet blodsukker, som man udgangspunkt har resten af livet. Forskning viser, at vægttab og livsstilsændringer med den rette kost, motion og støtte kan sænke blodsukkeret, i sådan en grad, at nogle kan undvære medicin - det kaldes remission. ON LiMiT er et forskningsprojekt, der undersøger, om et struktureret kost- og træningsprogram kan sænke og fastholde blodsukkeret uden medicin - og hvordan det fungerer i praksis i en almindelig hverdag. I dette første pilotstudie deltager 24 personer i et 12-måneders forløb, som er inddelt i tre faser: Fase 1: Måltidserstatning og vægttab (12 uger) Deltagerne starter med en 12 ugers måltidserstatningskur (Nupo) med fokus på vægttab. OBS: Informér deltageren om, hvornår denne fase cirka kommer til at ligge for dem. Fx så de ved, at det vil strække sig over sommerferien. Fase 2: Kost og træning (6 uger) Efter vægttabsfasen bliver deltagerne tilfældigt fordelt i to grupper: Gruppe 1: Kost med et moderat kulhydratindhold + gradvis tilvending til højintensitetstræning 3 gange om ugen Gruppe 2: Kost med lavt et kulhydratindhold + gradvis tilvending til højintensitetstræning 3 gange om ugen Overgangen fra måltidserstatning til kostgrupperne sker gradvist ved hjælp af måltidskasser. Deltagerne får et betalt medlemskab til PureGym og vil indgå i en fast træningsgruppe med superviseret træning 2 gange om ugen (det vil sige, at træningen foretages af en instruktør) samt én selvstændig træning - alene eller aftalt med en eller flere fra sin træningsgruppe. Fase 3: Vedligeholdelse (34 uger) I den sidste fase skal deltagerne fortsætte med den tildelte kost og træning i yderligere 34 uger. Deltagerne bliver under hele forløbet støttet af diætister og trænere - både individuelt og i grupper. Vi undersøger bl.a., om programmet fungerer i praksis, om deltagerne kan følge det i hverdagen, og om de føler sig trygge og tilstrækkeligt støttet. Vi vurderer også, om de planlagte målinger og procedurer fungerer som forventet. Når man starter i studiet, stopper man sin diabetesmedicin, og man bliver fulgt tæt af sin egen læge, sundhedsprofessionelle og projektmedarbejdere på Steno Diabetes Center Copenhagen. Vi sørger for at holde øje med dit blodsukker gennem projektet, både via regelmæssige blodsukkermålinger (CGM), almindelige blodsukkermålinger via fingerprik og ved måling af langtidsblodsukker (HbA1c). Deltagerne skal møde til 10 besøgsdage på SDCC fordelt over et år, hvor der laves forskellige målinger og undersøgelser. Derudover skal man i perioder registrere sin kost, bære aktivitetsur og aflevere forskellige prøver (urin og afføring).;1;Ja;Yes;;;;
prscreening_telefoninterview_frste_kontakt;info_read_v0;Har deltageren læst den skriftlige information?;1;Ja;Yes;;;;
prscreening_telefoninterview_frste_kontakt;info_questions_v0;Har deltageren nogle spørgsmål på nuværende tidspunkt? Gør deltageren opmærksom på, at vedkommende også kan stille spørgsmål ved informations- og screeningsbesøget (besøg 1). Dette besøg vil blive booket, hvis deltageren fortsat er interesseret i at deltage og opfylder de indledende inklusionskriterier.;1;Ja;Yes;;;;
prscreening_telefoninterview_frste_kontakt;t2d_diagnose_v0;Er deltageren blevet diagnosticeret med type 2-diabetes?;1;Ja;Yes;;;;
prscreening_telefoninterview_frste_kontakt;sp_consent_v0;Har deltageren givet samtykke til, at vi må slå dem op i SP?;1;Ja;Yes;;;;
prscreening_telefoninterview_frste_kontakt;weight_change_v0;Har deltagerens vægt været nogenlunde stabil (+/- 3 kg) gennem de sidste 3 måneder?;1;Ja;Yes;;;;
prscreening_telefoninterview_frste_kontakt;insulin_use_v0;1. Har deltageren fået insulinbehandling inden for de sidste 6 måneder (uanset type)?;1;Ja;Yes;;;;
prscreening_telefoninterview_frste_kontakt;heart_failure_v0;2. Har deltageren hjertesvigt (med en pumpefunktion SGLT-2-hæmmere kender deltageren ofte som Forxiga eller Jardiance.;1;Ja;Yes;;;;
prscreening_telefoninterview_frste_kontakt;cvd_v0;3. Har deltageren en kendt hjerte-kar-sygdom, der omfatter tidligere blodprop i hjerte eller hjerne, hvor der fx er ordineret inkretinbaseret medicin og/eller SGLT-2-hæmmer? Inkretinbaseret medicin kender deltageren ofte som Ozempic eller Rybelsus. SGLT-2-hæmmere kender deltageren ofte som Forxiga eller Jardiance.;1;Ja;Yes;;;;
prscreening_telefoninterview_frste_kontakt;kidney_function_v0;4. Har deltageren nyresygdom (eGFR ≥ 30 mg/g) i mindst 3 måneder) og er i behandling med eller skal starte i behandling med SGLT-2-hæmmere? SGLT-2-hæmmere kender deltageren også som Forxiga eller Jardiance.;1;Ja;Yes;;;;
prscreening_telefoninterview_frste_kontakt;physical_health_v0;5. Har deltageren somatisk sygdom, der kontraindicerer fysisk aktivitet som planlagt i interventionen?Har deltageren nogle fysiske helbredsproblemer, der forhindrer deltagelse i fysisk aktivitet som planlagt i interventionen?;1;Ja;Yes;;;;
prscreening_telefoninterview_frste_kontakt;food_allergies_v0;6. Har deltageren kostrestriktioner eller allergier, der forhindrer overholdelse af den planlagte kostintervention?;1;Ja;Yes;;;;
prscreening_telefoninterview_frste_kontakt;pregnant_v0;7. Er deltageren gravid eller planlægger graviditet inden for det næste år?;1;Ja;Yes;;;;
prscreening_telefoninterview_frste_kontakt;antabus_v0;8. Har deltageren et aktuelt alkohol- eller stofmisbrug eller modtager behandling for alkoholafhængighed (fx medicinsk behandling)?;1;Ja;Yes;;;;
prscreening_telefoninterview_frste_kontakt;psychiatric_disease_v0;9. Er deltageren diagnosticeret med en psykisk lidelse? Som projektmedarbejder kan du sige: Har du nogensinde fået stillet en diagnose af en læge eller psykolog for en psykisk lidelse (fx depression, angst eller bipolar lidelse)?;1;Ja;Yes;;;;
prscreening_telefoninterview_frste_kontakt;psychiatric_disease_medication_change_v0;9b. Hvis deltageren får medicin for psykisk lidelse, har der da været ændringer i medicinen de sidste 3 måneder?Som projektmedarbejder kan du sige:Tager du medicin for den psykiske lidelse? Hvis ja, har der været ændringer i din medicin inden for de seneste 3 måneder (fx ændret dosis, præparat eller seponering)?;1;Ja;Yes;;;;
prscreening_telefoninterview_frste_kontakt;psychiatric_hospitalization_v0;9d. Har deltageren været set akut eller været indlagt i psykiatrisk regi de sidste 6 måneder?Som projektmedarbejder kan du sige:Har du inden for de seneste 6 måneder haft kontakt til psykiatrisk skadestue eller været indlagt på en psykiatrisk afdeling?;1;Ja;Yes;;;;
prscreening_telefoninterview_frste_kontakt;psychiatric_disease_barrier_v0;9e. Vurderer projektmedarbejder, at psykisk lidelse af anden årsag end ovenstående forhindrer deltagelse i studiet?;1;Ja;Yes;;;;
prscreening_telefoninterview_frste_kontakt;binge_eating_v0;10. Er deltageren diagnosticeret med overspisningslidelse (binge eating disorder)? Som projektmedarbejder kan du sige: Har en læge eller psykolog nogensinde nævnt, at du har en overspisningslidelse (binge eating disorder)?;1;Ja;Yes;;;;
prscreening_telefoninterview_frste_kontakt;other_intervention_v0;11. Er deltageren medvirkende (eller planlægger at medvirke) i andre kliniske forsøg, der indebærer livsstilsintervention eller medicinsk behandling?;1;Ja;Yes;;;;
prscreening_telefoninterview_frste_kontakt;language_barrier_v0;12. Har deltageren udfordringer med at forstå dansk - både skriftligt og mundtligt?;1;Ja;Yes;;;;
prscreening_telefoninterview_frste_kontakt;compliance_risk_v0;13. Er det vurderet, at deltageren vil kunne overholde forsøgets procedurer og/eller interventioner (f.eks. fremmøde, målinger, vejledninger)?;1;Ja;Yes;;;;
prscreening_telefoninterview_frste_kontakt;eligible_v0;Kan deltageren efter præscreening stadig deltage i projektet?;1;Ja;Yes;;;;
prscreening_telefoninterview_frste_kontakt;continue_v0;Ønsker deltageren at fortsætte i projektet efter interviewet?;1;Ja;Yes;;;;
prscreening_telefoninterview_frste_kontakt;book_sp_v0;Er deltageren blevet booket til besøg 1 i SP-kalender?;1;Ja;Yes;;;;
prscreening_telefoninterview_frste_kontakt;book_outlook_v0;Er deltageren blevet booket til besøg 1 i Outlook-kalender?;1;Ja;Yes;;;;
prscreening_telefoninterview_frste_kontakt;mail_v0;"Er der sendt en sikker mail med informationer om screeningsbesøget til deltageren? Deltageren får på den måde besked i e-boks om den aftalte tid. Husk derfor deltageren på at tjekke e-boks. De kan også med fordel downloade appen ""MinSundhed"" eller ""MinSP"", hvor tiden også vil kunne ses. Se ""SOP Præscreening"" for fremgangsmåde.";1;Ja;Yes;;;;
prscreening_telefoninterview_frste_kontakt;relative_v1_v0;Ønsker deltageren at tage en pårørende med til besøg 1? Du kan sige: Vi vil meget gerne opfordre dig til at tage en pårørende med til screeningsbesøget. Det kan være en partner, et familiemedlem eller en god ven. Det giver ofte en god fælles forståelse af projektet og kan være en stor større for dig undervejs.;1;Ja;Yes;;;;
prscreening_telefoninterview_frste_kontakt;book_online_meeting_v0;Er der booket online informationsmøde med deltageren? Husk at booke i SP-kalender, Outlook-kalender og deltagerens kalender.;1;Ja;Yes;;;;
randomisering;randomisation_yn;Skal deltageren randomiseres?;1;Ja;Yes;;;;
fr_besgsdag_1_screening;bloodsamples_order_wfv1;Er der bestilt screeningsblodprøve-pakke i SP: SCF00633?;1;Ja;Yes;;;;
fr_besgsdag_1_screening;cgm_ready_wfv1;Er en af de 3 CGM-readere opladt og lagt klar sammen med en ny sensor til screening?Findes i ON LiMiT-skabet på forsningsgangen.;1;Ja;Yes;;;;
fr_besgsdag_1_screening;cgm_zip_wfv1;Er der lagt en zippose frem med CGM-sensorens sensor-nummer og deltagerens ID-nummer skrevet på?;1;Ja;Yes;;;;
fr_besgsdag_1_screening;sens_ready_wfv1;Er zippose med aktivitetsmåler (SENS), plaster, ekstra plaster, desinficeringsserviet og registreringsskema lagt klar?;1;Ja;Yes;;;;
fr_besgsdag_1_screening;sens_sign_in_wfv1;Er deltager oprettet i SENS webappen? Se ID-nummer på aktivitetsmåler i zipposen (skal bruges til oprettelsen).;1;Ja;Yes;;;;
fr_besgsdag_1_screening;liva_ready_wfv1;Er deltager oprettet på Liva-platformen?;1;Ja;Yes;;;;
besg_1_screening;identified_name_cpr_v1;Er deltageren identificereret med navn og CPR-nummer?;1;Ja;Yes;;;;
besg_1_screening;relative_v1;Er der pårørende med til besøget?;1;Ja;Yes;;;;
besg_1_screening;aim_screening_v1;"Har deltageren fået en gennemgang af formålet med informations- og screeningsbesøget? Se ""SOP - Inspirationssætninger til projektintro""";1;Ja;Yes;;;;
besg_1_screening;consent_info_read_v1;1. Har deltageren læst den skriftlige information?;1;Ja;Yes;;;;
besg_1_screening;consent_info_given_v1;"2. Er der givet mundtlig information om projektet, og hvad deltagelse indebærer? OBS: Informér deltageren om, hvornår vægttabsfasen cirka kommer til at ligge for dem. Fx så de ved, at det vil strække sig over sommerferien. Se ""SOP - Inspirationssætninger til projektmedarbejder""";1;Ja;Yes;;;;
besg_1_screening;consent_24h_reflection_v1;3. Er deltageren blevet gjort opmærksom på retten til min. 24 timers betænkningstid?;1;Ja;Yes;;;;
besg_1_screening;consent_24h_reflection_use_v1;3a. Ønsker deltageren at benytte sig af 24 timers betænkningstid?;1;Ja;Yes;;;;
besg_1_screening;consent_24h_reflection_date_planned_participant_v1;Er aftale for telefonisk opfølgning skrevet i deltagers kalender?;1;Ja;Yes;;;;
besg_1_screening;consent_24h_reflection_date_planned_staff_v1;Er aftale for telefonisk opfølgning skrevet i projektpersonales kalender?;1;Ja;Yes;;;;
besg_1_screening;consent_questions_asked_v1;4. Er deltageren blevet spurgt, om vedkommende har nogle spørgsmål?;1;Ja;Yes;;;;
besg_1_screening;consent_time_commitment_asked_v1;5. Er deltageren blevet spurgt, om vedkommende er indstillet på det tidsforbrug, forsøgsdeltagelsen kræver?;1;Ja;Yes;;;;
besg_1_screening;consent_signed_v1;6. Har deltageren underskrevet samtykkeerklæringen?;1;Ja;Yes;;;;
besg_1_screening;staff_signed_consent_v1;7. Har projektmedarbejderen underskrevet samtykkeerklæringen?;1;Ja;Yes;;;;
besg_1_screening;consent_copy_taken_v1;8. Er der blevet taget en fotokopi af samtykkeerklæringen?;1;Ja;Yes;;;;
besg_1_screening;consent_copy_given_v1;9. Har deltageret fået en fotokopi af samtykkeerklæringen?;1;Ja;Yes;;;;
besg_1_screening;consent_original_filed_v1;10. Er den originale samtykkeerklæring blevet lagt i mappen på L-drevet?;1;Ja;Yes;;;;
besg_1_screening;contact_other_trials_v1;Må vi kontakte deltageren til andre forsøg?;1;Ja;Yes;;;;
besg_1_screening;wants_results_v1;Ønsker deltageren at få sine resultater fra projektet?;1;Ja;Yes;;;;
besg_1_screening;t2d_diagnose_v1;Er deltageren diagnosticeret med type 2-diabetes?;1;Ja;Yes;;;;
besg_1_screening;weight_change_v1;Har deltagerens vægt været nogenlunde stabil (+/- 3 kg) gennem de sidste 3 måneder?;1;Ja;Yes;;;;
besg_1_screening;insulin_use_v1;1. Har deltageren fået insulinbehandling inden for de sidste 6 måneder (uanset type)?;1;Ja;Yes;;;;
besg_1_screening;heart_failure_v1;2. Har deltageren hjertesvigt (med en pumpefunktion SGLT-2-hæmmere kender deltageren ofte som Forxiga eller Jardiance. Medicinlisten skal gennemgås, hvor forsøgsansvarlige læge er indenover.;1;Ja;Yes;;;;
besg_1_screening;cvd_v1;3. Har deltageren en kendt hjerte-kar-sygdom, der omfatter tidligere blodprop i hjerte eller hjerne, hvor der er ordineret inkretinbaseret medicin og/eller SGLT-2-hæmmer? Inkretinbaseret medicin kender deltageren ofte som Ozempic eller Rybelsus. SGLT-2-hæmmere kender deltageren ofte som Forxiga eller Jardiance. Medicinlisten skal gennemgås, hvor forsøgsansvarlige læge er indenover.;1;Ja;Yes;;;;
besg_1_screening;kidney_disease_v1;4. Har deltageren nyresygdom (eGFR ≥ 30 mg/g) i mindst 3 måneder) og er i behandling med eller skal starte i behandling med SGLT-2-hæmmere?;1;Ja;Yes;;;;
besg_1_screening;physical_health_v1;5. Har deltageren somatisk sygdom, der kontraindicerer fysisk aktivitet som planlagt i interventionen? Har deltageren nogle fysiske helbredsproblemer, der forhindrer deltagelse i fysisk aktivitet som planlagt i interventionen?;1;Ja;Yes;;;;
besg_1_screening;food_allergies_v1;6. Har deltageren kostrestriktioner eller allergier, der forhindrer overholdelse af den planlagte kostintervention?;1;Ja;Yes;;;;
besg_1_screening;pregnant_v1;7. Er deltageren gravid eller planlægger graviditet inden for det næste år?;1;Ja;Yes;;;;
besg_1_screening;alcohol_or_substance_misuse_v1;8. Har deltageren et aktuelt alkohol- eller stofmisbrug eller modtager behandling for alkoholafhængighed (fx medicinsk behandling)?;1;Ja;Yes;;;;
besg_1_screening;psychiatric_disease_v1;9. Er deltageren diagnosticeret med en psykisk lidelse? Som projektmedarbejder kan du sige: Har du nogensinde fået stillet en diagnose af en læge eller psykolog for en psykisk lidelse (fx depression, angst, bipolar lidelse eller lignende)?;1;Ja;Yes;;;;
besg_1_screening;psychiatric_disease_medication_change_v1;9b. Hvis deltageren får medicin for psykisk lidelse, har der da været ændringer i medicinen de sidste 3 måneder?Som projektmedarbejder kan du sige: Tager du medicin for den psykiske lidelse? Hvis ja, har der været ændringer i din medicin inden for de seneste 3 måneder (fx ændret dosis, præparat eller seponering)?;1;Ja;Yes;;;;
besg_1_screening;psychiatric_hospitalization_v1;9d. Har deltageren været set akut eller været indlagt i psykiatrisk regi de sidste 6 måneder? Som projektmedarbejder kan du sige: Har du inden for de seneste 6 måneder haft kontakt til psykiatrisk skadestue eller været indlagt på en psykiatrisk afdeling?;1;Ja;Yes;;;;
besg_1_screening;psychiatric_disease_barrier_v1;9e. Vurderer projektmedarbejder, at psykisk lidelse af anden årsag end ovenstående forhindrer deltagelse i studiet?;1;Ja;Yes;;;;
besg_1_screening;binge_eating_v1;10a. Er deltageren diagnosticeret med overspisningslidelse (binge eating disorder)? Som projektmedarbejder kan du sige: Har en læge eller psykolog nogensinde nævnt, at du kunne have overspisningslidelse (binge eating disorder)?;1;Ja;Yes;;;;
besg_1_screening;other_intervention_v1;11. Er deltageren medvirkende (eller planlægger at medvirke) i andre kliniske forsøg, der indebærer livsstilsintervention eller medicinsk behandling?;1;Ja;Yes;;;;
besg_1_screening;language_barrier_v1;12. Har deltageren udfordringer med at forstå dansk - både skriftligt og mundtligt?;1;Ja;Yes;;;;
besg_1_screening;compliance_risk_v1;13. Er det vurderet, at deltageren vil kunne overholde forsøgets procedurer og/eller interventioner (f.eks. fremmøde, målinger, vejledninger)?;1;Ja;Yes;;;;
besg_1_screening;medicinelist_v1;Er medicinlisten gennemgået med deltageren og eventuelle ændringer noteret tydeligt?;1;Ja;Yes;;;;
besg_1_screening;other_medicine_v1;Tager deltageren anden medicin end angivet ovenfor?;1;Ja;Yes;;;;
besg_1_screening;supplements_v1;Tager deltageren nogle former for vitamin-/mineraltilskud eller andre kosttilskud?;1;Ja;Yes;;;;
besg_1_screening;medicine_list_physical_v1;Er den opdaterede medicinliste lagt i mappen på kontoret under deltagerens ID?;1;Ja;Yes;;;;
besg_1_screening;medicine_doctor_v1;Skal medicin gennemgås med læge?;1;Ja;Yes;;;;
besg_1_screening;medicine_doctor_review_v1;Er medicin blevet gennemgået med læge?;1;Ja;Yes;;;;
besg_1_screening;screening_complete_v1;Er screeningsinstrumentet fuldstændig udfyldt?;1;Ja;Yes;;;;
besg_1_screening;inclusion_criteria_met_v1;Er inklusionskriterier opfyldt?;1;Ja;Yes;;;;
besg_1_screening;exclusion_criteria_reviewed_v1;Er eksklusionskriterierne gennemgået?;1;Ja;Yes;;;;
besg_1_screening;stamdata_complete_v1;Er nødvendig data om personen i stamdata-instrumentet registreret?;1;Ja;Yes;;;;
besg_1_screening;inclusion_v1;Kan deltageren inkluderes i ON LiMiT feasibility-studiet?;1;Ja;Yes;;;;
besg_1_screening;blood_sample_taken_v1;Har deltageren fået taget en blodprøve?;1;Ja;Yes;;;;
besg_1_screening;gad65_waiting_v1;Gør så meget som muligt færdigt i screeningsbesøget. Der planlægges en opfølgende telefonsamtale. Er den planlagt? Husk at skrive aftalen ind i projektpersonales Outlook-kalender og deltagerens kalender. Hvis GAD65-antistof er negativ: Kandidaten opfylder ikke eksklusionskriteriet. Der bookes en ny tid til at afslutte screeningsbesøget. Hvis GAD65-antistof er positiv: Kandidaten opfylder eksklusionskriteriet og kan ikke inkluderes i studiet.;1;Ja;Yes;;;;
besg_1_screening;ecg_performed_v1;Har deltageren fået taget et EKG?;1;Ja;Yes;;;;
besg_1_screening;egc_approved_v1;"Er EKG godkendt af en læge? Når man tager EKG'et, og man på apparatet trykker ""godkend"" eller ""udført"", sendes det automatisk til deltagerens SP. Her kan lægen også åbne det og kigge det igennem, hvis ikke lægen er til stede til selve screeningen.";1;Ja;Yes;;;;
besg_1_screening;visit2_scheduled_v1;Er besøgstider for V2, V3 og V4 booket ind i deltagerens kalender og/eller Liva?Husk at opdatere bookinginstrumentet!;1;Ja;Yes;;;;
besg_1_screening;appointments_booked_outlook_calendar_v1;Er besøgstider for V2, V3 og V4 booket ind i ON LiMiT-kalenderen i Outlook?;1;Ja;Yes;;;;
besg_1_screening;appointments_booked_sp_v1;Er besøgstider for V2, V3 og V4 booket ind i SP?;1;Ja;Yes;;;;
besg_1_screening;sp_reminder_installed_v1;Har deltageren 'Min SP', så deltageren kan se aftaletidspunkter, og der kan modtages påmindelser om tider i projektet?;1;Ja;Yes;;;;
besg_1_screening;easy_sms_v1;Er deltageren tilmeldt NemSMS, så der automatisk udsendes påmindelser om aftaler?;1;Ja;Yes;;;;
besg_1_screening;research_active_sp_v1;Er deltageren gjort forskningsaktiv i SP?;1;Ja;Yes;;;;
besg_1_screening;sp_note_visit_v1;Er der skrevet et notat for besøget i SP?;1;Ja;Yes;;;;
besg_1_screening;handed_out_v1;Er der udleveret deltagermappe?;1;Ja;Yes;;;;
besg_1_screening;participant_folder_v1;Er informationen i deltagermappen gennemgået? Bed deltageren om at medbringe deltagermappen hver gang, de er til besøg;1;Ja;Yes;;;;
besg_1_screening;participant_folder_questioins_v1;Har deltageren nogle spørgsmål til materialet i deltagermappen?;1;Ja;Yes;;;;
besg_1_screening;study_app_installation_v1;Har deltageren fået installeret studieappen (Liva) på sin telefon?;1;Ja;Yes;;;;
besg_1_screening;study_app_install_plan_v1;Er der en plan for, hvordan og hvornår studieappen bliver installeret?;1;Ja;Yes;;;;
besg_1_screening;study_app_instruction_v1;"Er deltageren blevet instrueret i brugen af studieappen og informeret om monitorering gennem studieappen? Som projektmedarbejder kan du sige: ""Studieappen vil fungere som din digitale støtte under hele forløbet. Det er her, du har din personlige sundhedsvejledning lige ved hånden på din smartphone.I appen kan du nemt registrere dine hjemmemålinger, som fx vægt, blodsukker og blodtryk. Når du registrerer dine målinger, kan vi i projektet følge med og reagere, hvis der er noget, vi skal være opmærksomme på undervejs. Det hjælper os med at støtte dig bedst muligt undervejs og sikre, at alt forløber, som det skal. Hvis vi kan se, at du fx ikke har fået trænet som planlagt, ikke har registreret dine måltider, eller hvis noget ser anderledes ud end forventet, så rækker vi ud for at høre, hvordan det går, og hvordan vi eventuelt kan hjælpe dig.Appen hjælper dig også med at huske, hvornår du skal lave dine hjemmeprøver og -målinger. Du vil få påmindelser i appen, så du ikke selv skal holde styr på det hele.Appen gør det desuden også let for dig at komme i kontakt med projektets diætister, trænere og andre projektmedarbejdere. Har du spørgsmål, er i tvivl om noget eller har brug for støtte, kan du altid skrive til os direkte i appen.Derudover giver appen mulighed for et online fællesskab med de andre deltagere i din gruppe, hvor I kan dele erfaringer, stille spørgsmål og støtte hinanden undervejs"". Vis, hvordan man ser besøg, skriver en besked og registrerer et mål.";1;Ja;Yes;;;;
besg_1_screening;diet_record_explained_v1;"Er instruktionerne for udfyldelse af en 3-dages kostregistrering på MyFood24 gennemgået med deltageren? Brug link til at se/vise: Hvordan det ser ud for deltageren Som projektmedarbejder kan du sige: ""Du skal registrere din kost 5 gange i løbet af projektperioden: Uge 0 (baseline), 18, 24, 26 og 51. Kostregistreringen foregår via en hjemmeside som hedder MyFood24. Når det er tid til at registrere, modtager du et link gennem studieappen (Liva), som sender dig en påmindelse og et personligt link. Hvis du ikke udfylder registreringen, udsender vi op til 3 remindere. Hvis registreringen stadig ikke er gennemført, bliver du kontaktet af projektdiætisten. ""Du skal hver gang kostregistrere i 3 dage. Dvs. hver af de 3 dage skal du bruge samme link og vælge den aktuelle dato samt huske at trykke ""Afslut"" hver dag, så du ser ""Mange tak fordi du udfyldte MyFood24"" (vis dem evt. billede fra deltagermappe). Du skal hver dag angive, hvilke fødevarer du har spist og eventuelle drikkevarer med så præcise portionsstørrelser som muligt. Du vil ikke behøve at veje din mad, da MyFood24 indeholder forskellige billeder og estimater, som hjælper dig med at angive mængden."" ""I din deltagermappe finder du en trinvis guide til, hvordan du foretager en kostregistrering.""";1;Ja;Yes;;;;
besg_1_screening;myfood24_calendar_v1;"Er der oprettet en aftale i ON LiMiT-kalenderen om at sende link til deltageren i Liva? Skriv fx ""Send link til MyFood24 til ID09"". Invitér projektdiætister til aftalen (NP og GS).";1;Ja;Yes;;;;
besg_1_screening;cgm_info_v1;"Har deltageren fået information om brugen af blodsukkersensor (CGM)?Information om brug til blodsukkersensor (CGM). Som projektmedarbejder kan du sige: ""Ved denne undersøgelse påsætter vi en blodsukkersensor på dig, som du skal bære i 10 dage. I dag sætter vi den på, og sætter derefter sammen en påmindelse i din personlige kalender, når der er gået 10 dage om, at du skal tage den af. Blodsukkersensoren vil automatisk måde dit blodsukker hele døgnet i de 10 dage du har den på og gemme målingerne. Når du tager blodsukkersensoren af, skal du ligge den i denne zip-pose, og tage den med til næste besøg. Når vi modtager blodsukkersensoren fra dig, vil vi aflæse målingerne. Når du bærer blodsukkersensoren i de 10 dage, skal du leve, som du normalt gør (dvs. gå i bad mm. som du plejer). Dog kan eks. hyppig sauna øge risikoen for, at sensoren falder af før tid. Hvis den falder af - eller hvis der opstår spørgsmål - kan du ringe til ON LiMiT projekttelefonen: 21 47 18 16.""";1;Ja;Yes;;;;
besg_1_screening;cgm_v1;Er blodsukkersensoren (CGM) påsat?;1;Ja;Yes;;;;
besg_1_screening;gcm_envelop_given_v1;Har deltageren fået udleveret en zippose (CGM sensornummer påskrevet), som deltageren kan lægge CGM'en i efter aftagning - eller hvis den falder af?;1;Ja;Yes;;;;
besg_1_screening;sens_download_phone_v1;"Har deltageren fået downloadet SENS motion appen på sin mobil eller tablet? I deltagermappen findes ""SOP SENS Påsætning"", som har en QR-kode, deltagerne kan scanne for at downloade SENS motion app (Appstore og Google Play Store).";1;Ja;Yes;;;;
besg_1_screening;sens_turned_on_v1;Er aktivitetsmåleren tændt og måleperiode registreret i SENS webappen?OBS: Tjek batteri.;1;Ja;Yes;;;;
besg_1_screening;sens_applied_v1;Er aktivitetsmåler (SENS) påsat?;1;Ja;Yes;;;;
besg_1_screening;sens_info_v1;"Har deltageren fået information om brugen af aktivitetsmåler (SENS)?Information om brug til SENS: ""Du vil under projektperioden skulle have påsat en aktivitetsmåler (SENS) fire gange, og bære den i en måleperiode på 10 dage. Vi sætter en på dig i dag, som du vil skulle have på i 10 dage. Derefter må du tage den af. Du får en zippose med hjem, som du kan ligge den I og medbringe til næste besøg. Du må gerne tage korte brusebade, og du kan kortvarigt opholde dig i vand (f.eks. svømmehal eller havvand). Dog anbefales det ikke at opholde sig i længere badekar, spa eller meget varm vand. Derudover fraråder vi også, at du går i sauna i perioden du bærer aktivitetsmåleren. Du får et ekstra plaster med hjem i tilfælde af, at aktivitetsmåleren falder af og skal påsættes igen. Hvis dette sker, bør du notere i skemaet (i zipposen) hvornår aktivitetsmåleren blev fjernet, hvornår den blev påsat igen og evt. årsag til aftagningen. I din deltagermappe finder du en trinvis guide til, hvordan du påsætter aktivitetsmåleren igen. Hvis der bliver udfordringer med at påsætte aktivitetsmåleren igen, kontakter du os og vi finder ud af det sammen. Appen skal åbnes i nærheden af aktivitetsmåleren én gang i døgnet. Her skal du blot åbne appen uden at trykke på noget, da data automatisk overføres når appen har forbindelse til aktivitetsmåleren. Lad appen forblive åben i et par minutter. Du kan eksempelvis gøre dette hver aften, mens du børster tænder. I deltagermappen kan læse mere om hvordan du kan se om appen overfører data fra sensoren.";1;Ja;Yes;;;;
besg_1_screening;sens_patches_and_zip_given_v1;Har deltageren fået udleveret zippose (ekstra plaster og registreringsskema)?;1;Ja;Yes;;;;
besg_1_screening;stoolkit_given_visit2_v1;"Har deltageren fået udleveret information og materiale til hjemmetagning af afføringsprøver forud for besøg 2?Som projektmedarbejder kan du sige: ""Under projektperioden vil du i alt fire gange skulle foretage en afføringsprøve. Det skal ske forud for besøg 2, 6, 8 og 10*. Jeg udleverer materialerne til dig i dag. I din deltagermappe kan du finde en trinvis guide til, hvordan du foretager en afføringsprøve."" *Brug gerne figuren ""tidslinje"" til at pege på de gældende besøg.";1;Ja;Yes;;;;
besg_1_screening;info_before_mmtt_v1;"Er der informeret om hvilke forberedelser, der kræves forud for besøg 2 (MMTT)? Husk deltageren på at gennemgå ""Sådan forbereder du dig før besøg 2, 3, 4, 6, 8 og 10"" i deltagermappen forud for besøg 2. Som projektmedarbejder kan du herudover sige: ""Dit næste besøg er besøg 2. Her vil du skulle foretage en måltidstest og en finapres-måling (måling af det arterielle blodtryk). Denne forsøgsdag vil vare ca. 4,5 time. I din deltagermappe finder du information om forberedelser i de 24 timer før besøg 2, men jeg gennemgår det også med dig nu. Faste: Du skal faste i mindst 10 timer før måltidstesten, og du må derfor ikke spise noget efter kl. 22 aftenen før. Det sidste større måltid skal indtages senest mellem kl. 19-21 aftenen før. Du må gerne drikke vand. Om morgenen på forsøgsdagen må du drikke højst en halv liter vand. Motion og alkohol: Undgå hård motion og alkohol i 24 timer inden måltidstesten. Rygning og koffeinholdige drikkevarer: Undgå rygning og koffeinholdige drikkevarer (herunder kaffe, te, sodavand, alkohol) i 24 timer før og på selve morgenen for testen. Transport: Brug passiv transport (bil, bus, tog) til forsøgsstedet på testdagen (og ikke cykel). Medicin: Tag IKKE din morgenmedicin på morgenen for måltidstesten. Denne tages efter måltidstestens afslutning.""";1;Ja;Yes;;;;
foer_besoegsdag_2;book_bloodsample_wfv2;Er der bestilt blodprøver i SP (SCF00635)?;1;Ja;Yes;;;;
foer_besoegsdag_2;cgm_reader_ready_wfv2;Er CGM-reader brugt ved påsætning lagt klar?;1;Ja;Yes;;;;
besoegsdag_2;identified_name_cpr_v2;Er deltageren identificeret med navn og CPR-nummer?;1;Ja;Yes;;;;
besoegsdag_2;consent_share_info_gp_v2;Giver deltageren samtykke til videregivelse af relevante helbredsoplysninger fra projektet til egen læge?Samtykket kan til enhver tid trækkes tilbage.;1;Ja;Yes;;;;
besoegsdag_2;fasting_status_v2;Er deltageren fastende?;1;Ja;Yes;;;;
besoegsdag_2;alcohol_v2;Har deltageren afholdt sig fra at drikke alkohol de sidste 24 timer?;1;Ja;Yes;;;;
besoegsdag_2;caffeine_v2;Har deltageren afholdt sig fra at koffeinholdige drikkevarer de sidste 24 timer?;1;Ja;Yes;;;;
besoegsdag_2;no_exercise_24h_v2;Har deltageren undladt at være fysisk aktiv de sidste 24 timer?;1;Ja;Yes;;;;
besoegsdag_2;smoking_v2;Har deltageren afholdt sig fra rygning siden i går aftes?;1;Ja;Yes;;;;
besoegsdag_2;no_medication_before_v2;Har deltageren undladt at tage eventuel medicin før besøget?;1;Ja;Yes;;;;
besoegsdag_2;not_active_transportation_v2;Har deltageren transporteret sig til Steno ved brug af motoriseret/ikke-aktiv transport?;1;Ja;Yes;;;;
besoegsdag_2;stool_sample_v2;Har deltageren afleveret en afføringsprøve?;1;Ja;Yes;;;;
besoegsdag_2;sens_returned_v2;Er aktivitetsmåler (SENS) kommet retur?;1;Ja;Yes;;;;
besoegsdag_2;sens_early_removal_v2;Er aktivitetsmåleren blevet fjernet før tid?;1;Ja;Yes;;;;
besoegsdag_2;sens_upload_ldrive_v2;Er SENS-data indlæst og gemt på L-drevet (CSV-fil)? OBS: ikke afklaret endnu Gemmes som onlimit_ID_visit_test (eksempel: onlimit_5_v2_sens);1;Ja;Yes;;;;
besoegsdag_2;sensor_reuse_v2;Er den slukkede sensor lagt i den rigtige kasse (klar eller død)? Tjek batteritiden når aktivitetsmåler slukkes i SENS webappen. Se SOP SENS aftagning.;1;Ja;Yes;;;;
besoegsdag_2;cgm_returned_v2;Er CGM-sensor kommet retur?;1;Ja;Yes;;;;
besoegsdag_2;cgm_discontinue_v2;Er CGM-sensoren fjernet før tid?;1;Ja;Yes;;;;
besoegsdag_2;cgm_when_info_v2;Skriv til Carolien, hvornår CGM-sensor modtages og aflæses. Er det gjort?;1;Ja;Yes;;;;
besoegsdag_2;libreview_v2;Er data fra CGM-readeren indlæst på din computer via Libre View?;1;Ja;Yes;;;;
besoegsdag_2;cgm_csvsaved_ldrive_v2;Er CSV-fil med glukosedata indlæst og gemt på L-drevet?Gemmes som onlimit_ID_visit_test.csv (eksempel: onlimit_5_v2_cgm.csv);1;Ja;Yes;;;;
besoegsdag_2;cgm_pdfsaved_ldrive_v2;Er AGP-rapporten (PDF-fil) indlæst og gemt på L-drevet?Gemmes som onlimit_ID_visit_test.pdf (eksempel: onlimit_5_v2_cgm.pdf);1;Ja;Yes;;;;
besoegsdag_2;finapres_minus20_v2;Har deltageren gennemført Finapres 1 (tid -20)?;1;Ja;Yes;;;;
besoegsdag_2;bloodsample_minus15_v2;Er blodprøve 1 taget (tid -15)?;1;Ja;Yes;;;;
besoegsdag_2;vas_minus10_v2;Har deltageren gennemført VAS 1 (tid -10)?;1;Ja;Yes;;;;
besoegsdag_2;bloodsample_minus5_v2;Er blodprøve 2 taget (tid -5)?;1;Ja;Yes;;;;
besoegsdag_2;timer_started_v2;Er uret startet? Påbegyndelse af shake + bar = tid 0;1;Ja;Yes;;;;
besoegsdag_2;finapres_time15_v2;Har deltageren gennemført Finapres 2 (tid 15)?;1;Ja;Yes;;;;
besoegsdag_2;bloodsample_time30_v2;Er blodprøve 3 taget (tid 30)?;1;Ja;Yes;;;;
besoegsdag_2;vas_time30_v2;Har deltageren gennemført VAS 2 (tid 30)?;1;Ja;Yes;;;;
besoegsdag_2;finapres_time45_v2;Har deltageren gennemført Finapres 3 (tid 45)?;1;Ja;Yes;;;;
besoegsdag_2;bloodsample_time60_v2;Er blodprøve 4 taget (tid 60)?;1;Ja;Yes;;;;
besoegsdag_2;vas_time60_v2;Har deltageren gennemført VAS 3 (tid 60)?;1;Ja;Yes;;;;
besoegsdag_2;finapres_time75_v2;Har deltageren gennemført Finapres 4 (tid 75)?;1;Ja;Yes;;;;
besoegsdag_2;bloodsample_time90_v2;Er blodprøve 5 taget (tid 90)?;1;Ja;Yes;;;;
besoegsdag_2;vas_time90_v2;Har deltageren gennemført VAS 4 (tid 90)?;1;Ja;Yes;;;;
besoegsdag_2;finapres_time105_v2;Har deltageren gennemført Finapres 5 (tid 105)?;1;Ja;Yes;;;;
besoegsdag_2;bloodsample_time120_v2;Er blodprøve 6 taget (tid 120)?;1;Ja;Yes;;;;
besoegsdag_2;vas_time120_v2;Har deltageren gennemført VAS 5 (tid 120)?;1;Ja;Yes;;;;
besoegsdag_2;finapres_time135_v2;Har deltageren gennemført Finapres 6 (tid 135)?;1;Ja;Yes;;;;
besoegsdag_2;bloodsample_time180_v2;Er blodprøve 7 taget (tid 180)?;1;Ja;Yes;;;;
besoegsdag_2;vas_time180_v2;Har deltageren gennemført VAS 6 (tid 180 min)?;1;Ja;Yes;;;;
besoegsdag_2;finapres_time195_v2;Har deltageren gennemført Finapres 7 (tid 195)?;1;Ja;Yes;;;;
besoegsdag_2;bloodsample_time240_v2;Er blodprøve 8 taget (tid 240 min)?;1;Ja;Yes;;;;
besoegsdag_2;vas_time240_v2;Har deltageren gennemført VAS 7 (tid 240)?;1;Ja;Yes;;;;
besoegsdag_2;finapres_time255_v2;Har deltageren gennemført Finapres 8 (tid 255)?;1;Ja;Yes;;;;
besoegsdag_2;finapres_upload_ldrive_v2;Er Finapres-data indlæst og gemt i mappen på L-drevet? OBS: Der skal gemmes OTTE mapper, der hver indeholder 9 excelfiler. Gemmes som onlimit_ID_visit_nummer af undersøgelse_test_test (eksempel: onlimit_5_v4-3_fp);1;Ja;Yes;;;;
besoegsdag_2;food_v2;Har deltageren modtaget en bolle med ost og et stykke frugt?;1;Ja;Yes;;;;
besoegsdag_2;sens_deviation_v2;SENS;1;Ja;Yes;;;;
besoegsdag_2;mmtt_blood_deviation_v2;Blodprøver under MMTT;1;Ja;Yes;;;;
besoegsdag_2;finapres_deviation_v2;Finapres under MMTT;1;Ja;Yes;;;;
besoegsdag_2;vas_deviation_v2;VAS under MMTT;1;Ja;Yes;;;;
besoegsdag_2;other_deviations_v2;Andre afvigelser;1;Ja;Yes;;;;
foer_besoegsdag_3;book_bloodsample_wfv3;Er der bestilt blodprøver i SP (SCF00635)?;1;Ja;Yes;;;;
besoegsdag_3;identified_name_cpr_v3;Er deltageren identificeret med navn og cpr?;1;Ja;Yes;;;;
besoegsdag_3;relative_v3;Er der pårørende med til besøget ?;1;Ja;Yes;;;;
besoegsdag_3;fasting_status_v3;Er deltageren fastende?;1;Ja;Yes;;;;
besoegsdag_3;alcohol_v3;Har deltageren afholdt sig fra at drikke alkohol de sidste 24 timer?;1;Ja;Yes;;;;
besoegsdag_3;caffeine_v3;Har deltageren afholdt sig fra at koffeinholdige drikkevarer de sidste 24 timer?;1;Ja;Yes;;;;
besoegsdag_3;no_exercise_24h_v3;Har deltageren undladt at være fysisk aktiv de sidste 24 timer?;1;Ja;Yes;;;;
besoegsdag_3;smoking_v3;Har deltageren afholdt sig fra rygning siden i går aftes?;1;Ja;Yes;;;;
besoegsdag_3;no_medication_before_v3;Har deltageren undladt at tage eventuel medicin før besøget?;1;Ja;Yes;;;;
besoegsdag_3;not_active_transportation_v3;Har deltageren transporteret sig til Steno ved brug af motoriseret/ikke-aktiv transport?;1;Ja;Yes;;;;
besoegsdag_3;finapres_minus20_v3;Har deltageren gennemført Finapres 1 (tid -20)?;1;Ja;Yes;;;;
besoegsdag_3;bloodsample_minus15_v3;Er blodprøve 1 taget (tid -15)?;1;Ja;Yes;;;;
besoegsdag_3;vas_minus10_v3;Har deltageren gennemført VAS 1 (tid -10)?;1;Ja;Yes;;;;
besoegsdag_3;bloodsample_minus5_v3;Er blodprøve 2 taget (tid -5)?;1;Ja;Yes;;;;
besoegsdag_3;timer_started_v3;Er uret startet? Påbegyndelse af shake + bar = tid 0;1;Ja;Yes;;;;
besoegsdag_3;finapres_time15_v3;Har deltageren gennemført Finapres 2 (tid 15)?;1;Ja;Yes;;;;
besoegsdag_3;bloodsample_time30_v3;Er blodprøve 3 taget (tid 30)?;1;Ja;Yes;;;;
besoegsdag_3;vas_time30_v3;Har deltageren gennemført VAS 2 (tid 30)?;1;Ja;Yes;;;;
besoegsdag_3;finapres_time45_v3;Har deltageren gennemført Finapres 3 (tid 45)?;1;Ja;Yes;;;;
besoegsdag_3;bloodsample_time60_v3;Er blodprøve 4 taget (tid 60)?;1;Ja;Yes;;;;
besoegsdag_3;vas_time60_v3;Har deltageren gennemført VAS 3 (tid 60)?;1;Ja;Yes;;;;
besoegsdag_3;finapres_time75_v3;Har deltageren gennemført Finapres 4 (tid 75)?;1;Ja;Yes;;;;
besoegsdag_3;bloodsample_time90_v3;Er blodprøve 5 taget (tid 90)?;1;Ja;Yes;;;;
besoegsdag_3;vas_time90_v3;Har deltageren gennemført VAS 4 (tid 90)?;1;Ja;Yes;;;;
besoegsdag_3;finapres_time105_v3;Har deltageren gennemført Finapres 5 (tid 105)?;1;Ja;Yes;;;;
besoegsdag_3;bloodsample_time120_v3;Er blodprøve 6 taget (tid 120)?;1;Ja;Yes;;;;
besoegsdag_3;vas_time120_v3;Har deltageren gennemført VAS 5 (tid 120)?;1;Ja;Yes;;;;
besoegsdag_3;finapres_time135_v3;Har deltageren gennemført Finapres 6 (tid 135)?;1;Ja;Yes;;;;
besoegsdag_3;bloodsample_time180_v3;Er blodprøve 7 taget (tid 180)?;1;Ja;Yes;;;;
besoegsdag_3;vas_time180_v3;Har deltageren gennemført VAS 6 (tid 180 min)?;1;Ja;Yes;;;;
besoegsdag_3;finapres_time195_v3;Har deltageren gennemført Finapres 7 (tid 195)?;1;Ja;Yes;;;;
besoegsdag_3;bloodsample_time240_v3;Er blodprøve 8 taget (tid 240 min)?;1;Ja;Yes;;;;
besoegsdag_3;vas_time240_v3;Har deltageren gennemført VAS 7 (tid 240)?;1;Ja;Yes;;;;
besoegsdag_3;finapres_time255_v3;Har deltageren gennemført Finapres 8 (tid 255)?;1;Ja;Yes;;;;
besoegsdag_3;finapres_upload_ldrive_v3;Er Finapres-data indlæst og gemt i mappen på L-drevet? OBS: Der skal gemmes OTTE mapper, der hver indeholder 9 excelfiler. Gemmes som onlimit_ID_visit_nummer af undersøgelse_test_test (eksempel: onlimit_5_v4-3_fp);1;Ja;Yes;;;;
besoegsdag_3;food_v3;Har deltageren modtaget en bolle med ost og et stykke frugt?;1;Ja;Yes;;;;
besoegsdag_3;mmtt_blood_deviation_v3;Blodprøver under MMTT;1;Ja;Yes;;;;
besoegsdag_3;finapres_deviation_v3;Finapres under MMTT;1;Ja;Yes;;;;
besoegsdag_3;vas_deviation_v3;VAS under MMTT;1;Ja;Yes;;;;
besoegsdag_3;other_deviations_v3;Andre afvigelser;1;Ja;Yes;;;;
foer_besoegsdag_4;book_bloodsample_wfv4;Er der bestilt blodprøver i SP (SCF00634 og SCF00635)?;1;Ja;Yes;;;;
foer_besoegsdag_4;medicin_print_wfv4;Er deltagerens aktuelle medicinliste printet fra FMK?;1;Ja;Yes;;;;
besoegsdag_4;identified_name_cpr_v4;Er deltageren identificeret med navn og CPR-nummer?;1;Ja;Yes;;;;
besoegsdag_4;relative_v4;Er der pårørende med til besøget?;1;Ja;Yes;;;;
besoegsdag_4;fasting_status_v4;Er deltageren fastende?;1;Ja;Yes;;;;
besoegsdag_4;alcohol_v4;Har deltageren afholdt sig fra at drikke alkohol de sidste 24 timer?;1;Ja;Yes;;;;
besoegsdag_4;caffeine_v4;Har deltageren afholdt sig fra at koffeinholdige drikkevarer de sidste 24 timer?;1;Ja;Yes;;;;
besoegsdag_4;no_exercise_24h_v4;Har deltageren undladt at være fysisk aktiv de sidste 24 timer?;1;Ja;Yes;;;;
besoegsdag_4;smoking_v4;Har deltageren afholdt sig fra rygning siden i går aftes?;1;Ja;Yes;;;;
besoegsdag_4;no_medication_before_v4;Har deltageren undladt at tage eventuel medicin før besøget?;1;Ja;Yes;;;;
besoegsdag_4;not_active_transportation_v4;Har deltageren transporteret sig til Steno ved brug af motoriseret/ikke-aktiv transport?;1;Ja;Yes;;;;
besoegsdag_4;saliva_sample_v4;Har deltageren lavet og afleveret en spytprøve?;1;Ja;Yes;;;;
besoegsdag_4;morning_tooth_brushing_before_visit_v4;Har deltageren børstet tænder i morges inden dagens besøg?;1;Ja;Yes;;;;
besoegsdag_4;saliva_sample_chlorhexidine_v4;Har deltageren modtaget oral klorhexidinbehandling indenfor de sidste 6 uger?;1;Ja;Yes;;;;
besoegsdag_4;saliva_sample_antifungal_medication_v4;Har deltageren modtaget oral behandling med svampehæmmende stoffer?;1;Ja;Yes;;;;
besoegsdag_4;saliva_sample_antibiotic_v4;Har deltageren modtaget systemisk antibiotikabehandling indenfor de 2 sidste måneder?;1;Ja;Yes;;;;
besoegsdag_4;saliva_sample_mouthwash_v4;Har deltageren et regelmæssigt brug af diverse mundskyllemidler?;1;Ja;Yes;;;;
besoegsdag_4;saliva_sample_high_fluoride_v4;Bruger deltageren en tandpasta med mere end 1500 ppm fluorid?;1;Ja;Yes;;;;
besoegsdag_4;saliva_sample_triclosan_v4;Bruger deltageren tandpasta med triclosan (kun et enkelt Colgate mærke tilbage i Danmark)?;1;Ja;Yes;;;;
besoegsdag_4;saliva_sample_herbal_toothpaste_v4;Bruger deltageren urtetandpasta (nogle indeholder antibakterielle stoffer)?;1;Ja;Yes;;;;
besoegsdag_4;saliva_sample_dental_treatment_v4;Har deltageren modtaget tandbehandling indenfor de sidste 6 uger (tandrensning, fyldninger, etc.)?;1;Ja;Yes;;;;
besoegsdag_4;saliva_sample_smoking_v4;Ryger deltageren?;1;Ja;Yes;;;;
besoegsdag_4;urin_sample_v4;Har deltageren lavet og afleveret en urinprøve?;1;Ja;Yes;;;;
besoegsdag_4;hba1c_v4;Har deltageren fået taget HbA1c?;1;Ja;Yes;;;;
besoegsdag_4;dxa_metal_v4;Har forsøgsdeltageren fået indopereret metal i kroppen?;1;Ja;Yes;;;;
besoegsdag_4;dxa_contraindicated_v4;Har deltageren fået sprøjtet kontrastvæske ind i kroppen inden for den sidste uge?;1;Ja;Yes;;;;
besoegsdag_4;pregnancy_test_v4;Kan deltageren være gravid?;1;Ja;Yes;;;;
besoegsdag_4;empty_bladder_v4;Har deltageren tømt blæren lige inden vejning og DXA?;1;Ja;Yes;;;;
besoegsdag_4;dxa_performed_v4;Er DXA udført?;1;Ja;Yes;;;;
besoegsdag_4;dxa_upload_ldrive_v4;Er DXA-data indlæst og gemt i mappen på L-drevet (excel-fil)? Gemmes som onlimit_ID_visit_test (eksempel: onlimit_5_v4_dxa);1;Ja;Yes;;;;
besoegsdag_4;food_pref_test_performed_v4;Har deltageren gennemført fødevarepræferencetesten?;1;Ja;Yes;;;;
besoegsdag_4;fibro_performed_v4;Er fibroscanningen udført?;1;Ja;Yes;;;;
besoegsdag_4;fibro_upload_ldrive_v4;Er Fibroscan-data indlæst og gemt i mappen på L-drevet (excel-fil)? Gemmes som onlimit_ID_visit_test (eksempel: onlimit_5_v4_fibro);1;Ja;Yes;;;;
besoegsdag_4;finapres_minus20_v4;Har deltageren gennemført Finapres 1 (tid -20)?;1;Ja;Yes;;;;
besoegsdag_4;bloodsample_minus15_v4;Er blodprøve 1 taget (tid -15)?;1;Ja;Yes;;;;
besoegsdag_4;vas_minus10_v4;Har deltageren gennemført VAS 1 (tid -10)?;1;Ja;Yes;;;;
besoegsdag_4;bloodsample_minus5_v4;Er blodprøve 2 taget (tid -5)?;1;Ja;Yes;;;;
besoegsdag_4;timer_started_v4;Er uret startet? Påbegyndelse af shake + bar = tid 0;1;Ja;Yes;;;;
besoegsdag_4;finapres_time15_v4;Har deltageren gennemført Finapres 2 (tid 15)?;1;Ja;Yes;;;;
besoegsdag_4;bloodsample_time30_v4;Er blodprøve 3 taget (tid 30)?;1;Ja;Yes;;;;
besoegsdag_4;vas_time30_v4;Har deltageren gennemført VAS 2 (tid 30)?;1;Ja;Yes;;;;
besoegsdag_4;finapres_time45_v4;Har deltageren gennemført Finapres 3 (tid 45)?;1;Ja;Yes;;;;
besoegsdag_4;bloodsample_time60_v4;Er blodprøve 4 taget (tid 60)?;1;Ja;Yes;;;;
besoegsdag_4;vas_time60_v4;Har deltageren gennemført VAS 3 (tid 60)?;1;Ja;Yes;;;;
besoegsdag_4;finapres_time75_v4;Har deltageren gennemført Finapres 4 (tid 75)?;1;Ja;Yes;;;;
besoegsdag_4;bloodsample_time90_v4;Er blodprøve 5 taget (tid 90)?;1;Ja;Yes;;;;
besoegsdag_4;vas_time90_v4;Har deltageren gennemført VAS 4 (tid 90)?;1;Ja;Yes;;;;
besoegsdag_4;finapres_time105_v4;Har deltageren gennemført Finapres 5 (tid 105)?;1;Ja;Yes;;;;
besoegsdag_4;bloodsample_time120_v4;Er blodprøve 6 taget (tid 120)?;1;Ja;Yes;;;;
besoegsdag_4;vas_time120_v4;Har deltageren gennemført VAS 5 (tid 120)?;1;Ja;Yes;;;;
besoegsdag_4;finapres_time135_v4;Har deltageren gennemført Finapres 6 (tid 135)?;1;Ja;Yes;;;;
besoegsdag_4;bloodsample_time180_v4;Er blodprøve 7 taget (tid 180)?;1;Ja;Yes;;;;
besoegsdag_4;vas_time180_v4;Har deltageren gennemført VAS 6 (tid 180 min)?;1;Ja;Yes;;;;
besoegsdag_4;finapres_time195_v4;Har deltageren gennemført Finapres 7 (tid 195)?;1;Ja;Yes;;;;
besoegsdag_4;bloodsample_time240_v4;Er blodprøve 8 taget (tid 240 min)?;1;Ja;Yes;;;;
besoegsdag_4;vas_time240_v4;Har deltageren gennemført VAS 7 (tid 240)?;1;Ja;Yes;;;;
besoegsdag_4;finapres_time255_v4;Har deltageren gennemført Finapres 8 (tid 255)?;1;Ja;Yes;;;;
besoegsdag_4;finapres_upload_ldrive_v4;Er Finapres-data indlæst og gemt i mappen på L-drevet? OBS: Der skal gemmes OTTE mapper, der hver indeholder 9 excelfiler. Gemmes som onlimit_ID_visit_nummer af undersøgelse_test_test (eksempel: onlimit_5_v4-3_fp);1;Ja;Yes;;;;
besoegsdag_4;survey_answered_v4;Har deltageren svaret på alle spørgeskemaer knyttet til dette besøg?;1;Ja;Yes;;;;
besoegsdag_4;food_v4;Har deltageren modtaget en bolle med ost og et stykke frugt?;1;Ja;Yes;;;;
besoegsdag_4;scipd_performed_v4;Har deltageren gennemført SCIP-D?;1;Ja;Yes;;;;
besoegsdag_4;tmt_b_v4;Har deltageren gennemført Trail Making Test (TMT)?;1;Ja;Yes;;;;
besoegsdag_4;cognition_tests_filed_office_v4;Er SCIP-testen og TMT-testen lagt i mappen på kontoret?;1;Ja;Yes;;;;
besoegsdag_4;vo2max_done_v4;Har deltageren udført VO2 max test?;1;Ja;Yes;;;;
besoegsdag_4;vo2max_upload_ldrive_v4;Er VO2 max-data indlæst og gemt i mappen på L-drevet (excel-fil)? Gemmes som onlimit_ID_visit_test (eksempel: onlimit_5_v4_vo2max);1;Ja;Yes;;;;
besoegsdag_4;homeurin_deviation_v4;Hjemmeurin;1;Ja;Yes;;;;
besoegsdag_4;stool_sample_deviation_v4;Afføringsprøve;1;Ja;Yes;;;;
besoegsdag_4;spit_sample_deviation_v4;Spytprøve;1;Ja;Yes;;;;
besoegsdag_4;urin_sample_deviation_v4;Urinprøve (on site);1;Ja;Yes;;;;
besoegsdag_4;whr_deviation_v4;Talje-hofte mål;1;Ja;Yes;;;;
besoegsdag_4;dxa_deviation_v4;DXA;1;Ja;Yes;;;;
besoegsdag_4;food_preference_deviation_v4;Fødevarepræferencetest;1;Ja;Yes;;;;
besoegsdag_4;fibro_deviation_v4;Fibroscanning;1;Ja;Yes;;;;
besoegsdag_4;blood_pressure_deviation_v4;Blodtryk og puls;1;Ja;Yes;;;;
besoegsdag_4;hba1c_deviation_v4;HbA1c;1;Ja;Yes;;;;
besoegsdag_4;mmtt_blood_deviation_v4;Blodprøver under MMTT;1;Ja;Yes;;;;
besoegsdag_4;finapres_deviation_v4;Finapres under MMTT;1;Ja;Yes;;;;
besoegsdag_4;vas_deviation_v4;VAS under MMTT;1;Ja;Yes;;;;
besoegsdag_4;medicin_deviation_v4;Medicingennemgang;1;Ja;Yes;;;;
besoegsdag_4;survey_deviation_v4;Spørgeskemaer;1;Ja;Yes;;;;
besoegsdag_4;cognition_deviation_v4;Kognitionstest;1;Ja;Yes;;;;
besoegsdag_4;vo2max_deviation_v4;VO2 max test;1;Ja;Yes;;;;
besoegsdag_4;other_deviation_v4;Andre afvigelser;1;Ja;Yes;;;;
besoegsdag_4;group_meeting_dates_v4;Har deltageren modtaget datoer for alle gruppemøderne?Der udleveres et ark med datoer, eller datoer skrives i studieappen.;1;Ja;Yes;;;;
besoegsdag_4;randomization_v4;Er deltager randomiseret til kulhydratgruppe?;1;Ja;Yes;;;;
fr_besgsdag_5;sens_ready_wfv5;Er zippose med aktivitetsmåler (SENS), plaster, ekstra plaster, desinficeringsserviet og registreringsskema lagt klar?;1;Ja;Yes;;;;
fr_besgsdag_5;sens_sign_in_wfv5;Er deltager oprettet i SENS webappen? Se ID-nummer på aktivitetsmåler i zipposen (skal bruges til oprettelsen).;1;Ja;Yes;;;;
besgsdag_5;identified_name_cpr_v5;Er deltageren identificeret med navn og CPR-nummer?;1;Ja;Yes;;;;
besgsdag_5;relative_v5;Er der pårørende med til besøget?;1;Ja;Yes;;;;
besgsdag_5;sens_download_phone_v5;"Har deltageren fået downloadet SENS motion appen på sin mobil eller tablet? I deltagermappen findes ""SOP SENS Påsætning"" som har en QR-kode deltagerne kan scanne for at downloade SENS motion app (Appstore og Google Play Store).";1;Ja;Yes;;;;
besgsdag_5;sens_turned_on_v5;Er aktivitetsmåleren tændt og måleperiode registreret i SENS webappen?OBS: Tjek batteri.;1;Ja;Yes;;;;
besgsdag_5;sens_applied_v5;Er aktivitetsmåler (SENS) påsat?;1;Ja;Yes;;;;
besgsdag_5;sens_info_v5;"Har deltageren fået information om brugen af aktivitetsmåler (SENS)?Information om brug til SENS: ""Du vil under projektperioden skulle have påsat en aktivitetsmåler (SENS) fire gange, og bære den i en måleperiode på 10 dage. Vi sætter en på dig i dag, som du vil skulle have på i 10 dage. Derefter må du tage den af. Du får en zippose med hjem, som du kan ligge den I og medbringe til næste besøg. Du må gerne tage korte brusebade, og du kan kortvarigt opholde dig i vand (f.eks. svømmehal eller havvand). Dog anbefales det ikke at opholde sig i længere badekar, spa eller meget varm vand. Derudover fraråder vi også, at du går i sauna i perioden du bærer aktivitetsmåleren. Du får et ekstra plaster med hjem i tilfælde af, at aktivitetsmåleren falder af og skal påsættes igen. Hvis dette sker, bør du notere i skemaet (i zipposen) hvornår aktivitetsmåleren blev fjernet, hvornår den blev påsat igen og evt. årsag til aftagningen. I din deltagermappe finder du en trinvis guide til, hvordan du påsætter aktivitetsmåleren igen. Hvis der bliver udfordringer med at påsætte aktivitetsmåleren igen, kontakter du os og vi finder ud af det sammen. Appen skal åbnes i nærheden af aktivitetsmåleren én gang i døgnet. Her skal du blot åbne appen uden at trykke på noget, da data automatisk overføres når appen har forbindelse til aktivitetsmåleren. Lad appen forblive åben i et par minutter. Du kan eksempelvis gøre dette hver aften, mens du børster tænder. I deltagermappen kan læse mere om hvordan du kan se om appen overfører data fra sensoren.";1;Ja;Yes;;;;
besgsdag_5;sens_patches_and_zip_given_v5;Har deltageren fået udleveret zippose (ekstra plaster og registreringsskema)?;1;Ja;Yes;;;;
besgsdag_5;stool_kit_v5;Har deltageren fået udleveret materiale til hjemmetagning af afføringsprøver?;1;Ja;Yes;;;;
fr_besgsdag_6;book_bloodsample_wfv5;Er der bestilt blodprøver i SP (SCF00634 og SCF00635)?;1;Ja;Yes;;;;
besgsdag_6;identified_name_cpr_v6;Er deltageren identificeret med navn og CPR-nummer?;1;Ja;Yes;;;;
besgsdag_6;relative_v6;Er der pårørende med til besøget?;1;Ja;Yes;;;;
besgsdag_6;fasting_status_v6;Er deltageren fastende?;1;Ja;Yes;;;;
besgsdag_6;alcohol_v6;Har deltageren afholdt sig fra at drikke alkohol de sidste 24 timer?;1;Ja;Yes;;;;
besgsdag_6;caffeine_v6;Har deltageren afholdt sig fra at koffeinholdige drikkevarer de sidste 24 timer?;1;Ja;Yes;;;;
besgsdag_6;no_exercise_24h_v6;Har deltageren undladt at være fysisk aktiv de sidste 24 timer?;1;Ja;Yes;;;;
besgsdag_6;smoking_v6;Har deltageren afholdt sig fra rygning siden i går aftes?;1;Ja;Yes;;;;
besgsdag_6;no_medication_before_v6;Har deltageren undladt at tage eventuel medicin før besøget?;1;Ja;Yes;;;;
besgsdag_6;not_active_transportation_v6;Har deltageren transporteret sig til Steno ved brug af motoriseret/ikke-aktiv transport?;1;Ja;Yes;;;;
besgsdag_6;adverse_events_v6;Har deltageren haft nogen adverse events siden besøg 4? Har du siden sidst haft nogen gener eller været utilpas?;1;Ja;Yes;;;;
besgsdag_6;stool_sample_v6;Har deltageren afleveret en afføringsprøve?;1;Ja;Yes;;;;
besgsdag_6;sens_returned_v6;Er aktivitetsmåler (SENS) kommet retur?;1;Ja;Yes;;;;
besgsdag_6;sens_early_removal_v6;Er aktivitetsmåleren blevet fjernet før tid?;1;Ja;Yes;;;;
besgsdag_6;sens_upload_ldrive_v6;Er SENS-data indlæst og gemt på L-drevet (CSV-fil)? OBS: ikke afklaret endnu Gemmes som onlimit_ID_visit_test (eksempel: onlimit_5_v2_sens);1;Ja;Yes;;;;
besgsdag_6;sensor_reuse_v6;Er den slukkede sensor lagt i den rigtige kasse (klar eller død)? Tjek batteritiden når aktivitetsmåler slukkes i SENS webappen. Se SOP SENS aftagning.;1;Ja;Yes;;;;
besgsdag_6;saliva_sample_v6;Har deltageren lavet og afleveret en spytprøve?;1;Ja;Yes;;;;
besgsdag_6;morning_tooth_brushing_before_visit_v6;Har deltageren børstet tænder i morges inden dagens besøg?;1;Ja;Yes;;;;
besgsdag_6;urin_sample_v6;Har deltageren lavet og afleveret en urinprøve?;1;Ja;Yes;;;;
besgsdag_6;hba1c_v6;Har deltageren fået taget HbA1c?;1;Ja;Yes;;;;
besgsdag_6;intervention_challenge_diet_v6;En diætist vil kontakte deltageren i forhold til at følge op på diætinterventionen. Er diætist kontaktet?;1;Ja;Yes;;;;
besgsdag_6;intervention_challenge_training_v6;Exercise manager vil kontakte deltageren i forhold til at følge op på træningsinterventionen. Er exercise manager kontaktet?;1;Ja;Yes;;;;
besgsdag_6;hba1c_date_for_extra_measurement_planned_participant_v6;Er aftale for ny HbA1c-måling skrevet i deltagers kalender?;1;Ja;Yes;;;;
besgsdag_6;hba1c_date_for_extra_measurement_planned_staff_v6;Er aftale for ny HbA1c-måling skrevet i Caroliens kalender?;1;Ja;Yes;;;;
besgsdag_6;hba1c_date_for_extra_measurement_planned_room_v6;Er der booket et lokale til ny HbA1c-måling?;1;Ja;Yes;;;;
besgsdag_6;dxa_metal_v6;Har forsøgsdeltageren fået indopereret metal i kroppen?;1;Ja;Yes;;;;
besgsdag_6;dxa_contraindicated_v6;Har deltageren fået sprøjtet kontrastvæske ind i kroppen inden for den sidste uge?;1;Ja;Yes;;;;
besgsdag_6;pregnancy_test_v6;Kan deltageren være gravid?;1;Ja;Yes;;;;
besgsdag_6;empty_bladder_v6;Har deltageren tømt blæren lige inden vejning og DXA?;1;Ja;Yes;;;;
besgsdag_6;dxa_performed_v6;Er DXA udført?;1;Ja;Yes;;;;
besgsdag_6;dxa_upload_ldrive_v6;Er DXA-data indlæst og gemt i mappen på L-drevet (excel-fil)? Gemmes som onlimit_ID_visit_test (eksempel: onlimit_5_v4_dxa);1;Ja;Yes;;;;
besgsdag_6;food_pref_test_performed_v6;Har deltageren gennemført fødevarepræferencetesten?;1;Ja;Yes;;;;
besgsdag_6;fibro_performed_v6;Er fibroscanningen udført?;1;Ja;Yes;;;;
besgsdag_6;fibro_upload_ldrive_v6;Er Fibroscan-data indlæst og gemt i mappen på L-drevet (excel-fil)? Gemmes som onlimit_ID_visit_test (eksempel: onlimit_5_v4_fibro);1;Ja;Yes;;;;
besgsdag_6;finapres_minus20_v6;Har deltageren gennemført Finapres 1 (tid -20)?;1;Ja;Yes;;;;
besgsdag_6;bloodsample_minus15_v6;Er blodprøve 1 taget (tid -15)?;1;Ja;Yes;;;;
besgsdag_6;vas_minus10_v6;Har deltageren gennemført VAS 1 (tid -10)?;1;Ja;Yes;;;;
besgsdag_6;bloodsample_minus5_v6;Er blodprøve 2 taget (tid -5)?;1;Ja;Yes;;;;
besgsdag_6;timer_started_v6;Er uret startet? Påbegyndelse af shake + bar = tid 0;1;Ja;Yes;;;;
besgsdag_6;finapres_time15_v6;Har deltageren gennemført Finapres 2 (tid 15)?;1;Ja;Yes;;;;
besgsdag_6;bloodsample_time30_v6;Er blodprøve 3 taget (tid 30)?;1;Ja;Yes;;;;
besgsdag_6;vas_time30_v6;Har deltageren gennemført VAS 2 (tid 30)?;1;Ja;Yes;;;;
besgsdag_6;finapres_time45_v6;Har deltageren gennemført Finapres 3 (tid 45)?;1;Ja;Yes;;;;
besgsdag_6;bloodsample_time60_v6;Er blodprøve 4 taget (tid 60)?;1;Ja;Yes;;;;
besgsdag_6;vas_time60_v6;Har deltageren gennemført VAS 3 (tid 60)?;1;Ja;Yes;;;;
besgsdag_6;finapres_time75_v6;Har deltageren gennemført Finapres 4 (tid 75)?;1;Ja;Yes;;;;
besgsdag_6;bloodsample_time90_v6;Er blodprøve 5 taget (tid 90)?;1;Ja;Yes;;;;
besgsdag_6;vas_time90_v6;Har deltageren gennemført VAS 4 (tid 90)?;1;Ja;Yes;;;;
besgsdag_6;finapres_time105_v6;Har deltageren gennemført Finapres 5 (tid 105)?;1;Ja;Yes;;;;
besgsdag_6;bloodsample_time120_v6;Er blodprøve 6 taget (tid 120)?;1;Ja;Yes;;;;
besgsdag_6;vas_time120_v6;Har deltageren gennemført VAS 5 (tid 120)?;1;Ja;Yes;;;;
besgsdag_6;finapres_time135_v6;Har deltageren gennemført Finapres 6 (tid 135)?;1;Ja;Yes;;;;
besgsdag_6;bloodsample_time180_v6;Er blodprøve 7 taget (tid 180)?;1;Ja;Yes;;;;
besgsdag_6;vas_time180_v6;Har deltageren gennemført VAS 6 (tid 180 min)?;1;Ja;Yes;;;;
besgsdag_6;finapres_time195_v6;Har deltageren gennemført Finapres 7 (tid 195)?;1;Ja;Yes;;;;
besgsdag_6;bloodsample_time240_v6;Er blodprøve 8 taget (tid 240 min)?;1;Ja;Yes;;;;
besgsdag_6;vas_time240_v6;Har deltageren gennemført VAS 7 (tid 240)?;1;Ja;Yes;;;;
besgsdag_6;finapres_time255_v6;Har deltageren gennemført Finapres 8 (tid 255)?;1;Ja;Yes;;;;
besgsdag_6;finapres_upload_ldrive_v6;Er Finapres-data indlæst og gemt i mappen på L-drevet? OBS: Der skal gemmes OTTE mapper, der hver indeholder 9 excelfiler. Gemmes som onlimit_ID_visit_nummer af undersøgelse_test_test (eksempel: onlimit_5_v4-3_fp);1;Ja;Yes;;;;
besgsdag_6;medicine_change_v6;Har der været nogen ændringer i deltagerens medicin?;1;Ja;Yes;;;;
besgsdag_6;medicine_change_info_v6;"Gå til instrumentet ""medicinændringer"" og registrér disse. Er medicinændringerne registreret?";1;Ja;Yes;;;;
besgsdag_6;survey_answered_v6;Har deltageren svaret på alle spørgeskemaer knyttet til dette besøg?;1;Ja;Yes;;;;
besgsdag_6;food_v6;Har deltageren modtaget en bolle med ost og et stykke frugt?;1;Ja;Yes;;;;
besgsdag_6;scipd_performed_v6;Har deltageren gennemført SCIP-D?;1;Ja;Yes;;;;
besgsdag_6;tmt_b_v6;Har deltageren gennemført Trail Making Test (TMT)?;1;Ja;Yes;;;;
besgsdag_6;cognition_tests_filed_office_v6;Er SCIP-testen og TMT-testen lagt i mappen på kontoret?;1;Ja;Yes;;;;
besgsdag_6;vo2max_done_v6;Har deltageren udført VO2 max test?;1;Ja;Yes;;;;
besgsdag_6;vo2max_upload_ldrive_v6;Er VO2 max-data indlæst og gemt i mappen på L-drevet (excel-fil)? Gemmes som onlimit_ID_visit_test (eksempel: onlimit_5_v4_vo2max);1;Ja;Yes;;;;
besgsdag_6;homeurin_deviation_v6;Hjemmeurin;1;Ja;Yes;;;;
besgsdag_6;stool_sample_deviation_v6;Afføringsprøve;1;Ja;Yes;;;;
besgsdag_6;sens_deviation_v6;SENS;1;Ja;Yes;;;;
besgsdag_6;spit_sample_deviation_v6;Spytprøve;1;Ja;Yes;;;;
besgsdag_6;urin_sample_deviation_v6;Urinprøve (on site);1;Ja;Yes;;;;
besgsdag_6;whr_deviation_v6;Talje-hofte mål;1;Ja;Yes;;;;
besgsdag_6;dxa_deviation_v6;DXA;1;Ja;Yes;;;;
besgsdag_6;food_preference_deviation_v6;Fødevarepræferencetest;1;Ja;Yes;;;;
besgsdag_6;fibro_deviation_v6;Fibroscanning;1;Ja;Yes;;;;
besgsdag_6;blood_pressure_deviation_v6;Blodtryk og puls;1;Ja;Yes;;;;
besgsdag_6;hba1c_deviation_v6;HbA1c;1;Ja;Yes;;;;
besgsdag_6;mmtt_blood_deviation_v6;Blodprøver under MMTT;1;Ja;Yes;;;;
besgsdag_6;finapres_deviation_v6;Finapres under MMTT;1;Ja;Yes;;;;
besgsdag_6;vas_deviation_v6;VAS under MMTT;1;Ja;Yes;;;;
besgsdag_6;medicin_deviation_v6;Medicingennemgang;1;Ja;Yes;;;;
besgsdag_6;survey_deviation_v6;Spørgeskemaer;1;Ja;Yes;;;;
besgsdag_6;cognition_deviation_v6;Kognitionstest;1;Ja;Yes;;;;
besgsdag_6;vo2max_deviation_v6;VO2 max test;1;Ja;Yes;;;;
besgsdag_6;other_deviation_v6;Andre afvigelser;1;Ja;Yes;;;;
fr_besgsdag_7;sens_ready_wfv7;Er zippose med aktivitetsmåler (SENS), plaster, ekstra plaster, desinficeringsserviet og registreringsskema lagt klar?;1;Ja;Yes;;;;
fr_besgsdag_7;sens_sign_in_wfv7;Er deltager oprettet i SENS webappen? Se ID-nummer på aktivitetsmåler i zipposen (skal bruges til oprettelsen).;1;Ja;Yes;;;;
besgsdag_7;identified_name_cpr_v7;Er deltageren identificeret med navn og CPR-nummer?;1;Ja;Yes;;;;
besgsdag_7;relative_v7;Er der pårørende med til besøget?;1;Ja;Yes;;;;
besgsdag_7;sens_download_phone_v7;"Har deltageren fået downloadet SENS motion appen på sin mobil eller tablet? I deltagermappen findes ""SOP SENS Påsætning"" som har en QR-kode deltagerne kan scanne for at downloade SENS motion app (Appstore og Google Play Store).";1;Ja;Yes;;;;
besgsdag_7;sens_turned_on_v7;Er aktivitetsmåleren tændt og måleperiode registreret i SENS webappen?OBS: Tjek batteri.;1;Ja;Yes;;;;
besgsdag_7;sens_applied_v7;Er aktivitetsmåler (SENS) påsat?;1;Ja;Yes;;;;
besgsdag_7;sens_info_v7;"Har deltageren fået information om brugen af aktivitetsmåler (SENS)?Information om brug til SENS: ""Du vil under projektperioden skulle have påsat en aktivitetsmåler (SENS) fire gange, og bære den i en måleperiode på 10 dage. Vi sætter en på dig i dag, som du vil skulle have på i 10 dage. Derefter må du tage den af. Du får en zippose med hjem, som du kan ligge den I og medbringe til næste besøg. Du må gerne tage korte brusebade, og du kan kortvarigt opholde dig i vand (f.eks. svømmehal eller havvand). Dog anbefales det ikke at opholde sig i længere badekar, spa eller meget varm vand. Derudover fraråder vi også, at du går i sauna i perioden du bærer aktivitetsmåleren. Du får et ekstra plaster med hjem i tilfælde af, at aktivitetsmåleren falder af og skal påsættes igen. Hvis dette sker, bør du notere i skemaet (i zipposen) hvornår aktivitetsmåleren blev fjernet, hvornår den blev påsat igen og evt. årsag til aftagningen. I din deltagermappe finder du en trinvis guide til, hvordan du påsætter aktivitetsmåleren igen. Hvis der bliver udfordringer med at påsætte aktivitetsmåleren igen, kontakter du os og vi finder ud af det sammen. Appen skal åbnes i nærheden af aktivitetsmåleren én gang i døgnet. Her skal du blot åbne appen uden at trykke på noget, da data automatisk overføres når appen har forbindelse til aktivitetsmåleren. Lad appen forblive åben i et par minutter. Du kan eksempelvis gøre dette hver aften, mens du børster tænder. I deltagermappen kan læse mere om hvordan du kan se om appen overfører data fra sensoren.";1;Ja;Yes;;;;
besgsdag_7;sens_patches_and_zip_given_v7;Har deltageren fået udleveret zippose (ekstra plaster og registreringsskema)?;1;Ja;Yes;;;;
besgsdag_7;stool_kit_v7;Har deltageren fået udleveret materiale til hjemmetagning af afføringsprøver?;1;Ja;Yes;;;;
besgsdag_7;urine_kit_v7;Har deltageren fået udleveret materiale til hjemmetagning af urinprøver? OBS deltageren skal have 2 kits med hjem Der skal opsamles urin I uge 17 over 3 sammenhængende dage. I uge 24 (lørdag), uge 36 (torsdag), uge 42 (mandag) og uge 48 (fredag);1;Ja;Yes;;;;
fr_besgsdag_8;book_bloodsample_wfv6;Er der bestilt blodprøver i SP (SCF00634 og SCF00635)?;1;Ja;Yes;;;;
besgsdag_8;identified_name_cpr_v8;Er deltageren identificeret med navn og CPR-nummer?;1;Ja;Yes;;;;
besgsdag_8;relative_v8;Er der pårørende med til besøget?;1;Ja;Yes;;;;
besgsdag_8;fasting_status_v8;Er deltageren fastende?;1;Ja;Yes;;;;
besgsdag_8;alcohol_v8;Har deltageren afholdt sig fra at drikke alkohol de sidste 24 timer?;1;Ja;Yes;;;;
besgsdag_8;caffeine_v8;Har deltageren afholdt sig fra at koffeinholdige drikkevarer de sidste 24 timer?;1;Ja;Yes;;;;
besgsdag_8;no_exercise_24h_v8;Har deltageren undladt at være fysisk aktiv de sidste 24 timer?;1;Ja;Yes;;;;
besgsdag_8;smoking_v8;Har deltageren afholdt sig fra rygning siden i går aftes?;1;Ja;Yes;;;;
besgsdag_8;no_medication_before_v8;Har deltageren undladt at tage eventuel medicin før besøget?;1;Ja;Yes;;;;
besgsdag_8;not_active_transportation_v8;Har deltageren transporteret sig til Steno ved brug af motoriseret/ikke-aktiv transport?;1;Ja;Yes;;;;
besgsdag_8;adverse_events_v8;Har deltageren haft nogen adverse events siden besøg 6? Har du siden sidst haft nogen gener eller været utilpas?;1;Ja;Yes;;;;
besgsdag_8;home_urin_v8;Har deltageren indsamlet urin hjemme i 3 dage?;1;Ja;Yes;;;;
besgsdag_8;home_urin_received_v8;Hvis 'Ja', er denne modtaget?;1;Ja;Yes;;;;
besgsdag_8;stool_sample_v8;Har deltageren afleveret en afføringsprøve?;1;Ja;Yes;;;;
besgsdag_8;sens_returned_v8;Er aktivitetsmåler (SENS) kommet retur?;1;Ja;Yes;;;;
besgsdag_8;sens_early_removal_v8;Er aktivitetsmåleren blevet fjernet før tid?;1;Ja;Yes;;;;
besgsdag_8;sens_upload_ldrive_v8;Er SENS-data indlæst og gemt på L-drevet (CSV-fil)? OBS: ikke afklaret endnu Gemmes som onlimit_ID_visit_test (eksempel: onlimit_5_v2_sens);1;Ja;Yes;;;;
besgsdag_8;sensor_reuse_v8;Er den slukkede sensor lagt i den rigtige kasse (klar eller død)? Tjek batteritiden når aktivitetsmåler slukkes i SENS webappen. Se SOP SENS aftagning.;1;Ja;Yes;;;;
besgsdag_8;saliva_sample_v8;Har deltageren lavet og afleveret en spytprøve?;1;Ja;Yes;;;;
besgsdag_8;morning_tooth_brushing_before_visit_v8;Har deltageren børstet tænder i morges inden dagens besøg?;1;Ja;Yes;;;;
besgsdag_8;urin_sample_v8;Har deltageren lavet og afleveret en urinprøve?;1;Ja;Yes;;;;
besgsdag_8;hba1c_v8;Har deltageren fået taget HbA1c?;1;Ja;Yes;;;;
besgsdag_8;intervention_challenge_diet_v8;En diætist vil kontakte deltageren i forhold til at følge op på diætinterventionen. Er diætist kontaktet?;1;Ja;Yes;;;;
besgsdag_8;intervention_challenge_training_v8;Exercise manager vil kontakte deltageren i forhold til at følge op på træningsinterventionen. Er exercise manager kontaktet?;1;Ja;Yes;;;;
besgsdag_8;hba1c_date_for_extra_measurement_planned_participant_v8;Er aftale for ny HbA1c-måling skrevet i deltagers kalender?;1;Ja;Yes;;;;
besgsdag_8;hba1c_date_for_extra_measurement_planned_staff_v8;Er aftale for ny HbA1c-måling skrevet i Caroliens kalender?;1;Ja;Yes;;;;
besgsdag_8;hba1c_date_for_extra_measurement_planned_room_v8;Er der booket et lokale til ny HbA1c-måling?;1;Ja;Yes;;;;
besgsdag_8;dxa_metal_v8;Har forsøgsdeltageren fået indopereret metal i kroppen?;1;Ja;Yes;;;;
besgsdag_8;dxa_contraindicated_v8;Har deltageren fået sprøjtet kontrastvæske ind i kroppen inden for den sidste uge?;1;Ja;Yes;;;;
besgsdag_8;pregnancy_test_v8;Kan deltageren være gravid?;1;Ja;Yes;;;;
besgsdag_8;empty_bladder_v8;Har deltageren tømt blæren lige inden vejning og DXA?;1;Ja;Yes;;;;
besgsdag_8;dxa_performed_v8;Er DXA udført?;1;Ja;Yes;;;;
besgsdag_8;dxa_upload_ldrive_v8;Er DXA-data indlæst og gemt i mappen på L-drevet (excel-fil)? Gemmes som onlimit_ID_visit_test (eksempel: onlimit_5_v4_dxa);1;Ja;Yes;;;;
besgsdag_8;food_pref_test_performed_v8;Har deltageren gennemført fødevarepræferencetesten?;1;Ja;Yes;;;;
besgsdag_8;fibro_performed_v8;Er fibroscanningen udført?;1;Ja;Yes;;;;
besgsdag_8;fibro_upload_ldrive_v8;Er Fibroscan-data indlæst og gemt i mappen på L-drevet (excel-fil)? Gemmes som onlimit_ID_visit_test (eksempel: onlimit_5_v4_fibro);1;Ja;Yes;;;;
besgsdag_8;finapres_minus20_v8;Har deltageren gennemført Finapres 1 (tid -20)?;1;Ja;Yes;;;;
besgsdag_8;bloodsample_minus15_v8;Er blodprøve 1 taget (tid -15)?;1;Ja;Yes;;;;
besgsdag_8;vas_minus10_v8;Har deltageren gennemført VAS 1 (tid -10)?;1;Ja;Yes;;;;
besgsdag_8;bloodsample_minus5_v8;Er blodprøve 2 taget (tid -5)?;1;Ja;Yes;;;;
besgsdag_8;timer_started_v8;Er uret startet? Påbegyndelse af shake + bar = tid 0;1;Ja;Yes;;;;
besgsdag_8;finapres_time15_v8;Har deltageren gennemført Finapres 2 (tid 15)?;1;Ja;Yes;;;;
besgsdag_8;bloodsample_time30_v8;Er blodprøve 3 taget (tid 30)?;1;Ja;Yes;;;;
besgsdag_8;vas_time30_v8;Har deltageren gennemført VAS 2 (tid 30)?;1;Ja;Yes;;;;
besgsdag_8;finapres_time45_v8;Har deltageren gennemført Finapres 3 (tid 45)?;1;Ja;Yes;;;;
besgsdag_8;bloodsample_time60_v8;Er blodprøve 4 taget (tid 60)?;1;Ja;Yes;;;;
besgsdag_8;vas_time60_v8;Har deltageren gennemført VAS 3 (tid 60)?;1;Ja;Yes;;;;
besgsdag_8;finapres_time75_v8;Har deltageren gennemført Finapres 4 (tid 75)?;1;Ja;Yes;;;;
besgsdag_8;bloodsample_time90_v8;Er blodprøve 5 taget (tid 90)?;1;Ja;Yes;;;;
besgsdag_8;vas_time90_v8;Har deltageren gennemført VAS 4 (tid 90)?;1;Ja;Yes;;;;
besgsdag_8;finapres_time105_v8;Har deltageren gennemført Finapres 5 (tid 105)?;1;Ja;Yes;;;;
besgsdag_8;bloodsample_time120_v8;Er blodprøve 6 taget (tid 120)?;1;Ja;Yes;;;;
besgsdag_8;vas_time120_v8;Har deltageren gennemført VAS 5 (tid 120)?;1;Ja;Yes;;;;
besgsdag_8;finapres_time135_v8;Har deltageren gennemført Finapres 6 (tid 135)?;1;Ja;Yes;;;;
besgsdag_8;bloodsample_time180_v8;Er blodprøve 7 taget (tid 180)?;1;Ja;Yes;;;;
besgsdag_8;vas_time180_v8;Har deltageren gennemført VAS 6 (tid 180 min)?;1;Ja;Yes;;;;
besgsdag_8;finapres_time195_v8;Har deltageren gennemført Finapres 7 (tid 195)?;1;Ja;Yes;;;;
besgsdag_8;bloodsample_time240_v8;Er blodprøve 8 taget (tid 240 min)?;1;Ja;Yes;;;;
besgsdag_8;vas_time240_v8;Har deltageren gennemført VAS 7 (tid 240)?;1;Ja;Yes;;;;
besgsdag_8;finapres_time255_v8;Har deltageren gennemført Finapres 8 (tid 255)?;1;Ja;Yes;;;;
besgsdag_8;finapres_upload_ldrive_v8;Er Finapres-data indlæst og gemt i mappen på L-drevet? OBS: Der skal gemmes OTTE mapper, der hver indeholder 9 excelfiler. Gemmes som onlimit_ID_visit_nummer af undersøgelse_test_test (eksempel: onlimit_5_v4-3_fp);1;Ja;Yes;;;;
besgsdag_8;medicine_change_v8;Har der været nogen ændringer i deltagerens medicin?;1;Ja;Yes;;;;
besgsdag_8;medicine_change_info_v8;"Gå til instrumentet ""medicinændringer"" og registrér disse. Er medicinændringerne registreret?";1;Ja;Yes;;;;
besgsdag_8;survey_answered_v8;Har deltageren svaret på alle spørgeskemaer knyttet til dette besøg?;1;Ja;Yes;;;;
besgsdag_8;food_v8;Har deltageren modtaget en bolle med ost og et stykke frugt?;1;Ja;Yes;;;;
besgsdag_8;vo2max_done_v8;Har deltageren udført VO2 max test?;1;Ja;Yes;;;;
besgsdag_8;vo2max_upload_ldrive_v8;Er VO2 max-data indlæst og gemt i mappen på L-drevet (excel-fil)? Gemmes som onlimit_ID_visit_test (eksempel: onlimit_5_v4_vo2max);1;Ja;Yes;;;;
besgsdag_8;homeurin_deviation_v8;Hjemmeurin;1;Ja;Yes;;;;
besgsdag_8;stool_sample_deviation_v8;Afføringsprøve;1;Ja;Yes;;;;
besgsdag_8;sens_deviation_v8;SENS;1;Ja;Yes;;;;
besgsdag_8;spit_sample_deviation_v8;Spytprøve;1;Ja;Yes;;;;
besgsdag_8;urin_sample_deviation_v8;Urinprøve (on site);1;Ja;Yes;;;;
besgsdag_8;whr_deviation_v8;Talje-hofte mål;1;Ja;Yes;;;;
besgsdag_8;dxa_deviation_v8;DXA;1;Ja;Yes;;;;
besgsdag_8;food_preference_deviation_v8;Fødevarepræferencetest;1;Ja;Yes;;;;
besgsdag_8;fibro_deviation_v8;Fibroscanning;1;Ja;Yes;;;;
besgsdag_8;blood_pressure_deviation_v8;Blodtryk og puls;1;Ja;Yes;;;;
besgsdag_8;hba1c_deviation_v8;HbA1c;1;Ja;Yes;;;;
besgsdag_8;mmtt_blood_deviation_v8;Blodprøver under MMTT;1;Ja;Yes;;;;
besgsdag_8;finapres_deviation_v8;Finapres under MMTT;1;Ja;Yes;;;;
besgsdag_8;vas_deviation_v8;VAS under MMTT;1;Ja;Yes;;;;
besgsdag_8;medicin_deviation_v8;Medicingennemgang;1;Ja;Yes;;;;
besgsdag_8;survey_deviation_v8;Spørgeskemaer;1;Ja;Yes;;;;
besgsdag_8;cognition_deviation_v8;Kognitionstest;1;Ja;Yes;;;;
besgsdag_8;vo2max_deviation_v8;VO2 max test;1;Ja;Yes;;;;
besgsdag_8;other_deviation_v8;Andre afvigelser;1;Ja;Yes;;;;
fr_besgsdag_9;sens_ready_wfv9;Er zippose med aktivitetsmåler (SENS), plaster, ekstra plaster, desinficeringsserviet og registreringsskema lagt klar?;1;Ja;Yes;;;;
fr_besgsdag_9;sens_sign_in_wfv9;Er deltager oprettet i SENS webappen? Se ID-nummer på aktivitetsmåler i zipposen (skal bruges til oprettelsen).;1;Ja;Yes;;;;
fr_besgsdag_9;cgm_ready_wfv9;Er en af de 3 CGM-readere opladt og lagt klar sammen med en ny sensor til screening?Findes i ON LiMiT-skab.;1;Ja;Yes;;;;
fr_besgsdag_9;gcm_zip_wfv9;Er der lagt en zippose frem med CGM-sensorens sensor-nummer og deltagerens ID-nummer skrevet på?;1;Ja;Yes;;;;
besoegsdag_9;identified_name_cpr_v9;Er deltageren identificeret med navn og CPR-nummer?;1;Ja;Yes;;;;
besoegsdag_9;relative_v9;Er der pårørende med til besøget?;1;Ja;Yes;;;;
besoegsdag_9;sens_download_phone_v9;"Har deltageren fået downloadet SENS motion appen på sin mobil eller tablet? I deltagermappen findes ""SOP SENS Påsætning"" som har en QR-kode deltagerne kan scanne for at downloade SENS motion app (Appstore og Google Play Store).";1;Ja;Yes;;;;
besoegsdag_9;sens_turned_on_v9;Er aktivitetsmåleren tændt og måleperiode registreret i SENS webappen?OBS: Tjek batteri.;1;Ja;Yes;;;;
besoegsdag_9;sens_applied_v9;Er aktivitetsmåler (SENS) påsat?;1;Ja;Yes;;;;
besoegsdag_9;sens_info_v9;"Har deltageren fået information om brugen af aktivitetsmåler (SENS)?Information om brug til SENS: ""Du vil under projektperioden skulle have påsat en aktivitetsmåler (SENS) fire gange, og bære den i en måleperiode på 10 dage. Vi sætter en på dig i dag, som du vil skulle have på i 10 dage. Derefter må du tage den af. Du får en zippose med hjem, som du kan ligge den I og medbringe til næste besøg. Du må gerne tage korte brusebade, og du kan kortvarigt opholde dig i vand (f.eks. svømmehal eller havvand). Dog anbefales det ikke at opholde sig i længere badekar, spa eller meget varm vand. Derudover fraråder vi også, at du går i sauna i perioden du bærer aktivitetsmåleren. Du får et ekstra plaster med hjem i tilfælde af, at aktivitetsmåleren falder af og skal påsættes igen. Hvis dette sker, bør du notere i skemaet (i zipposen) hvornår aktivitetsmåleren blev fjernet, hvornår den blev påsat igen og evt. årsag til aftagningen. I din deltagermappe finder du en trinvis guide til, hvordan du påsætter aktivitetsmåleren igen. Hvis der bliver udfordringer med at påsætte aktivitetsmåleren igen, kontakter du os og vi finder ud af det sammen. Appen skal åbnes i nærheden af aktivitetsmåleren én gang i døgnet. Her skal du blot åbne appen uden at trykke på noget, da data automatisk overføres når appen har forbindelse til aktivitetsmåleren. Lad appen forblive åben i et par minutter. Du kan eksempelvis gøre dette hver aften, mens du børster tænder. I deltagermappen kan læse mere om hvordan du kan se om appen overfører data fra sensoren.";1;Ja;Yes;;;;
besoegsdag_9;sens_patches_and_zip_given_v9;Har deltageren fået udleveret zippose (ekstra plaster og registreringsskema)?;1;Ja;Yes;;;;
besoegsdag_9;stool_kit_v9;Har deltageren fået udleveret materiale til hjemmetagning af afføringsprøver?;1;Ja;Yes;;;;
besoegsdag_9;cgm_info_v9;Har deltageren fået information om brugen af CGM?Information om brug til CGM: Ved denne undersøgelse måler vi automatisk dit blodsukker hele døgnet i 14 dage.Sensoren gemmer målingerne, indtil du kommer ind og får den aflæst, så du skal ikke selv gøre noget. Du skal leve, som du normalt gør (dvs. gå i bad mm. som du plejer). Dog kan eks. hyppig sauna øge risikoen for, at sensoren falder af før tid. Hvis den falder af, ringes til ON LiMiT projekttelefonen: 21 47 18 16;1;Ja;Yes;;;;
besoegsdag_9;cgm_v9;Er CGM påsat?;1;Ja;Yes;;;;
besoegsdag_9;cgm_envelope_given_v9;Har deltageren fået udleveret en zippose (CGM sensornummer påskrevet), som deltageren kan lægge CGM'en i efter aftagning - eller hvis den falder af?;1;Ja;Yes;;;;
fr_besgsdag_5_9bba;book_bloodsample_wfv10;Er der bestilt blodprøver i SP (SCF00634 og SCF00635)?;1;Ja;Yes;;;;
fr_besgsdag_5_9bba;cgm_reader_ready_wfv10;Er CGM-reader brugt ved påsætning lagt klar?;1;Ja;Yes;;;;
besgsdag_10_5f76;identified_name_cpr_v10;Er deltageren identificeret med navn og CPR-nummer?;1;Ja;Yes;;;;
besgsdag_10_5f76;relative_v10;Er der pårørende med til besøget?;1;Ja;Yes;;;;
besgsdag_10_5f76;fasting_status_v10;Er deltageren fastende?;1;Ja;Yes;;;;
besgsdag_10_5f76;alcohol_v10;Har deltageren afholdt sig fra at drikke alkohol de sidste 24 timer?;1;Ja;Yes;;;;
besgsdag_10_5f76;caffeine_v10;Har deltageren afholdt sig fra at koffeinholdige drikkevarer de sidste 24 timer?;1;Ja;Yes;;;;
besgsdag_10_5f76;no_exercise_24h_v10;Har deltageren undladt at være fysisk aktiv de sidste 24 timer?;1;Ja;Yes;;;;
besgsdag_10_5f76;smoking_v10;Har deltageren afholdt sig fra rygning siden i går aftes?;1;Ja;Yes;;;;
besgsdag_10_5f76;no_medication_before_v10;Har deltageren undladt at tage eventuel medicin før besøget?;1;Ja;Yes;;;;
besgsdag_10_5f76;not_active_transportation_v10;Har deltageren transporteret sig til Steno ved brug af motoriseret/ikke-aktiv transport?;1;Ja;Yes;;;;
besgsdag_10_5f76;adverse_events_v10;Har deltageren haft nogen adverse events siden besøg 8? Har du siden sidst haft nogen gener eller været utilpas?;1;Ja;Yes;;;;
besgsdag_10_5f76;home_urin_v10;Har deltageren indsamlet urin hjemme på 4 separate dage?;1;Ja;Yes;;;;
besgsdag_10_5f76;home_urin_received_v10;Hvis 'Ja', er disse modtaget?;1;Ja;Yes;;;;
besgsdag_10_5f76;stool_sample_v10;Har deltageren afleveret en afføringsprøve?;1;Ja;Yes;;;;
besgsdag_10_5f76;cgm_returned_v10;Er CGM-sensor kommet retur?;1;Ja;Yes;;;;
besgsdag_10_5f76;cgm_discontinue_v10;Er CGM-sensoren fjernet før tid?;1;Ja;Yes;;;;
besgsdag_10_5f76;cgm_when_info_v10;Skriv til Carolien, hvornår CGM-sensor modtages og aflæses. Er det gjort?;1;Ja;Yes;;;;
besgsdag_10_5f76;libreview_v10;Er data fra CGM-readeren indlæst på din computer via Libre View?;1;Ja;Yes;;;;
besgsdag_10_5f76;cgm_csvsaved_ldrive_v10;Er CSV-fil med glukosedata indlæst og gemt på L-drevet? Gemmes som onlimit_ID_visit_test.csv (eksempel: onlimit_5_v10_cgm.csv);1;Ja;Yes;;;;
besgsdag_10_5f76;cgm_pdfsaved_ldrive_v10;Er AGP-rapporten (PDF-fil) indlæst og gemt på L-drevet?Gemmes som onlimit_ID_visit_test.pdf (eksempel: onlimit_5_v2_cgm.pdf);1;Ja;Yes;;;;
besgsdag_10_5f76;sens_returned_v10;Er aktivitetsmåler (SENS) kommet retur?;1;Ja;Yes;;;;
besgsdag_10_5f76;sens_early_removal_v10;Er aktivitetsmåleren blevet fjernet før tid?;1;Ja;Yes;;;;
besgsdag_10_5f76;sens_upload_ldrive_v10;Er SENS-data indlæst og gemt på L-drevet (CSV-fil)? OBS: ikke afklaret endnu Gemmes som onlimit_ID_visit_test (eksempel: onlimit_5_v2_sens);1;Ja;Yes;;;;
besgsdag_10_5f76;sensor_reuse_v10;Er den slukkede sensor lagt i den rigtige kasse (klar eller død)? Tjek batteritiden når aktivitetsmåler slukkes i SENS webappen. Se SOP SENS aftagning.;1;Ja;Yes;;;;
besgsdag_10_5f76;saliva_sample_v10;Har deltageren lavet og afleveret en spytprøve?;1;Ja;Yes;;;;
besgsdag_10_5f76;morning_tooth_brushing_before_visit_v10;Har deltageren børstet tænder i morges inden dagens besøg?;1;Ja;Yes;;;;
besgsdag_10_5f76;urin_sample_v10;Har deltageren lavet og afleveret en urinprøve?;1;Ja;Yes;;;;
besgsdag_10_5f76;hba1c_v10;Har deltageren fået taget HbA1c?;1;Ja;Yes;;;;
besgsdag_10_5f76;dxa_metal_v10;Har forsøgsdeltageren fået indopereret metal i kroppen?;1;Ja;Yes;;;;
besgsdag_10_5f76;dxa_contraindicated_v10;Har deltageren fået sprøjtet kontrastvæske ind i kroppen inden for den sidste uge?;1;Ja;Yes;;;;
besgsdag_10_5f76;pregnancy_test_v10;Kan deltageren være gravid?;1;Ja;Yes;;;;
besgsdag_10_5f76;empty_bladder_v10;Har deltageren tømt blæren lige inden vejning og DXA?;1;Ja;Yes;;;;
besgsdag_10_5f76;dxa_performed_v10;Er DXA udført?;1;Ja;Yes;;;;
besgsdag_10_5f76;dxa_upload_ldrive_v10;Er DXA-data indlæst og gemt i mappen på L-drevet (excel-fil)? Gemmes som onlimit_ID_visit_test (eksempel: onlimit_5_v4_dxa);1;Ja;Yes;;;;
besgsdag_10_5f76;food_pref_test_performed_v10;Har deltageren gennemført fødevarepræferencetesten?;1;Ja;Yes;;;;
besgsdag_10_5f76;fibro_performed_v10;Er fibroscanningen udført?;1;Ja;Yes;;;;
besgsdag_10_5f76;fibro_upload_ldrive_v10;Er Fibroscan-data indlæst og gemt i mappen på L-drevet (excel-fil)? Gemmes som onlimit_ID_visit_test (eksempel: onlimit_5_v4_fibro);1;Ja;Yes;;;;
besgsdag_10_5f76;finapres_minus20_v10;Har deltageren gennemført Finapres 1 (tid -20)?;1;Ja;Yes;;;;
besgsdag_10_5f76;bloodsample_minus15_v10;Er blodprøve 1 taget (tid -15)?;1;Ja;Yes;;;;
besgsdag_10_5f76;vas_minus10_v10;Har deltageren gennemført VAS 1 (tid -10)?;1;Ja;Yes;;;;
besgsdag_10_5f76;bloodsample_minus5_v10;Er blodprøve 2 taget (tid -5)?;1;Ja;Yes;;;;
besgsdag_10_5f76;timer_started_v10;Er uret startet? Påbegyndelse af shake + bar = tid 0;1;Ja;Yes;;;;
besgsdag_10_5f76;finapres_time15_v10;Har deltageren gennemført Finapres 2 (tid 15)?;1;Ja;Yes;;;;
besgsdag_10_5f76;bloodsample_time30_v10;Er blodprøve 3 taget (tid 30)?;1;Ja;Yes;;;;
besgsdag_10_5f76;vas_time30_v10;Har deltageren gennemført VAS 2 (tid 30)?;1;Ja;Yes;;;;
besgsdag_10_5f76;finapres_time45_v10;Har deltageren gennemført Finapres 3 (tid 45)?;1;Ja;Yes;;;;
besgsdag_10_5f76;bloodsample_time60_v10;Er blodprøve 4 taget (tid 60)?;1;Ja;Yes;;;;
besgsdag_10_5f76;vas_time60_v10;Har deltageren gennemført VAS 3 (tid 60)?;1;Ja;Yes;;;;
besgsdag_10_5f76;finapres_time75_v10;Har deltageren gennemført Finapres 4 (tid 75)?;1;Ja;Yes;;;;
besgsdag_10_5f76;bloodsample_time90_v10;Er blodprøve 5 taget (tid 90)?;1;Ja;Yes;;;;
besgsdag_10_5f76;vas_time90_v10;Har deltageren gennemført VAS 4 (tid 90)?;1;Ja;Yes;;;;
besgsdag_10_5f76;finapres_time105_v10;Har deltageren gennemført Finapres 5 (tid 105)?;1;Ja;Yes;;;;
besgsdag_10_5f76;bloodsample_time120_v10;Er blodprøve 6 taget (tid 120)?;1;Ja;Yes;;;;
besgsdag_10_5f76;vas_time120_v10;Har deltageren gennemført VAS 5 (tid 120)?;1;Ja;Yes;;;;
besgsdag_10_5f76;finapres_time135_v10;Har deltageren gennemført Finapres 6 (tid 135)?;1;Ja;Yes;;;;
besgsdag_10_5f76;bloodsample_time180_v10;Er blodprøve 7 taget (tid 180)?;1;Ja;Yes;;;;
besgsdag_10_5f76;vas_time180_v10;Har deltageren gennemført VAS 6 (tid 180 min)?;1;Ja;Yes;;;;
besgsdag_10_5f76;finapres_time195_v10;Har deltageren gennemført Finapres 7 (tid 195)?;1;Ja;Yes;;;;
besgsdag_10_5f76;bloodsample_time240_v10;Er blodprøve 8 taget (tid 240 min)?;1;Ja;Yes;;;;
besgsdag_10_5f76;vas_time240_v10;Har deltageren gennemført VAS 7 (tid 240)?;1;Ja;Yes;;;;
besgsdag_10_5f76;finapres_time255_v10;Har deltageren gennemført Finapres 8 (tid 255)?;1;Ja;Yes;;;;
besgsdag_10_5f76;finapres_upload_ldrive_v10;Er Finapres-data indlæst og gemt i mappen på L-drevet? OBS: Der skal gemmes OTTE mapper, der hver indeholder 9 excelfiler. Gemmes som onlimit_ID_visit_nummer af undersøgelse_test_test (eksempel: onlimit_5_v4-3_fp);1;Ja;Yes;;;;
besgsdag_10_5f76;medicine_change_v10;Har der været nogen ændringer i deltagerens medicin?;1;Ja;Yes;;;;
besgsdag_10_5f76;medicine_change_info_v10;"Gå til instrumentet ""medicinændringer"" og registrér disse. Er medicinændringerne registreret?";1;Ja;Yes;;;;
besgsdag_10_5f76;survey_answered_v10;Har deltageren svaret på alle spørgeskemaer knyttet til dette besøg?;1;Ja;Yes;;;;
besgsdag_10_5f76;food_v10;Har deltageren modtaget en bolle med ost og et stykke frugt?;1;Ja;Yes;;;;
besgsdag_10_5f76;scipd_performed_v10;Har deltageren gennemført SCIP-D?;1;Ja;Yes;;;;
besgsdag_10_5f76;tmt_b_v10;Har deltageren gennemført Trail Making Test (TMT)?;1;Ja;Yes;;;;
besgsdag_10_5f76;cognition_tests_filed_office_v10;Er SCIP-testen og TMT-testen lagt i mappen på kontoret?;1;Ja;Yes;;;;
besgsdag_10_5f76;vo2max_done_v10;Har deltageren udført VO2 max test?;1;Ja;Yes;;;;
besgsdag_10_5f76;vo2max_upload_ldrive_v10;Er VO2 max-data indlæst og gemt i mappen på L-drevet (excel-fil)? Gemmes som onlimit_ID_visit_test (eksempel: onlimit_5_v4_vo2max);1;Ja;Yes;;;;
besgsdag_10_5f76;sdc04_sp_closed_v10;Er SDC04- forløbselementet afsluttet i SP?;1;Ja;Yes;;;;
besgsdag_10_5f76;research_active_status_closed_sp_v10;Er deltageren afsluttet som forskningsaktiv i SP?;1;Ja;Yes;;;;
besgsdag_10_5f76;homeurin_deviation_v10;Hjemmeurin;1;Ja;Yes;;;;
besgsdag_10_5f76;stool_sample_deviation_v10;Afføringsprøve;1;Ja;Yes;;;;
besgsdag_10_5f76;sens_deviation_v10;SENS;1;Ja;Yes;;;;
besgsdag_10_5f76;spit_sample_deviation_v10;Spytprøve;1;Ja;Yes;;;;
besgsdag_10_5f76;urin_sample_deviation_v10;Urinprøve (on site);1;Ja;Yes;;;;
besgsdag_10_5f76;whr_deviation_v10;Talje-hofte mål;1;Ja;Yes;;;;
besgsdag_10_5f76;dxa_deviation_v10;DXA;1;Ja;Yes;;;;
besgsdag_10_5f76;food_preference_deviation_v10;Fødevarepræferencetest;1;Ja;Yes;;;;
besgsdag_10_5f76;fibro_deviation_v10;Fibroscanning;1;Ja;Yes;;;;
besgsdag_10_5f76;blood_pressure_deviation_v10;Blodtryk og puls;1;Ja;Yes;;;;
besgsdag_10_5f76;hba1c_deviation_v10;HbA1c;1;Ja;Yes;;;;
besgsdag_10_5f76;mmtt_blood_deviation_v10;Blodprøver under MMTT;1;Ja;Yes;;;;
besgsdag_10_5f76;finapres_deviation_v10;Finapres under MMTT;1;Ja;Yes;;;;
besgsdag_10_5f76;vas_deviation_v10;VAS under MMTT;1;Ja;Yes;;;;
besgsdag_10_5f76;medicin_deviation_v10;Medicingennemgang;1;Ja;Yes;;;;
besgsdag_10_5f76;survey_deviation_v10;Spørgeskemaer;1;Ja;Yes;;;;
besgsdag_10_5f76;cognition_deviation_v10;Kognitionstest;1;Ja;Yes;;;;
besgsdag_10_5f76;vo2max_deviation_v10;VO2 max test;1;Ja;Yes;;;;
besgsdag_10_5f76;other_deviation_v10;Andre afvigelser;1;Ja;Yes;;;;
gruppemde_uge_1;attended_group_meeting_1;Er deltager fremmødt til ugens gruppemøde?;1;Ja;Yes;;;;
gruppemde_uge_1;cgm_group_meeting_1;Er CGM påsat?;1;Ja;Yes;;;;
gruppemde_uge_1;cgm_info_group_meeting_1;Har deltageren fået information om brugen af CGM?Information om brug til CGM: Ved denne undersøgelse måler vi automatisk dit blodsukker hele døgnet i 14 dage.Sensoren gemmer målingerne, indtil du kommer ind og får den aflæst, så du skal ikke selv gøre noget. Du skal leve, som du normalt gør (dvs. gå i bad mm. som du plejer). Dog kan eks. hyppig sauna øge risikoen for, at sensoren falder af før tid. Hvis den falder af, ringes til ON LiMiT projekttelefonen: 21 47 18 16;1;Ja;Yes;;;;
gruppemde_uge_1;gcm_envelop_given_group_meeting_1;Har deltageren fået udleveret en zippose (CGM sensornummer påskrevet), som deltageren kan lægge CGM'en i efter aftagning - eller hvis den falder af?;1;Ja;Yes;;;;
gruppemde_uge_3;attended_group_meeting_3;Er deltager fremmødt til ugens gruppemøde?;1;Ja;Yes;;;;
gruppemde_uge_3;cgm_plan_not_attended_group_meeting_3;Deltager ringes op for at aftale tilbagelevering af CGM-sensor. Er der lagt en plan for aflevering af CGM-sensor? Forslag:Deltager afleverer CGM-sensor til gruppemøde uge 5.Der aftales anden dag, hvor deltager kommer ind med CGM-sensor.;1;Ja;Yes;;;;
gruppemde_uge_3;cgm_returned_group_meeting_3;Er CGM-sensor kommet retur?;1;Ja;Yes;;;;
gruppemde_uge_3;cgm_discontinue_group_meeting_3;Er CGM-sensoren fjernet før tid?;1;Ja;Yes;;;;
gruppemde_uge_3;cgm_when_info_group_meeting_3;Skriv til forsøgsansvarlige læge (Carolien), hvornår CGM-sensor modtages og aflæses. Er det gjort?;1;Ja;Yes;;;;
gruppemde_uge_3;libreview_group_meeting_3;Er data fra CGM-readeren indlæst på din computer via Libre View?;1;Ja;Yes;;;;
gruppemde_uge_3;cgm_csvsaved_ldrive_group_meeting_3;Er CSV-fil med glukosedata indlæst og gemt på L-drevet?Gemmes som onlimit_ID_visit_test.csv (eksempel: onlimit_5_gmw3_cgm.csv);1;Ja;Yes;;;;
gruppemde_uge_3;cgm_pdfsaved_ldrive_group_meeting_3;Er AGP-rapporten (PDF-fil) indlæst og gemt på L-drevet?Gemmes som onlimit_ID_visit_test.pdf (eksempel: onlimit_5_v2_cgm.pdf);1;Ja;Yes;;;;
gruppemde_uge_5;attended_group_meeting_5;Er deltager fremmødt til ugens gruppemøde?;1;Ja;Yes;;;;
gruppemde_uge_7;attended_group_meeting_7;Er deltager fremmødt til ugens gruppemøde?;1;Ja;Yes;;;;
gruppemde_uge_9;attended_group_meeting_9;Er deltager fremmødt til ugens gruppemøde?;1;Ja;Yes;;;;
gruppemde_uge_11;attended_group_meeting_11;Er deltager fremmødt til ugens gruppemøde?;1;Ja;Yes;;;;
gruppemde_uge_11;carbohydrate_group_group_meeting_11;Har deltageren modtaget information i Liva om sin tildelte kulhydratgruppe?;1;Ja;Yes;;;;
gruppemde_uge_13;attended_group_meeting_13;Er deltager fremmødt til ugens gruppemøde?;1;Ja;Yes;;;;
gruppemde_uge_15;attended_group_meeting_15;Er deltager fremmødt til ugens gruppemøde?;1;Ja;Yes;;;;
gruppemde_uge_17;attended_group_meeting_17;Er deltager fremmødt til ugens gruppemøde?;1;Ja;Yes;;;;
gruppemde_uge_18;attended_group_meeting_18;Er deltager fremmødt til ugens gruppemøde?;1;Ja;Yes;;;;
ekstra_kontakt;contact_bs_participant;Er deltageren blevet kontaktet mhp. at kontakte den behandlingsansvarlige læge vedrørende opstart af glukosesænkende medicin?;1;Ja;Yes;;;;
ekstra_kontakt;contact_bs_responsible_physician;Er der taget kontakt til deltagerens egen læge eller forsøgsstedets ansvarlige læge mhp. opstart i glukosesænkende medicin?;1;Ja;Yes;;;;
ekstra_kontakt;contact_bp_participant;Er deltageren blevet kontaktet mhp. at kontakte den behandlingsansvarlige læge vedrørende opstart af medicinsk behandling for hypertension?;1;Ja;Yes;;;;
ekstra_kontakt;contact_bp_responsible_physician;Er der taget kontakt til deltagerens egen læge eller forsøgsstedets ansvarlige læge mhp. opstart i medicinsk behandling for hypertension?;1;Ja;Yes;;;;
hba1c_uge_30;book_bloodsample_week_30;Er der bestilt blodprøver i SP (SCF00634)?;1;Ja;Yes;;;;
hba1c_uge_30;intervention_challenge_diet_week_30;En diætist vil kontakte deltageren i forhold til at følge op på diætinterventionen. Er diætist kontaktet?;1;Ja;Yes;;;;
hba1c_uge_30;intervention_challenge_training_week_30;Exercise manager vil kontakte deltageren i forhold til at følge op på træningsinterventionen. Er exercise manager kontaktet?;1;Ja;Yes;;;;
hba1c_uge_30;hba1c_date_for_extra_measurement_planned_participant_week_30;Er aftale for ny HbA1c-måling skrevet i deltagers kalender?;1;Ja;Yes;;;;
hba1c_uge_30;hba1c_date_for_extra_measurement_planned_staff_week_30;Er aftale for ny HbA1c-måling skrevet i Caroliens kalender?;1;Ja;Yes;;;;
hba1c_uge_30;hba1c_date_for_extra_measurement_planned_room_week_30;Er der booket et lokale til ny HbA1c-måling?;1;Ja;Yes;;;;
hba1c_uge_42;book_bloodsample_week_42;Er der bestilt blodprøver i SP (SCF00634)?;1;Ja;Yes;;;;
hba1c_uge_42;intervention_challenge_diet_week_42;En diætist vil kontakte deltageren i forhold til at følge op på diætinterventionen. Er diætist kontaktet?;1;Ja;Yes;;;;
hba1c_uge_42;intervention_challenge_training_week_42;Exercise manager vil kontakte deltageren i forhold til at følge op på træningsinterventionen. Er exercise manager kontaktet?;1;Ja;Yes;;;;
hba1c_uge_42;hba1c_date_for_extra_measurement_planned_participant_week_42;Er aftale for ny HbA1c-måling skrevet i deltagers kalender?;1;Ja;Yes;;;;
hba1c_uge_42;hba1c_date_for_extra_measurement_planned_staff_week_42;Er aftale for ny HbA1c-måling skrevet i Caroliens kalender?;1;Ja;Yes;;;;
hba1c_uge_42;hba1c_date_for_extra_measurement_planned_room_week_42;Er der booket et lokale til ny HbA1c-måling?;1;Ja;Yes;;;;
hba1c_follow_up;hba1c_participant_extra;Er deltageren blevet kontaktet mhp. at kontakte den behandlingsansvarlige læge vedrørende opstart af glukosesænkende medicin?;1;Ja;Yes;;;;
hba1c_follow_up;hba1c_responsible_physician_extra;Er der taget kontakt til deltagerens egen læge eller forsøgsstedets ansvarlige læge mhp. opstart i glukosesænkende medicin?;1;Ja;Yes;;;;
sociodemografiske_karakteristika;socde_living_with_others;Bor du sammen med andre?;1;Ja;Yes;;;;
sociodemografiske_karakteristika;socde_living_with_partner;Bor du sammen med en ægtefælle/samlever/kæreste?;1;Ja;Yes;;;;
sociodemografiske_karakteristika;socde_living_with_children_u16;Bor du sammen med et barn/børn under 16 år?;1;Ja;Yes;;;;
sociodemografiske_karakteristika;socde_living_with_others_16plus;Bor du sammen med andre på 16 år eller derover (ikke ægtefælle / samlever / kæreste)?;1;Ja;Yes;;;;
sociodemografiske_karakteristika;socde_have_children;Har du børn? Medregn både børn, der bor hjemme, og børn der ikke bor hjemme.;1;Ja;Yes;;;;
sociodemografiske_karakteristika;socde_born_in_dk;Er du født i Danmark?;1;Ja;Yes;;;;
sociodemografiske_karakteristika;socde_mother_born_in_dk;Er din mor født i Danmark?;1;Ja;Yes;;;;
sociodemografiske_karakteristika;socde_father_born_in_dk;Er din far født i Danmark?;1;Ja;Yes;;;;
sociodemografiske_karakteristika;socde_currently_studying;Er du under uddannelse?;1;Ja;Yes;;;;
sociodemografiske_karakteristika;socde_sports_club;Har du inden for det seneste år været med i nogen foreninger, organisationer eller grupper, hvor du har mødtes med andre om en fælles fritidsinteresse eller ydet en frivillig indsats (f.eks. en idrætsforening, kunstklub, løbegruppe, strikkeklub, politisk gruppe eller hjælpeorganisation)?;1;Ja;Yes;;;;
sociodemografiske_karakteristika_short;socde_short_living_with_others;Bor du sammen med andre?;1;Ja;Yes;;;;
sociodemografiske_karakteristika_short;socde_short_living_with_partner;Bor du sammen med ægtefælle/samlever/kæreste?;1;Ja;Yes;;;;
sociodemografiske_karakteristika_short;socde_short_living_with_children_u16;Bor du sammen med et barn/børn under 16 år?;1;Ja;Yes;;;;
sociodemografiske_karakteristika_short;socde_short_living_with_others_16plus;Bor du sammen med andre på 16 år eller derover (ikke ægtefælle / samlever / kæreste)?;1;Ja;Yes;;;;
diabetes_status;ds_diabetes_parent;Har eller havde dine forældre diabetes?;1;Ja;Yes;;;;
diabetes_status;ds_diabetes_sibling;Har eller havde dine søskende diabetes?;1;Ja;Yes;;;;
diabetes_status;ds_neuropathy;Har en læge nogensinde fortalt dig, at du har diabetisk fodsygdom, f.eks. neuropati, forårsaget af diabetes?;1;Ja;Yes;;;;
diabetes_status;ds_retinopathy;Har en læge nogensinde fortalt dig, at du har diabetisk øjensygdom, f.eks. retinopati, forårsaget af diabetes?;1;Ja;Yes;;;;
item_bodily_distress_syndrome_checklist;bds_gp_contact_past6months;Har du indenfor de seneste 6 måneder været i kontakt med din praktiserende læge pga. et eller flere af foregående symptomer?;1;Ja;Yes;;;;
yale_food_addiction_scale_yfas;yfas_psych_problems;Mit fødevareindtag har ført til væsentlige psykiske problemer som depression, angst, selvlede eller skyldfølelse.;1;Ja;Yes;;;;
yale_food_addiction_scale_yfas;yfas_physical_problems;Mit fødevareindtag har ført til fysiske problemer eller forværret eksisterende fysiske problemer.;1;Ja;Yes;;;;
yale_food_addiction_scale_yfas;yfas_continue_despite_problems;Jeg fortsatte med at spise de samme typer eller mængder mad, selvom jeg havde psykiske og/eller fysiske problemer.;1;Ja;Yes;;;;
yale_food_addiction_scale_yfas;yfas_tolerance;Over tid har jeg oplevet, at jeg skal spise mere og mere for at få den ønskede effekt - fx lindring af negative følelser eller øget nydelse.;1;Ja;Yes;;;;
yale_food_addiction_scale_yfas;yfas_loss_effect;Jeg har oplevet, at den samme mængde mad ikke længere har den ønskede effekt.;1;Ja;Yes;;;;
yale_food_addiction_scale_yfas;yfas_desire_to_cut_down;Jeg ønsker at skære ned på eller stoppe med at spise visse fødevarer.;1;Ja;Yes;;;;
yale_food_addiction_scale_yfas;yfas_attempt_cut_down;Jeg har forsøgt at skære ned på eller stoppe med at spise visse fødevarer.;1;Ja;Yes;;;;
yale_food_addiction_scale_yfas;yfas_success_cut_down;Jeg har haft succes med at skære ned eller undgå at spise disse fødevarer.;1;Ja;Yes;;;;
bedq;bed_q_9;9. Er du meget belastet af dine episoder med tvangsoverspisning?;1;Ja;Yes;;;;
stamdata;dropout_prescreen;Udgået til præscreening;1;Ja - Afsluttet efter manglende tilbagemelding efter rykker;Yes - Discontinued due to no response after reminder;;;;
stamdata;dropout_v1;Udgået til screening;1;Ja - Afsluttet efter manglende tilbagemelding efter rykker;Yes - Discontinued due to no response after reminder;;;;
stamdata;dropout_before_v1;Udgået før præscreening;1;Ja - Afsluttet efter manglende tilbagemelding efter rykker (lost to follow-up);Yes - Discontinued due to no response after reminder (lost to follow-up);;;;
stamdata;dropout_before_v1;Udgået før præscreening;2;Ja - Andet;Yes - other;;;;
stamdata;dropout_prescreen;Udgået til præscreening;5;Ja - Andet;Yes - other;;;;
stamdata;dropout_v1;Udgået til screening;5;Ja - Andet;Yes - other;;;;
besg_1_screening;bmi_eligible_v1;Opfyldes BMI som inklusionskriterium?;1;Ja - Deltageren har et BMI på ≥ 27;Yes - The participant has a BMI of ≥ 27;;;;
physical_and_mental_health_sf12;sf12_light_activities;Lettere aktiviteter, såsom at flytte et bord, støvsuge eller cykle;2;Ja - lidt begrænset;Yes - A little limited;;;;
physical_and_mental_health_sf12;sf12_climb_stairs;At gå flere etager op ad trapper;2;Ja - lidt begrænset;Yes - A little limited;;;;
physical_and_mental_health_sf12;sf12_light_activities;Lettere aktiviteter, såsom at flytte et bord, støvsuge eller cykle;1;Ja - meget begrænset;Yes, limited a lot;;;;
physical_and_mental_health_sf12;sf12_climb_stairs;At gå flere etager op ad trapper;1;Ja - meget begrænset;Yes, limited a lot;;;;
stamdata;dropout_prescreen;Udgået til præscreening;4;Ja - Opfylder et eller flere af eksklusionskriterierne;Yes - Meets one or more of the exclusion criteria;;;;
stamdata;dropout_v1;Udgået til screening;4;Ja - Opfylder et eller flere af eksklusionskriterierne;Yes - Meets one or more of the exclusion criteria;;;;
stamdata;dropout_prescreen;Udgået til præscreening;3;Ja - Opfylder ikke inklusionskriterierne;Yes - Does not meet the inclusion criteria;;;;
stamdata;dropout_v1;Udgået til screening;3;Ja - Opfylder ikke inklusionskriterierne;Yes - Does not meet the inclusion criteria;;;;
stamdata;dropout_prescreen;Udgået til præscreening;2;Ja - Var ikke interesseret efter skriftlig deltagerinformation;Yes – not interested after receiving written participant information;;;;
stamdata;dropout_v1;Udgået til screening;2;Ja - Var ikke interesseret efter skriftlig deltagerinformation;Yes – not interested after receiving written participant information;;;;
bedq;bed_q_1;1. Haft episoder med tvangsoverspisning? (dvs. at du indenfor et kort tidsrum (fx to timer) spiste væsentligt mere, end hvad der er normalt)?;2;Ja, 1-3 gange om ugen;Yes, one-three times a week ;;;;
bedq;bed_q_2;2. Mistet kontrollen over din spisning ved disse episoder? (fx at du ikke kunne stoppe med at spise, eller kontrollere, hvor meget du spiste?);2;Ja, 1-3 gange om ugen;Yes, one-three times a week ;;;;
bedq;bed_q_3;3. Haft episoder med tvangsoverspisning, hvor du spiste hurtigere end normalt?;2;Ja, 1-3 gange om ugen;Yes, one-three times a week ;;;;
bedq;bed_q_4;4. Haft episoder med tvangsoverspisning, hvor du spiste, til du var ubehagelig mæt?;2;Ja, 1-3 gange om ugen;Yes, one-three times a week ;;;;
bedq;bed_q_5;5. Haft episoder med tvangsoverspisning, hvor du spiste store mængder mad, selvom du ikke var sulten?;2;Ja, 1-3 gange om ugen;Yes, one-three times a week ;;;;
bedq;bed_q_6;6. Haft episoder med tvangsoverspisning, hvor du spiste alene, fordi du var flov over, hvor meget du spiste?;2;Ja, 1-3 gange om ugen;Yes, one-three times a week ;;;;
bedq;bed_q_7;7. Haft episoder med tvangsoverspisning, hvor du følte væmmelse, depression eller skyld efter episoderne?;2;Ja, 1-3 gange om ugen;Yes, one-three times a week ;;;;
bedq;bed_q_8;8. Kastet op efter episoder med tvangsoverspisning?;2;Ja, 1-3 gange om ugen;Yes, one-three times a week ;;;;
sociodemografiske_karakteristika;socde_sport_activity;Dyrker du nogen former for motion enten i forening eller på egen hånd på nuværende tidspunkt af året (f.eks. løb, boldspil, fitness, gymnastik, powerwalking, dans, yoga eller lignende)?(Medtag ikke cykling som transport eller almindelig gåtur);3;Ja, 1‐2 gange om ugen;Yes, one-two times a week ;;;;
sociodemografiske_karakteristika_short;socde_short_sport_activity;Dyrker du nogen former for idrætsaktiviteter enten i forening eller på egen hånd på nuværende tidspunkt af året (f.eks. løb, boldspil, fitness, gymnastik, powerwalking, dans, yoga eller lignende)? (Medtag ikke cykling som transport eller almindelig gåtur);3;Ja, 1‐2 gange om ugen;Yes, one-two times a week ;;;;
sociodemografiske_karakteristika;socde_sport_activity;Dyrker du nogen former for motion enten i forening eller på egen hånd på nuværende tidspunkt af året (f.eks. løb, boldspil, fitness, gymnastik, powerwalking, dans, yoga eller lignende)?(Medtag ikke cykling som transport eller almindelig gåtur);4;Ja, 1‐3 gange om måneden eller sjældnere;Yes, one to three times a month or less frequently;;;;
sociodemografiske_karakteristika_short;socde_short_sport_activity;Dyrker du nogen former for idrætsaktiviteter enten i forening eller på egen hånd på nuværende tidspunkt af året (f.eks. løb, boldspil, fitness, gymnastik, powerwalking, dans, yoga eller lignende)? (Medtag ikke cykling som transport eller almindelig gåtur);4;Ja, 1‐3 gange om måneden eller sjældnere;Yes, one to three times a month or less frequently;;;;
bedq;bed_q_1;1. Haft episoder med tvangsoverspisning? (dvs. at du indenfor et kort tidsrum (fx to timer) spiste væsentligt mere, end hvad der er normalt)?;5;Ja, 14 eller flere gange om ugen;Yes, 14 or more times a week;;;;
bedq;bed_q_2;2. Mistet kontrollen over din spisning ved disse episoder? (fx at du ikke kunne stoppe med at spise, eller kontrollere, hvor meget du spiste?);5;Ja, 14 eller flere gange om ugen;Yes, 14 or more times a week;;;;
bedq;bed_q_3;3. Haft episoder med tvangsoverspisning, hvor du spiste hurtigere end normalt?;5;Ja, 14 eller flere gange om ugen;Yes, 14 or more times a week;;;;
bedq;bed_q_4;4. Haft episoder med tvangsoverspisning, hvor du spiste, til du var ubehagelig mæt?;5;Ja, 14 eller flere gange om ugen;Yes, 14 or more times a week;;;;
bedq;bed_q_5;5. Haft episoder med tvangsoverspisning, hvor du spiste store mængder mad, selvom du ikke var sulten?;5;Ja, 14 eller flere gange om ugen;Yes, 14 or more times a week;;;;
bedq;bed_q_6;6. Haft episoder med tvangsoverspisning, hvor du spiste alene, fordi du var flov over, hvor meget du spiste?;5;Ja, 14 eller flere gange om ugen;Yes, 14 or more times a week;;;;
bedq;bed_q_7;7. Haft episoder med tvangsoverspisning, hvor du følte væmmelse, depression eller skyld efter episoderne?;5;Ja, 14 eller flere gange om ugen;Yes, 14 or more times a week;;;;
bedq;bed_q_8;8. Kastet op efter episoder med tvangsoverspisning?;5;Ja, 14 eller flere gange om ugen;Yes, 14 or more times a week;;;;
sociodemografiske_karakteristika;socde_sport_activity;Dyrker du nogen former for motion enten i forening eller på egen hånd på nuværende tidspunkt af året (f.eks. løb, boldspil, fitness, gymnastik, powerwalking, dans, yoga eller lignende)?(Medtag ikke cykling som transport eller almindelig gåtur);2;Ja, 3‐5 gange om ugen;Yes, three-five times a week;;;;
sociodemografiske_karakteristika_short;socde_short_sport_activity;Dyrker du nogen former for idrætsaktiviteter enten i forening eller på egen hånd på nuværende tidspunkt af året (f.eks. løb, boldspil, fitness, gymnastik, powerwalking, dans, yoga eller lignende)? (Medtag ikke cykling som transport eller almindelig gåtur);2;Ja, 3‐5 gange om ugen;Yes, three-five times a week;;;;
bedq;bed_q_1;1. Haft episoder med tvangsoverspisning? (dvs. at du indenfor et kort tidsrum (fx to timer) spiste væsentligt mere, end hvad der er normalt)?;3;Ja, 4-7 gange om ugen;Yes, four-seven times a week ;;;;
bedq;bed_q_2;2. Mistet kontrollen over din spisning ved disse episoder? (fx at du ikke kunne stoppe med at spise, eller kontrollere, hvor meget du spiste?);3;Ja, 4-7 gange om ugen;Yes, four-seven times a week ;;;;
bedq;bed_q_3;3. Haft episoder med tvangsoverspisning, hvor du spiste hurtigere end normalt?;3;Ja, 4-7 gange om ugen;Yes, four-seven times a week ;;;;
bedq;bed_q_4;4. Haft episoder med tvangsoverspisning, hvor du spiste, til du var ubehagelig mæt?;3;Ja, 4-7 gange om ugen;Yes, four-seven times a week ;;;;
bedq;bed_q_5;5. Haft episoder med tvangsoverspisning, hvor du spiste store mængder mad, selvom du ikke var sulten?;3;Ja, 4-7 gange om ugen;Yes, four-seven times a week ;;;;
bedq;bed_q_6;6. Haft episoder med tvangsoverspisning, hvor du spiste alene, fordi du var flov over, hvor meget du spiste?;3;Ja, 4-7 gange om ugen;Yes, four-seven times a week ;;;;
bedq;bed_q_7;7. Haft episoder med tvangsoverspisning, hvor du følte væmmelse, depression eller skyld efter episoderne?;3;Ja, 4-7 gange om ugen;Yes, four-seven times a week ;;;;
bedq;bed_q_8;8. Kastet op efter episoder med tvangsoverspisning?;3;Ja, 4-7 gange om ugen;Yes, four-seven times a week ;;;;
sociodemografiske_karakteristika;socde_sport_activity;Dyrker du nogen former for motion enten i forening eller på egen hånd på nuværende tidspunkt af året (f.eks. løb, boldspil, fitness, gymnastik, powerwalking, dans, yoga eller lignende)?(Medtag ikke cykling som transport eller almindelig gåtur);1;Ja, 6‐7 gange om ugen;Yes, six to seven times a week;;;;
sociodemografiske_karakteristika_short;socde_short_sport_activity;Dyrker du nogen former for idrætsaktiviteter enten i forening eller på egen hånd på nuværende tidspunkt af året (f.eks. løb, boldspil, fitness, gymnastik, powerwalking, dans, yoga eller lignende)? (Medtag ikke cykling som transport eller almindelig gåtur);1;Ja, 6‐7 gange om ugen;Yes, six to seven times a week;;;;
bedq;bed_q_1;1. Haft episoder med tvangsoverspisning? (dvs. at du indenfor et kort tidsrum (fx to timer) spiste væsentligt mere, end hvad der er normalt)?;4;Ja, 8-13 gange om ugen;Yes, 8–13 times a week;;;;
bedq;bed_q_2;2. Mistet kontrollen over din spisning ved disse episoder? (fx at du ikke kunne stoppe med at spise, eller kontrollere, hvor meget du spiste?);4;Ja, 8-13 gange om ugen;Yes, 8–13 times a week;;;;
bedq;bed_q_3;3. Haft episoder med tvangsoverspisning, hvor du spiste hurtigere end normalt?;4;Ja, 8-13 gange om ugen;Yes, 8–13 times a week;;;;
bedq;bed_q_4;4. Haft episoder med tvangsoverspisning, hvor du spiste, til du var ubehagelig mæt?;4;Ja, 8-13 gange om ugen;Yes, 8–13 times a week;;;;
bedq;bed_q_5;5. Haft episoder med tvangsoverspisning, hvor du spiste store mængder mad, selvom du ikke var sulten?;4;Ja, 8-13 gange om ugen;Yes, 8–13 times a week;;;;
bedq;bed_q_6;6. Haft episoder med tvangsoverspisning, hvor du spiste alene, fordi du var flov over, hvor meget du spiste?;4;Ja, 8-13 gange om ugen;Yes, 8–13 times a week;;;;
bedq;bed_q_7;7. Haft episoder med tvangsoverspisning, hvor du følte væmmelse, depression eller skyld efter episoderne?;4;Ja, 8-13 gange om ugen;Yes, 8–13 times a week;;;;
bedq;bed_q_8;8. Kastet op efter episoder med tvangsoverspisning?;4;Ja, 8-13 gange om ugen;Yes, 8–13 times a week;;;;
tobacco_and_nicotine_use;tobacco_use_2;Ønsker du at ændre dine nuværende nikotin-/rygevaner?;4;Ja, jeg planlægger at stoppe og/eller reducere nikotinforbrug/rygning inden for 1 måned;Yes, I plan to quit and/or reduce nicotine use/smoking within one month;;;;
tobacco_and_nicotine_use;tobacco_use_2;Ønsker du at ændre dine nuværende nikotin-/rygevaner?;3;Ja, jeg planlægger at stoppe og/eller reducere nikotinforbrug/rygning inden for 6 måneder;Yes, I plan to quit and/or reduce nicotine use/smoking within six months;;;;
tobacco_and_nicotine_use;tobacco_use_2;Ønsker du at ændre dine nuværende nikotin-/rygevaner?;2;Ja, men jeg har ikke planlagt hvornår;Yes, but I have not planned when;;;;
besoegsdag_2;mmtt_shake_bar_v2;Er shake + bar drukket/spist?;2;Ja, men shake + bar blev ikke drukket/spist inden for 10 minutter.;Yes, but the shake + bar were not consumed within 10 minutes;;;;
besoegsdag_3;mmtt_shake_bar_v3;Er shake + bar drukket/spist?;2;Ja, men shake + bar blev ikke drukket/spist inden for 10 minutter.;Yes, but the shake + bar were not consumed within 10 minutes;;;;
besoegsdag_4;mmtt_shake_bar_v4;Er shake + bar drukket/spist?;2;Ja, men shake + bar blev ikke drukket/spist inden for 10 minutter.;Yes, but the shake + bar were not consumed within 10 minutes;;;;
besgsdag_6;mmtt_shake_bar_v6;Er shake + bar drukket/spist?;2;Ja, men shake + bar blev ikke drukket/spist inden for 10 minutter.;Yes, but the shake + bar were not consumed within 10 minutes;;;;
besgsdag_8;mmtt_shake_bar_v8;Er shake + bar drukket/spist?;2;Ja, men shake + bar blev ikke drukket/spist inden for 10 minutter.;Yes, but the shake + bar were not consumed within 10 minutes;;;;
besgsdag_10_5f76;mmtt_shake_bar_v10;Er shake + bar drukket/spist?;2;Ja, men shake + bar blev ikke drukket/spist inden for 10 minutter.;Yes, but the shake + bar were not consumed within 10 minutes;;;;
bedq;bed_q_1;1. Haft episoder med tvangsoverspisning? (dvs. at du indenfor et kort tidsrum (fx to timer) spiste væsentligt mere, end hvad der er normalt)?;1;Ja, mindre end 1 gang om ugen;Yes, less than once a week;;;;
bedq;bed_q_2;2. Mistet kontrollen over din spisning ved disse episoder? (fx at du ikke kunne stoppe med at spise, eller kontrollere, hvor meget du spiste?);1;Ja, mindre end 1 gang om ugen;Yes, less than once a week;;;;
bedq;bed_q_3;3. Haft episoder med tvangsoverspisning, hvor du spiste hurtigere end normalt?;1;Ja, mindre end 1 gang om ugen;Yes, less than once a week;;;;
bedq;bed_q_4;4. Haft episoder med tvangsoverspisning, hvor du spiste, til du var ubehagelig mæt?;1;Ja, mindre end 1 gang om ugen;Yes, less than once a week;;;;
bedq;bed_q_5;5. Haft episoder med tvangsoverspisning, hvor du spiste store mængder mad, selvom du ikke var sulten?;1;Ja, mindre end 1 gang om ugen;Yes, less than once a week;;;;
bedq;bed_q_6;6. Haft episoder med tvangsoverspisning, hvor du spiste alene, fordi du var flov over, hvor meget du spiste?;1;Ja, mindre end 1 gang om ugen;Yes, less than once a week;;;;
bedq;bed_q_7;7. Haft episoder med tvangsoverspisning, hvor du følte væmmelse, depression eller skyld efter episoderne?;1;Ja, mindre end 1 gang om ugen;Yes, less than once a week;;;;
bedq;bed_q_8;8. Kastet op efter episoder med tvangsoverspisning?;1;Ja, mindre end 1 gang om ugen;Yes, less than once a week;;;;
besoegsdag_2;mmtt_shake_bar_v2;Er shake + bar drukket/spist?;1;Ja, shake + bar blev drukket/spist inden for 10 minutter.;Yes, the shake + bar were consumed within 10 minutes;;;;
besoegsdag_3;mmtt_shake_bar_v3;Er shake + bar drukket/spist?;1;Ja, shake + bar blev drukket/spist inden for 10 minutter.;Yes, the shake + bar were consumed within 10 minutes;;;;
besoegsdag_4;mmtt_shake_bar_v4;Er shake + bar drukket/spist?;1;Ja, shake + bar blev drukket/spist inden for 10 minutter.;Yes, the shake + bar were consumed within 10 minutes;;;;
besgsdag_6;mmtt_shake_bar_v6;Er shake + bar drukket/spist?;1;Ja, shake + bar blev drukket/spist inden for 10 minutter.;Yes, the shake + bar were consumed within 10 minutes;;;;
besgsdag_8;mmtt_shake_bar_v8;Er shake + bar drukket/spist?;1;Ja, shake + bar blev drukket/spist inden for 10 minutter.;Yes, the shake + bar were consumed within 10 minutes;;;;
besgsdag_10_5f76;mmtt_shake_bar_v10;Er shake + bar drukket/spist?;1;Ja, shake + bar blev drukket/spist inden for 10 minutter.;Yes, the shake + bar were consumed within 10 minutes;;;;
sociodemografiske_karakteristika;socde_work_shift;På hvilket tidspunkt af døgnet arbejder du sædvanligvis i din hovedbeskæftigelse?;7;Jeg arbejder ikke;I am not working;;;;
sociodemografiske_karakteristika_short;socde_short_work_shift;På hvilket tidspunkt af døgnet arbejder du sædvanligvis i din hovedbeskæftigelse?;7;Jeg arbejder ikke;I am not working;;;;
european_quality_of_life_5_dimensions_eq5d5l;eq5d_anxiety_depression;Angst/depression;5;Jeg er ekstremt ængstelig eller deprimeret;I am extremely anxious or depressed;;;;
european_quality_of_life_5_dimensions_eq5d5l;eq5d_anxiety_depression;Angst/depression;1;Jeg er ikke ængstelig eller deprimeret;I am not anxious or depressed;;;;
european_quality_of_life_5_dimensions_eq5d5l;eq5d_anxiety_depression;Angst/depression;2;Jeg er lidt ængstelig eller deprimeret;I am slightly anxious or depressed;;;;
european_quality_of_life_5_dimensions_eq5d5l;eq5d_anxiety_depression;Angst/depression;4;Jeg er meget ængstelig eller deprimeret;I am very anxious or depressed;;;;
european_quality_of_life_5_dimensions_eq5d5l;eq5d_anxiety_depression;Angst/depression;3;Jeg er moderat ængstelig eller deprimeret;I am moderately anxious or depressed;;;;
tobacco_and_nicotine_use;tabac_smoking_types;Cigaretter, cerutter, cigarer, pibe, vandpibe;4;Jeg har aldrig brugt det;I have never used it;;;;
tobacco_and_nicotine_use;tab_nicotine_types;Snus, nikotinposer, tyggetobak, tobakspastiller;4;Jeg har aldrig brugt det;I have never used it;;;;
tobacco_and_nicotine_use;tabac_e_cigarettes;E-cigaretter, vapes, pos-systemer;4;Jeg har aldrig brugt det;I have never used it;;;;
tobacco_and_nicotine_use;tabac_heat_not_burn;Opvarmet tobak (heat-not-burn-produkter);4;Jeg har aldrig brugt det;I have never used it;;;;
european_quality_of_life_5_dimensions_eq5d5l;eq5d_pain_discomfort;Smerter/ubehag;5;Jeg har ekstreme smerter eller ubehag;I have extreme pain or discomfort;;;;
european_quality_of_life_5_dimensions_eq5d5l;eq5d_mobility;Bevægelighed;1;Jeg har ingen problemer med at gå omkring;I have no problems in walking about;;;;
european_quality_of_life_5_dimensions_eq5d5l;eq5d_usual_activities;Sædvanlige aktiviteter (f.eks. arbejde, studie, husarbejde, familie- eller fritidsaktiviteter);1;Jeg har ingen problemer med at udføre mine sædvanlige aktiviteter;I have no problems doing my usual activities;;;;
european_quality_of_life_5_dimensions_eq5d5l;eq5d_self_care;Personlig pleje;1;Jeg har ingen problemer med at vaske mig eller klæde mig på;I have no problems washing or dressing myself;;;;
european_quality_of_life_5_dimensions_eq5d5l;eq5d_pain_discomfort;Smerter/ubehag;1;Jeg har ingen smerter eller ubehag;I have no pain or discomfort;;;;
european_quality_of_life_5_dimensions_eq5d5l;eq5d_mobility;Bevægelighed;2;Jeg har lidt problemer med at gå omkring;I have slight problems in walking about;;;;
european_quality_of_life_5_dimensions_eq5d5l;eq5d_usual_activities;Sædvanlige aktiviteter (f.eks. arbejde, studie, husarbejde, familie- eller fritidsaktiviteter);2;Jeg har lidt problemer med at udføre mine sædvanlige aktiviteter;I have slight problems doing my usual activities;;;;
european_quality_of_life_5_dimensions_eq5d5l;eq5d_self_care;Personlig pleje;2;Jeg har lidt problemer med at vaske mig eller klæde mig på;I have slight problems washing or dressing myself;;;;
european_quality_of_life_5_dimensions_eq5d5l;eq5d_pain_discomfort;Smerter/ubehag;2;Jeg har lidt smerter eller ubehag;I have slight pain or discomfort;;;;
european_quality_of_life_5_dimensions_eq5d5l;eq5d_mobility;Bevægelighed;3;Jeg har moderate problemer med at gå omkring;I have moderate problems in walking about;;;;
european_quality_of_life_5_dimensions_eq5d5l;eq5d_usual_activities;Sædvanlige aktiviteter (f.eks. arbejde, studie, husarbejde, familie- eller fritidsaktiviteter);3;Jeg har moderate problemer med at udføre mine sædvanlige aktiviteter;I have moderate problems doing my usual activities;;;;
european_quality_of_life_5_dimensions_eq5d5l;eq5d_self_care;Personlig pleje;3;Jeg har moderate problemer med at vaske mig eller klæde mig på;I have moderate problems washing or dressing myself;;;;
european_quality_of_life_5_dimensions_eq5d5l;eq5d_pain_discomfort;Smerter/ubehag;3;Jeg har moderate smerter eller ubehag;I have moderate pain or discomfort;;;;
european_quality_of_life_5_dimensions_eq5d5l;eq5d_pain_discomfort;Smerter/ubehag;4;Jeg har stærke smerter eller ubehag;I have severe pain or discomfort;;;;
european_quality_of_life_5_dimensions_eq5d5l;eq5d_mobility;Bevægelighed;4;Jeg har store problemer med at gå omkring;I have severe problems in walking about;;;;
european_quality_of_life_5_dimensions_eq5d5l;eq5d_usual_activities;Sædvanlige aktiviteter (f.eks. arbejde, studie, husarbejde, familie- eller fritidsaktiviteter);4;Jeg har store problemer med at udføre mine sædvanlige aktiviteter;I have severe problems doing my usual activities;;;;
european_quality_of_life_5_dimensions_eq5d5l;eq5d_self_care;Personlig pleje;4;Jeg har store problemer med at vaske mig eller klæde mig på;I have severe problems washing or dressing myself;;;;
european_quality_of_life_5_dimensions_eq5d5l;eq5d_mobility;Bevægelighed;5;Jeg kan ikke gå omkring;I am unable to walk about;;;;
european_quality_of_life_5_dimensions_eq5d5l;eq5d_usual_activities;Sædvanlige aktiviteter (f.eks. arbejde, studie, husarbejde, familie- eller fritidsaktiviteter);5;Jeg kan ikke udføre mine sædvanlige aktiviteter;I am unable to do my usual activities;;;;
european_quality_of_life_5_dimensions_eq5d5l;eq5d_self_care;Personlig pleje;5;Jeg kan ikke vaske mig eller klæde mig på;I am unable to wash or dress myself;;;;
yale_food_addiction_scale_yfas;yfas_problem_foods;Sæt kryds ved ALLE de følgende fødevarer, du har problemer med:;13;Jordbær;Strawberry ;;;;
yale_food_addiction_scale_yfas;yfas_problem_foods;Sæt kryds ved ALLE de følgende fødevarer, du har problemer med:;7;Kage;Cake ;;;;
stamdata;recruitment_source_v1;Hvordan blev deltageren rekrutteret til studiet?;10;Kan ikke huske;I cannot remember;;;;
adverse_events;ae_related_study;Relation til forsøget;3;Kan ikke udelukkes;Cannot be ruled out;;;;
yale_food_addiction_scale_yfas;yfas_problem_foods;Sæt kryds ved ALLE de følgende fødevarer, du har problemer med:;15;Kiks;Biscuit;;;;
sociodemografiske_karakteristika;socde_employment_status;Hvordan er din arbejdssituation for tiden?;10;Kontanthjælp, bistandshjælp;Social assistance, welfare benefits;;;;
sociodemografiske_karakteristika_short;socde_short_employment_status;Hvordan er din arbejdssituation for tiden?;10;Kontanthjælp, bistandshjælp;Social assistance, welfare benefits;;;;
sociodemografiske_karakteristika;socde_education_postschool;Har du fuldført en uddannelse ud over en skole‐ eller ungdomsuddannelse?;3;Kort videregående uddannelse, 2‐3 år (f.eks. markedsøkonom, politibetjent, laborant, maskintekniker, datamatiker, multimediedesigner, økonoma, tandplejer);Short-cycle higher education, 2–3 years (e.g., Marketing Management, Police Officer, Laboratory Technician, Mechanical Technician, Computer Science, Multimedia Design, Nutrition and Catering Manager, Dental Hygienist);;;;
stamdata;sex_stamdata;Køn;2;Kvinde;Female;;;;
trningsafvigelser;reason_exercise_deviation_phase3;Årsag til afvigelse;5;Lægelig anbefaling om pause;Medical recommendation to pause;;;;
sociodemografiske_karakteristika;socde_education_postschool;Har du fuldført en uddannelse ud over en skole‐ eller ungdomsuddannelse?;5;Lang videregående uddannelse, mere end 4 år (f.eks. civilingeniør, cand.mag., læge, psykolog);Long-cycle higher education, more than 4 years (e.g., Master of Science in Engineering, MA/MSc, Medical Doctor, Psychologist);;;;
sociodemografiske_karakteristika;socde_employment_status;Hvordan er din arbejdssituation for tiden?;7;Langtidssygemeldt;On long-term sick leave;;;;
sociodemografiske_karakteristika_short;socde_short_employment_status;Hvordan er din arbejdssituation for tiden?;7;Langtidssygemeldt;On long-term sick leave;;;;
besoegsdag_2;finapres_finger_cuff_size_v2;Hvilken størrelse fingermanchet bruges til Finapres-målingen?;3;Large;Large;;;;
besoegsdag_2;finapres_arm_cuff_size_v2;Hvilken størrelse armmanchet bruges til Finapres-målingen?;3;Large;Large;;;;
sociodemografiske_karakteristika;socde_employment_status;Hvordan er din arbejdssituation for tiden?;5;Ledig eller ledig i aktivering;Unemployed or in activation programs;;;;
sociodemografiske_karakteristika_short;socde_short_employment_status;Hvordan er din arbejdssituation for tiden?;5;Ledig eller ledig i aktivering;Unemployed or in activation programs;;;;
besg_1_screening;calciumantagonist_type_v1;Hvilken calciumantagonist?;2;Lercanidipin;Lercanidipine;;;;
medicine_changes;calciumantagonist_type_rep;Hvilken calciumantagonist?;2;Lercanidipin;Lercanidipine;;;;
physical_and_mental_health_sf12;sf12_pain_interference;Fysisk smerte har vanskeliggjort mit daglige arbejde (både arbejde uden for hjemmet og husarbejde);2;Lidt;A little;;;;
item_bodily_distress_syndrome_checklist;bds_palpitations_chest;Hjertebanken eller uro i brystet?;2;Lidt;A little;;;;
item_bodily_distress_syndrome_checklist;bdsq_chest_pressure_pain;Trykken eller smerter i brystet?;2;Lidt;A little;;;;
item_bodily_distress_syndrome_checklist;bdsq_shortness_breath_at_rest;Forpustethed uden anstrengelse?;2;Lidt;A little;;;;
item_bodily_distress_syndrome_checklist;bdsq_breathing_attack;Anfald med vejrtrækningsbesvær?;2;Lidt;A little;;;;
item_bodily_distress_syndrome_checklist;bdsq_dry_mouth;Mundtørhed?;2;Lidt;A little;;;;
item_bodily_distress_syndrome_checklist;bdsq_sweating;Varm eller koldsveden?;2;Lidt;A little;;;;
item_bodily_distress_syndrome_checklist;bdsq_frequent_loose_stools;Hyppige, løse afføringer?;2;Lidt;A little;;;;
item_bodily_distress_syndrome_checklist;bdsq_abdominal_pain;Mavesmerter?;2;Lidt;A little;;;;
item_bodily_distress_syndrome_checklist;bds_bloating;Oppustethed, spændings- eller tyngdefornemmelse i maven?;2;Lidt;A little;;;;
item_bodily_distress_syndrome_checklist;bds_diarrhea;Diarré?;2;Lidt;A little;;;;
item_bodily_distress_syndrome_checklist;bds_acid_reflux;Sure opstød?;2;Lidt;A little;;;;
item_bodily_distress_syndrome_checklist;bds_nausea;Kvalme?;2;Lidt;A little;;;;
item_bodily_distress_syndrome_checklist;bds_upper_abdominal_pain;Svie eller smerter i toppen af maven?;2;Lidt;A little;;;;
item_bodily_distress_syndrome_checklist;bds_limbs_pain;Smerter i armene eller benene?;2;Lidt;A little;;;;
item_bodily_distress_syndrome_checklist;bds_muscle_aches;Muskelsmerter eller ømhed?;2;Lidt;A little;;;;
item_bodily_distress_syndrome_checklist;bds_joint_pain;Ledsmerter?;2;Lidt;A little;;;;
item_bodily_distress_syndrome_checklist;bds_limbs_numbness;Følelse af lammelse i arme eller ben?;2;Lidt;A little;;;;
item_bodily_distress_syndrome_checklist;bds_back_pain;Rygsmerter?;2;Lidt;A little;;;;
item_bodily_distress_syndrome_checklist;bds_migratory_pain;Smerter som flytter sig fra sted til sted?;2;Lidt;A little;;;;
item_bodily_distress_syndrome_checklist;bds_paresthesia;Ubehagelig dødhedsfornemmelse eller føleforstyrrelser?;2;Lidt;A little;;;;
item_bodily_distress_syndrome_checklist;bds_concentration_difficulty;Koncentrationsbesvær?;2;Lidt;A little;;;;
item_bodily_distress_syndrome_checklist;bds_fatigue;Træthed?;2;Lidt;A little;;;;
item_bodily_distress_syndrome_checklist;bds_headache;Hovedpine?;2;Lidt;A little;;;;
item_bodily_distress_syndrome_checklist;bds_memory_problems;Hukommelsesbesvær?;2;Lidt;A little;;;;
item_bodily_distress_syndrome_checklist;bds_dizziness;Svimmelhed?;2;Lidt;A little;;;;
physical_and_mental_health_sf12;sf12_achieved_less_physical;Jeg har nået mindre, end jeg gerne ville;4;Lidt af tiden;A little of the time;;;;
physical_and_mental_health_sf12;sf12_limited_activities;Jeg har været begrænset i, hvilken slags arbejde eller andre aktiviteter jeg har kunne udføre;4;Lidt af tiden;A little of the time;;;;
physical_and_mental_health_sf12;sf12_achieved_less_emotional;Jeg har nået mindre, end hvad jeg gerne ville;4;Lidt af tiden;A little of the time;;;;
physical_and_mental_health_sf12;sf12_less_careful;Jeg har udført mit arbejde eller andre aktiviteter mindre omhyggeligt, end jeg plejer;4;Lidt af tiden;A little of the time;;;;
physical_and_mental_health_sf12;sf12_calm_relaxed;Jeg har følt mig rolig og afslappet;4;Lidt af tiden;A little of the time;;;;
physical_and_mental_health_sf12;sf12_full_of_energy;Jeg har følt mig fuld af energi;4;Lidt af tiden;A little of the time;;;;
physical_and_mental_health_sf12;sf12_downhearted;Jeg har følt mig trist til mode;4;Lidt af tiden;A little of the time;;;;
physical_and_mental_health_sf12;sf12_social_interference;Mit fysiske helbred eller følelsesmæssige problemer har gjort det vanskeligt at se andre mennesker (fx besøge venner, slægtninge osv.);4;Lidt af tiden;A little of the time;;;;
besg_1_screening;dppiv_type_v1;Hvilken DPP-IV-hæmmer?;2;Linagliptin (Trajenta);Linagliptin (Trajenta);;;;
medicine_changes;dppiv_type_rep;Hvilken DPP-IV-hæmmer?;2;Linagliptin (Trajenta);Linagliptin (Trajenta);;;;
prscreening_telefoninterview_frste_kontakt;treatment_v0;Får deltageren én eller flere af følgende behandlinger?Hvis deltageren kan svare ja til én eller flere af behandlingerne, kan deltageren inkluderes i studiet.;1;Livstilbehandling (f.eks. forløb hos diætist, træningsforløb eller andet);Lifestyle intervention (e.g., sessions with a dietitian, exercise programs, or similar);;;;
besg_1_screening;treatment_v1;Får deltageren én eller flere af følgende behandlinger?Hvis deltageren kan svare ja til én eller flere af behandlingerne, kan deltageren inkluderes i studiet.;1;Livstilbehandling (f.eks. forløb hos diætist, træningsforløb eller andet);Lifestyle intervention (e.g., sessions with a dietitian, exercise programs, or similar);;;;
besg_1_screening;angiotensin_ii_type_v1;Hvilken angiotensin-II-receptorblokker?;1;Losartan;Losartan;;;;
medicine_changes;angiotensin_ii_type_rep;Hvilken angiotensin-II-receptorblokker?;1;Losartan;Losartan;;;;
randomisering;randomisation;Randomisering:;2;LowCarb;LowCarb;;;;
besoegsdag_4;fibro_probe_size_v4;Hvilken probe blev benyttet?;1;M;M;;;;
besgsdag_6;fibro_probe_size_v6;Hvilken probe blev benyttet?;1;M;M;;;;
besgsdag_8;fibro_probe_size_v8;Hvilken probe blev benyttet?;1;M;M;;;;
besgsdag_10_5f76;fibro_probe_size_v10;Hvilken probe blev benyttet?;1;M;M;;;;
stamdata;sex_stamdata;Køn;1;Mand;Male ;;;;
sociodemografiske_karakteristika;socde_sports_club_frequency;Hvis du ser på det seneste år, hvor ofte vil du så sige, at du typisk er mødt op til aktiviteter i de foreninger, organisationer eller grupper, som du er med i?;3;Månedligt;Monthly;;;;
trningsafvigelser;reason_exercise_deviation_phase3;Årsag til afvigelse;6;Manglende motivation;Lack of motivation;;;;
trningsafvigelser;reason_exercise_deviation_phase3;Årsag til afvigelse;7;Manglende tid;Lack of time ;;;;
besoegsdag_4;food_pref_test_glasses_v4;Deltager har gennemført fødevarepræferencetesten OBS: Deltager skal gerne til V6, V8 og V10 lave testen med/uden briller som udført ved V4.;1;Med briller;With glasses;;;;
besgsdag_6;food_pref_test_glasses_v6;Deltager har gennemført fødevarepræferencetesten;1;Med briller;With glasses;;;;
besgsdag_8;food_pref_test_glasses_v8;Deltager har gennemført fødevarepræferencetesten;1;Med briller;With glasses;;;;
besgsdag_10_5f76;food_pref_test_glasses_v10;Deltager har gennemført fødevarepræferencetesten;1;Med briller;With glasses;;;;
besoegsdag_2;finapres_finger_cuff_size_v2;Hvilken størrelse fingermanchet bruges til Finapres-målingen?;2;Medium;Medium;;;;
besoegsdag_2;finapres_arm_cuff_size_v2;Hvilken størrelse armmanchet bruges til Finapres-målingen?;2;Medium;Medium ;;;;
pittsburgh_sleep_quality_index_psqi;psqi_6_overall_sleep_quality;Igennem den sidste måned, hvordan vurderer du din overordnede søvnkvalitet?;4;Meget dårlig;Very poor;;;;
pittsburgh_sleep_quality_index_psqi;psqi_6_overall_sleep_quality;Igennem den sidste måned, hvordan vurderer du din overordnede søvnkvalitet?;1;Meget god;Very good ;;;;
social_support_for_eating_habits;ssfeh_family_unhealthy_food;Familie;5;Meget ofte;Very often;;;;
social_support_for_eating_habits;ssfeh_friends_unhealthy_food;Venner;5;Meget ofte;Very often;;;;
social_support_for_eating_habits;ssfeh_family_diet_change;Familie;5;Meget ofte;Very often;;;;
social_support_for_eating_habits;ssfeh_friends_diet_change;Venner;5;Meget ofte;Very often;;;;
social_support_for_eating_habits;ssfeh_family_fat_salt;Familie;5;Meget ofte;Very often;;;;
social_support_for_eating_habits;ssfeh_friends_fat_salt;Venner;5;Meget ofte;Very often;;;;
social_support_for_eating_habits;ssfeh_family_compliments;Familie;5;Meget ofte;Very often;;;;
social_support_for_eating_habits;ssfeh_friends_compliments;Venner;5;Meget ofte;Very often;;;;
social_support_for_eating_habits;ssfeh_family_comments;Familie;5;Meget ofte;Very often;;;;
social_support_for_eating_habits;ssfeh_friends_comment;Venner;5;Meget ofte;Very often;;;;
social_support_for_eating_habits;ssfeh_family_eat_unhealthy;Familie;5;Meget ofte;Very often;;;;
social_support_for_eating_habits;ssfeh_friends_eat_unhealthy;Venner;5;Meget ofte;Very often;;;;
social_support_for_eating_habits;ssfeh_family_refuse_same_food;Familie;5;Meget ofte;Very often;;;;
social_support_for_eating_habits;ssfeh_friends_refuse_same_food;Venner;5;Meget ofte;Very often;;;;
social_support_for_eating_habits;ssfeh_family_brought_food_avoid;Familie;5;Meget ofte;Very often;;;;
social_support_for_eating_habits;ssfeh_friends_brought_food_avoid;Venner;5;Meget ofte;Very often;;;;
social_support_for_eating_habits;ssfeh_family_angry;Familie;5;Meget ofte;Very often;;;;
social_support_for_eating_habits;ssfeh_friends_amgry;Venner;5;Meget ofte;Very often;;;;
social_support_for_eating_habits;ssfeh_family_offered_food;Familie;5;Meget ofte;Very often;;;;
social_support_for_eating_habits;ssfeh_friends_offered_food;Venner;5;Meget ofte;Very often;;;;
stamdata;dropout_time;Hvornår er personen udgået fra intervention? Interventionen varer i alt 52 uger. Længde på fase 1: 12 ugerLænge på fase 2: 6 ugerLænge på fase 3: 34 ugerDe første 4 besøg er under screening/baseline perioden.;1;Mellem besøg 4 og 5;Between visits 4 and 5;;;;
stamdata;dropout_time;Hvornår er personen udgået fra intervention? Interventionen varer i alt 52 uger. Længde på fase 1: 12 ugerLænge på fase 2: 6 ugerLænge på fase 3: 34 ugerDe første 4 besøg er under screening/baseline perioden.;2;Mellem besøg 5 og 6;Between visits 5 and 6;;;;
stamdata;dropout_time;Hvornår er personen udgået fra intervention? Interventionen varer i alt 52 uger. Længde på fase 1: 12 ugerLænge på fase 2: 6 ugerLænge på fase 3: 34 ugerDe første 4 besøg er under screening/baseline perioden.;3;Mellem besøg 6 og 7;Between visits 6 and 7;;;;
stamdata;dropout_time;Hvornår er personen udgået fra intervention? Interventionen varer i alt 52 uger. Længde på fase 1: 12 ugerLænge på fase 2: 6 ugerLænge på fase 3: 34 ugerDe første 4 besøg er under screening/baseline perioden.;4;Mellem besøg 7 og 8;Between visits 7 and 8;;;;
stamdata;dropout_time;Hvornår er personen udgået fra intervention? Interventionen varer i alt 52 uger. Længde på fase 1: 12 ugerLænge på fase 2: 6 ugerLænge på fase 3: 34 ugerDe første 4 besøg er under screening/baseline perioden.;5;Mellem besøg 8 og 9;Between visits 8 and 9;;;;
stamdata;dropout_time;Hvornår er personen udgået fra intervention? Interventionen varer i alt 52 uger. Længde på fase 1: 12 ugerLænge på fase 2: 6 ugerLænge på fase 3: 34 ugerDe første 4 besøg er under screening/baseline perioden.;6;Mellem besøg 9 og 10;Between visits 9 and 10;;;;
sociodemografiske_karakteristika;socde_education_postschool;Har du fuldført en uddannelse ud over en skole‐ eller ungdomsuddannelse?;4;Mellemlang videregående uddannelse, 3‐4 år (f.eks. folkeskolelærer, socialrådgiver, bygningskonstruktør, sygeplejerske, fysioterapeut, diplomingeniør, pædagog, bachelor);Medium-cycle higher education, 3–4 years (e.g. primary school teacher, social worker, construction manager, nurse, physiotherapist, professional bachelor in engineering, kindergarten teacher, bachelor’s degree);;;;
pittsburgh_sleep_quality_index_psqi;psqi_10_sleep_chronotype;Man kan snakke om morgen- og aftenmennesker. Hvilken gruppe tror du, at du selv hører til i?;3;Mere aften- end morgenmenneske;More of an evening person than a morning person;;;;
sociodemografiske_karakteristika;socde_sports_club_frequency;Hvis du ser på det seneste år, hvor ofte vil du så sige, at du typisk er mødt op til aktiviteter i de foreninger, organisationer eller grupper, som du er med i?;1;Mere end én gang om ugen;More than once a week;;;;
pittsburgh_sleep_quality_index_psqi;psqi_10_sleep_chronotype;Man kan snakke om morgen- og aftenmennesker. Hvilken gruppe tror du, at du selv hører til i?;2;Mere morgen- end aftenmenneske;More of a morning person than an evening person;;;;
besg_1_screening;antidiabetics_medicine_v1;Deltager tager følgende antidiabetika:;1;Metformin;Metformin;;;;
medicine_changes;antidiabetics_medicine_rep;Ændring (herunder genintroduktion) af følgende antidiabetika:;1;Metformin;Metformin;;;;
besg_1_screening;other_glp1ra_dose_unit_v1;Mg/dag eller mg/uge?;1;Mg/dag;mg/day;;;;
medicine_changes;other_glp1ra_dose_unit_rep;Mg/dag eller mg/uge?;1;Mg/dag;mg/day;;;;
besg_1_screening;other_glp1ra_dose_unit_v1;Mg/dag eller mg/uge?;2;Mg/uge;mg/day;;;;
medicine_changes;other_glp1ra_dose_unit_rep;Mg/dag eller mg/uge?;2;Mg/uge;mg/day;;;;
adverse_events;ae_grade;Gradering;1;Mild (Uden betydning for daglige aktiviteter. Kræver ingen behandling.);Mild (no impact on daily activities. Requires no treatment.);;;;
pittsburgh_sleep_quality_index_psqi;psqi_5a_latency_30m;Kan ikke falde i søvn indenfor 30 min?;2;Mindre end en gang om ugen;Less than once a week;;;;
pittsburgh_sleep_quality_index_psqi;psqi_5b_wake;Vågner om natten eller tidligt morgen?;2;Mindre end en gang om ugen;Less than once a week;;;;
pittsburgh_sleep_quality_index_psqi;psqi_5c_urinate;Er nødt til at gå på toilettet en eller flere gange?;2;Mindre end en gang om ugen;Less than once a week;;;;
pittsburgh_sleep_quality_index_psqi;psqi_5d_breathing;Har besvær med at trække vejret ordentligt?;2;Mindre end en gang om ugen;Less than once a week;;;;
pittsburgh_sleep_quality_index_psqi;psqi_5e_cough_snore;Hoster eller snorker højlydt?;2;Mindre end en gang om ugen;Less than once a week;;;;
pittsburgh_sleep_quality_index_psqi;psqi_5f_too_cold;Har det for koldt?;2;Mindre end en gang om ugen;Less than once a week;;;;
pittsburgh_sleep_quality_index_psqi;psqi_5g_too_hot;Har det for varmt?;2;Mindre end en gang om ugen;Less than once a week;;;;
pittsburgh_sleep_quality_index_psqi;psqi_5h_nightmares;Har mareridt?;2;Mindre end en gang om ugen;Less than once a week;;;;
pittsburgh_sleep_quality_index_psqi;psqi_5i_pain;Har smerter?;2;Mindre end en gang om ugen;Less than once a week;;;;
pittsburgh_sleep_quality_index_psqi;psqi_7_medication;Igennem den sidste måned, hvor ofte har du taget medicin (på recept eller i håndkøb) for at hjælpe dig med at sove?;2;Mindre end en gang om ugen;Less than once a week;;;;
pittsburgh_sleep_quality_index_psqi;psqi_8_dysfunction;Igennem den sidste måned, hvor ofte har du haft problemer med at holde dig vågen imens du kører bil, du spiser et måltid mad, eller er i gang med sociale aktiviteter?;2;Mindre end en gang om ugen;Less than once a week;;;;
physical_and_mental_health_sf12;sf12_overall_health;Hvordan synes du, dit helbred er alt i alt?;4;Mindre godt;Less good;;;;
diabetes_distress_paid5_scale;paid5_fear;At du føler dig skræmt ved tanken om at leve med diabetes;2;Mindre problem;Minor problem;;;;
diabetes_distress_paid5_scale;paid5_depressed;At du føler dig nedtrykt ved tanken om at leve med diabetes;2;Mindre problem;Minor problem;;;;
diabetes_distress_paid5_scale;paid5_worries;At du er bekymret for fremtiden og risikoen for alvorlige komplikationer;2;Mindre problem;Minor problem;;;;
diabetes_distress_paid5_scale;paid5_energy_drain;At du føler, at din diabetes tager for meget af din energi mentalt og fysisk i hverdagen;2;Mindre problem;Minor problem;;;;
diabetes_distress_paid5_scale;paid5_manage_complications;At kunne magte komplikationer til diabetes;2;Mindre problem;Minor problem;;;;
adverse_events;ae_grade;Gradering;2;Moderat (Påvirker daglige aktiviteter i nogen grad. Kan kræve behandling, justering af interventionen eller kontakt til sundhedspersonale.);Moderate (affects daily activities to some extent. May require treatment, adjustment of the intervention, or contact with a healthcare professional.);;;;
diabetes_distress_paid5_scale;paid5_fear;At du føler dig skræmt ved tanken om at leve med diabetes;3;Moderat problem;Moderate problem;;;;
diabetes_distress_paid5_scale;paid5_depressed;At du føler dig nedtrykt ved tanken om at leve med diabetes;3;Moderat problem;Moderate problem;;;;
diabetes_distress_paid5_scale;paid5_worries;At du er bekymret for fremtiden og risikoen for alvorlige komplikationer;3;Moderat problem;Moderate problem;;;;
diabetes_distress_paid5_scale;paid5_energy_drain;At du føler, at din diabetes tager for meget af din energi mentalt og fysisk i hverdagen;3;Moderat problem;Moderate problem;;;;
diabetes_distress_paid5_scale;paid5_manage_complications;At kunne magte komplikationer til diabetes;3;Moderat problem;Moderate problem;;;;
ekstra_kontakt;contact_reason_specification;Er afvigelsen relateret til:;1;Motivation;Motivation;;;;
prscreening_telefoninterview_frste_kontakt;visit1_booking_type_v0;"Bookning af informations- og screeningsbesøg Forud for besøg 1 (informations- og screeningsbesøg) har deltageren mulighed for at vælge mellem 2 muligheder. Du kan som projektmedarbejder sige: ""Næste skridt i processen er at give dig en grundig introduktion til projektet og sikre, at du har mulighed for at stille spørgsmål, inden du beslutter dig. Der er to måder, som du kan vælge at fortsætte på: Mulighed 1: Online informationsmøde + screeningsbesøg på SDCC på et senere tidspunkt (bookning af to datoer) Først bookes et online informationsmøde, hvor projektet gennemgås, og du kan stille yderligere spørgsmål. Hvis du ønsker at gå videre, aftaler vi en tid til et første besøg på SDCC, hvor screeningen vil gennemføres. Hvis du har brug for at tænke yderligere over din deltagelse, ringer vi til dig per telefon 2-3 dage efter. Mulighed 2: Informationsmøde og screening samme dag (bookning af 1 dato) Vi booker tid til et fysisk møde på SDCC, hvor vi starter med informationsmødet. Hvis du fortsat ønsker at deltage i projektet, kan du underskrive samtykkeerklæringen med det samme, hvorefter vi vil gennemføre screeningen. Hvis du får brug for at tænke over din deltagelse, er du velkommen til at afbryde besøget. Herfra kontakter vi dig per telefon efter 2-3 dage efter for at afklare eventuelle yderligere spørgsmål og booke en ny tid til screening. Selve screeningen tager ca. 1 time og vil består af en række målinger af højde og vægt, blodprøve og hjertekardiogram. Derudover vil du også skulle besvare nogle spørgeskemaer. Hvis du opfylder kriterierne, bliver du inviteret til at deltage i projektet og får udleveret udstyr samt instruktioner til hjemmemålinger, som skal udføres inden besøg 2.""";1;Mulighed 1 - On site informations- og screeningsbesøg fysisk på SDCC;Option 1 – On-site information and screening visit in person at SDCC;;;;
prscreening_telefoninterview_frste_kontakt;visit1_booking_type_v0;"Bookning af informations- og screeningsbesøg Forud for besøg 1 (informations- og screeningsbesøg) har deltageren mulighed for at vælge mellem 2 muligheder. Du kan som projektmedarbejder sige: ""Næste skridt i processen er at give dig en grundig introduktion til projektet og sikre, at du har mulighed for at stille spørgsmål, inden du beslutter dig. Der er to måder, som du kan vælge at fortsætte på: Mulighed 1: Online informationsmøde + screeningsbesøg på SDCC på et senere tidspunkt (bookning af to datoer) Først bookes et online informationsmøde, hvor projektet gennemgås, og du kan stille yderligere spørgsmål. Hvis du ønsker at gå videre, aftaler vi en tid til et første besøg på SDCC, hvor screeningen vil gennemføres. Hvis du har brug for at tænke yderligere over din deltagelse, ringer vi til dig per telefon 2-3 dage efter. Mulighed 2: Informationsmøde og screening samme dag (bookning af 1 dato) Vi booker tid til et fysisk møde på SDCC, hvor vi starter med informationsmødet. Hvis du fortsat ønsker at deltage i projektet, kan du underskrive samtykkeerklæringen med det samme, hvorefter vi vil gennemføre screeningen. Hvis du får brug for at tænke over din deltagelse, er du velkommen til at afbryde besøget. Herfra kontakter vi dig per telefon efter 2-3 dage efter for at afklare eventuelle yderligere spørgsmål og booke en ny tid til screening. Selve screeningen tager ca. 1 time og vil består af en række målinger af højde og vægt, blodprøve og hjertekardiogram. Derudover vil du også skulle besvare nogle spørgeskemaer. Hvis du opfylder kriterierne, bliver du inviteret til at deltage i projektet og får udleveret udstyr samt instruktioner til hjemmemålinger, som skal udføres inden besøg 2.""";2;Mulighed 2 - Online informationsmøde efterfulgt af nyt fysisk screeningsbesøg på SDCC;Option 2 – Online information meeting followed by a separate in-person screening visit at SDCC;;;;
besg_1_screening;pregnancy_test_result_v1;7a. Hvad var graviditetstesten?;1;Negativ;Negative;;;;
besg_1_screening;gad65_value_v1;GAD65-antistof: Svar efter ca. 1 uge. Udfyldes, når svaret foreligger.;1;Negativ;Negative;;;;
besoegsdag_4;pregnancy_test_result_v4;Hvad var resultatet af graviditetstesten?;2;Negativ;Negative;;;;
besgsdag_6;pregnancy_test_result_v6;Hvad var resultatet af graviditetstesten?;2;Negativ;Negative;;;;
besgsdag_8;pregnancy_test_result_v8;Hvad var resultatet af graviditetstesten?;2;Negativ;Negative;;;;
besgsdag_10_5f76;pregnancy_test_result_v10;Hvad var resultatet af graviditetstesten?;2;Negativ;Negative ;;;;
stamdata;dropout_baseline;Udgået mellem baselinebesøgene (V1, V2, V3 og V4)?;2;Nej;No;;;;
stamdata;dropout_intervention;Er personen udgået under interventionsperioden?;2;Nej;No;;;;
stamdata;interventionen_completed;Deltageren har gennemført 52 ugers intervention;2;Nej;No;;;;
adverse_events;ae_ended;Er hændelsen/bivirkningen slut?;2;Nej;No;;;;
adverse_events;ae_related_study;Relation til forsøget;2;Nej;No;;;;
bookinger;visits_calendar_updates;Er datoer for besøg indført i 1. ON LiMiT-kalenderen 2. Deltagerens projektapp 3. Projektmedarbejdernes Outlook-kalendere;2;Nej;No;;;;
prscreening_telefoninterview_frste_kontakt;aim_phoneinterview_v0;"Har projektmedarbejder forklaret formålet med telefoninterviewet til deltager? Som projektmedarbejder kan du sige: ""Formålet med telefoninterviewet er at give dig en kort introduktion til ON LiMiT pilotstudiet og stille nogle spørgsmål for at se, om du opfylder de indledende kriterier for at kunne deltage. Hvis kriterierne er opfyldt, og du stadig har lyst til at være med, inviterer vi dig til et informations- og opstartsmøde på SDCC. Det møde foregår fysisk og inkluderer også en screening, hvis du fortsat ønsker at deltage i studiet.""";2;Nej;No;;;;
prscreening_telefoninterview_frste_kontakt;oral_constent_v0;Har deltageren afgivet mundtligt samtykke til, at de indsamlede oplysninger under dette telefoninterview registreres i REDCap?;2;Nej;No;;;;
prscreening_telefoninterview_frste_kontakt;short_intro_onlimit_v0;Er deltageren kort blevet introduceret til ON LiMiT pilotstudiet?Kort introduktion til ON LiMiT pilotstudie: Type 2-diabetes er en kronisk sygdom med forhøjet blodsukker, som man udgangspunkt har resten af livet. Forskning viser, at vægttab og livsstilsændringer med den rette kost, motion og støtte kan sænke blodsukkeret, i sådan en grad, at nogle kan undvære medicin - det kaldes remission. ON LiMiT er et forskningsprojekt, der undersøger, om et struktureret kost- og træningsprogram kan sænke og fastholde blodsukkeret uden medicin - og hvordan det fungerer i praksis i en almindelig hverdag. I dette første pilotstudie deltager 24 personer i et 12-måneders forløb, som er inddelt i tre faser: Fase 1: Måltidserstatning og vægttab (12 uger) Deltagerne starter med en 12 ugers måltidserstatningskur (Nupo) med fokus på vægttab. OBS: Informér deltageren om, hvornår denne fase cirka kommer til at ligge for dem. Fx så de ved, at det vil strække sig over sommerferien. Fase 2: Kost og træning (6 uger) Efter vægttabsfasen bliver deltagerne tilfældigt fordelt i to grupper: Gruppe 1: Kost med et moderat kulhydratindhold + gradvis tilvending til højintensitetstræning 3 gange om ugen Gruppe 2: Kost med lavt et kulhydratindhold + gradvis tilvending til højintensitetstræning 3 gange om ugen Overgangen fra måltidserstatning til kostgrupperne sker gradvist ved hjælp af måltidskasser. Deltagerne får et betalt medlemskab til PureGym og vil indgå i en fast træningsgruppe med superviseret træning 2 gange om ugen (det vil sige, at træningen foretages af en instruktør) samt én selvstændig træning - alene eller aftalt med en eller flere fra sin træningsgruppe. Fase 3: Vedligeholdelse (34 uger) I den sidste fase skal deltagerne fortsætte med den tildelte kost og træning i yderligere 34 uger. Deltagerne bliver under hele forløbet støttet af diætister og trænere - både individuelt og i grupper. Vi undersøger bl.a., om programmet fungerer i praksis, om deltagerne kan følge det i hverdagen, og om de føler sig trygge og tilstrækkeligt støttet. Vi vurderer også, om de planlagte målinger og procedurer fungerer som forventet. Når man starter i studiet, stopper man sin diabetesmedicin, og man bliver fulgt tæt af sin egen læge, sundhedsprofessionelle og projektmedarbejdere på Steno Diabetes Center Copenhagen. Vi sørger for at holde øje med dit blodsukker gennem projektet, både via regelmæssige blodsukkermålinger (CGM), almindelige blodsukkermålinger via fingerprik og ved måling af langtidsblodsukker (HbA1c). Deltagerne skal møde til 10 besøgsdage på SDCC fordelt over et år, hvor der laves forskellige målinger og undersøgelser. Derudover skal man i perioder registrere sin kost, bære aktivitetsur og aflevere forskellige prøver (urin og afføring).;2;Nej;No;;;;
prscreening_telefoninterview_frste_kontakt;info_read_v0;Har deltageren læst den skriftlige information?;2;Nej;No;;;;
prscreening_telefoninterview_frste_kontakt;info_questions_v0;Har deltageren nogle spørgsmål på nuværende tidspunkt? Gør deltageren opmærksom på, at vedkommende også kan stille spørgsmål ved informations- og screeningsbesøget (besøg 1). Dette besøg vil blive booket, hvis deltageren fortsat er interesseret i at deltage og opfylder de indledende inklusionskriterier.;2;Nej;No;;;;
prscreening_telefoninterview_frste_kontakt;t2d_diagnose_v0;Er deltageren blevet diagnosticeret med type 2-diabetes?;2;Nej;No;;;;
prscreening_telefoninterview_frste_kontakt;sp_consent_v0;Har deltageren givet samtykke til, at vi må slå dem op i SP?;2;Nej;No;;;;
prscreening_telefoninterview_frste_kontakt;weight_change_v0;Har deltagerens vægt været nogenlunde stabil (+/- 3 kg) gennem de sidste 3 måneder?;2;Nej;No;;;;
prscreening_telefoninterview_frste_kontakt;insulin_use_v0;1. Har deltageren fået insulinbehandling inden for de sidste 6 måneder (uanset type)?;2;Nej;No;;;;
prscreening_telefoninterview_frste_kontakt;heart_failure_v0;2. Har deltageren hjertesvigt (med en pumpefunktion SGLT-2-hæmmere kender deltageren ofte som Forxiga eller Jardiance.;2;Nej;No;;;;
prscreening_telefoninterview_frste_kontakt;cvd_v0;3. Har deltageren en kendt hjerte-kar-sygdom, der omfatter tidligere blodprop i hjerte eller hjerne, hvor der fx er ordineret inkretinbaseret medicin og/eller SGLT-2-hæmmer? Inkretinbaseret medicin kender deltageren ofte som Ozempic eller Rybelsus. SGLT-2-hæmmere kender deltageren ofte som Forxiga eller Jardiance.;2;Nej;No;;;;
prscreening_telefoninterview_frste_kontakt;kidney_function_v0;4. Har deltageren nyresygdom (eGFR ≥ 30 mg/g) i mindst 3 måneder) og er i behandling med eller skal starte i behandling med SGLT-2-hæmmere? SGLT-2-hæmmere kender deltageren også som Forxiga eller Jardiance.;2;Nej;No;;;;
prscreening_telefoninterview_frste_kontakt;physical_health_v0;5. Har deltageren somatisk sygdom, der kontraindicerer fysisk aktivitet som planlagt i interventionen?Har deltageren nogle fysiske helbredsproblemer, der forhindrer deltagelse i fysisk aktivitet som planlagt i interventionen?;2;Nej;No;;;;
prscreening_telefoninterview_frste_kontakt;food_allergies_v0;6. Har deltageren kostrestriktioner eller allergier, der forhindrer overholdelse af den planlagte kostintervention?;2;Nej;No;;;;
prscreening_telefoninterview_frste_kontakt;pregnant_v0;7. Er deltageren gravid eller planlægger graviditet inden for det næste år?;2;Nej;No;;;;
prscreening_telefoninterview_frste_kontakt;antabus_v0;8. Har deltageren et aktuelt alkohol- eller stofmisbrug eller modtager behandling for alkoholafhængighed (fx medicinsk behandling)?;2;Nej;No;;;;
prscreening_telefoninterview_frste_kontakt;psychiatric_disease_v0;9. Er deltageren diagnosticeret med en psykisk lidelse? Som projektmedarbejder kan du sige: Har du nogensinde fået stillet en diagnose af en læge eller psykolog for en psykisk lidelse (fx depression, angst eller bipolar lidelse)?;2;Nej;No;;;;
prscreening_telefoninterview_frste_kontakt;psychiatric_disease_medication_change_v0;9b. Hvis deltageren får medicin for psykisk lidelse, har der da været ændringer i medicinen de sidste 3 måneder?Som projektmedarbejder kan du sige:Tager du medicin for den psykiske lidelse? Hvis ja, har der været ændringer i din medicin inden for de seneste 3 måneder (fx ændret dosis, præparat eller seponering)?;2;Nej;No;;;;
prscreening_telefoninterview_frste_kontakt;psychiatric_hospitalization_v0;9d. Har deltageren været set akut eller været indlagt i psykiatrisk regi de sidste 6 måneder?Som projektmedarbejder kan du sige:Har du inden for de seneste 6 måneder haft kontakt til psykiatrisk skadestue eller været indlagt på en psykiatrisk afdeling?;2;Nej;No;;;;
prscreening_telefoninterview_frste_kontakt;psychiatric_disease_barrier_v0;9e. Vurderer projektmedarbejder, at psykisk lidelse af anden årsag end ovenstående forhindrer deltagelse i studiet?;2;Nej;No;;;;
prscreening_telefoninterview_frste_kontakt;binge_eating_v0;10. Er deltageren diagnosticeret med overspisningslidelse (binge eating disorder)? Som projektmedarbejder kan du sige: Har en læge eller psykolog nogensinde nævnt, at du har en overspisningslidelse (binge eating disorder)?;2;Nej;No;;;;
prscreening_telefoninterview_frste_kontakt;other_intervention_v0;11. Er deltageren medvirkende (eller planlægger at medvirke) i andre kliniske forsøg, der indebærer livsstilsintervention eller medicinsk behandling?;2;Nej;No;;;;
prscreening_telefoninterview_frste_kontakt;language_barrier_v0;12. Har deltageren udfordringer med at forstå dansk - både skriftligt og mundtligt?;2;Nej;No;;;;
prscreening_telefoninterview_frste_kontakt;compliance_risk_v0;13. Er det vurderet, at deltageren vil kunne overholde forsøgets procedurer og/eller interventioner (f.eks. fremmøde, målinger, vejledninger)?;2;Nej;No;;;;
prscreening_telefoninterview_frste_kontakt;book_sp_v0;Er deltageren blevet booket til besøg 1 i SP-kalender?;2;Nej;No;;;;
prscreening_telefoninterview_frste_kontakt;book_outlook_v0;Er deltageren blevet booket til besøg 1 i Outlook-kalender?;2;Nej;No;;;;
prscreening_telefoninterview_frste_kontakt;mail_v0;"Er der sendt en sikker mail med informationer om screeningsbesøget til deltageren? Deltageren får på den måde besked i e-boks om den aftalte tid. Husk derfor deltageren på at tjekke e-boks. De kan også med fordel downloade appen ""MinSundhed"" eller ""MinSP"", hvor tiden også vil kunne ses. Se ""SOP Præscreening"" for fremgangsmåde.";2;Nej;No;;;;
prscreening_telefoninterview_frste_kontakt;relative_v1_v0;Ønsker deltageren at tage en pårørende med til besøg 1? Du kan sige: Vi vil meget gerne opfordre dig til at tage en pårørende med til screeningsbesøget. Det kan være en partner, et familiemedlem eller en god ven. Det giver ofte en god fælles forståelse af projektet og kan være en stor større for dig undervejs.;2;Nej;No;;;;
prscreening_telefoninterview_frste_kontakt;book_online_meeting_v0;Er der booket online informationsmøde med deltageren? Husk at booke i SP-kalender, Outlook-kalender og deltagerens kalender.;2;Nej;No;;;;
randomisering;randomisation_yn;Skal deltageren randomiseres?;2;Nej;No;;;;
fr_besgsdag_1_screening;bloodsamples_order_wfv1;Er der bestilt screeningsblodprøve-pakke i SP: SCF00633?;2;Nej;No;;;;
fr_besgsdag_1_screening;cgm_ready_wfv1;Er en af de 3 CGM-readere opladt og lagt klar sammen med en ny sensor til screening?Findes i ON LiMiT-skabet på forsningsgangen.;2;Nej;No;;;;
fr_besgsdag_1_screening;cgm_zip_wfv1;Er der lagt en zippose frem med CGM-sensorens sensor-nummer og deltagerens ID-nummer skrevet på?;2;Nej;No;;;;
fr_besgsdag_1_screening;sens_ready_wfv1;Er zippose med aktivitetsmåler (SENS), plaster, ekstra plaster, desinficeringsserviet og registreringsskema lagt klar?;2;Nej;No;;;;
fr_besgsdag_1_screening;sens_sign_in_wfv1;Er deltager oprettet i SENS webappen? Se ID-nummer på aktivitetsmåler i zipposen (skal bruges til oprettelsen).;2;Nej;No;;;;
fr_besgsdag_1_screening;liva_ready_wfv1;Er deltager oprettet på Liva-platformen?;2;Nej;No;;;;
besg_1_screening;identified_name_cpr_v1;Er deltageren identificereret med navn og CPR-nummer?;2;Nej;No;;;;
besg_1_screening;relative_v1;Er der pårørende med til besøget?;2;Nej;No;;;;
besg_1_screening;aim_screening_v1;"Har deltageren fået en gennemgang af formålet med informations- og screeningsbesøget? Se ""SOP - Inspirationssætninger til projektintro""";2;Nej;No;;;;
besg_1_screening;consent_info_read_v1;1. Har deltageren læst den skriftlige information?;2;Nej;No;;;;
besg_1_screening;consent_info_given_v1;"2. Er der givet mundtlig information om projektet, og hvad deltagelse indebærer? OBS: Informér deltageren om, hvornår vægttabsfasen cirka kommer til at ligge for dem. Fx så de ved, at det vil strække sig over sommerferien. Se ""SOP - Inspirationssætninger til projektmedarbejder""";2;Nej;No;;;;
besg_1_screening;consent_24h_reflection_v1;3. Er deltageren blevet gjort opmærksom på retten til min. 24 timers betænkningstid?;2;Nej;No;;;;
besg_1_screening;consent_24h_reflection_use_v1;3a. Ønsker deltageren at benytte sig af 24 timers betænkningstid?;2;Nej;No;;;;
besg_1_screening;consent_24h_reflection_date_planned_participant_v1;Er aftale for telefonisk opfølgning skrevet i deltagers kalender?;2;Nej;No;;;;
besg_1_screening;consent_24h_reflection_date_planned_staff_v1;Er aftale for telefonisk opfølgning skrevet i projektpersonales kalender?;2;Nej;No;;;;
besg_1_screening;consent_questions_asked_v1;4. Er deltageren blevet spurgt, om vedkommende har nogle spørgsmål?;2;Nej;No;;;;
besg_1_screening;consent_time_commitment_asked_v1;5. Er deltageren blevet spurgt, om vedkommende er indstillet på det tidsforbrug, forsøgsdeltagelsen kræver?;2;Nej;No;;;;
besg_1_screening;consent_signed_v1;6. Har deltageren underskrevet samtykkeerklæringen?;2;Nej;No;;;;
besg_1_screening;staff_signed_consent_v1;7. Har projektmedarbejderen underskrevet samtykkeerklæringen?;2;Nej;No;;;;
besg_1_screening;consent_copy_taken_v1;8. Er der blevet taget en fotokopi af samtykkeerklæringen?;2;Nej;No;;;;
besg_1_screening;consent_copy_given_v1;9. Har deltageret fået en fotokopi af samtykkeerklæringen?;2;Nej;No;;;;
besg_1_screening;consent_original_filed_v1;10. Er den originale samtykkeerklæring blevet lagt i mappen på L-drevet?;2;Nej;No;;;;
besg_1_screening;contact_other_trials_v1;Må vi kontakte deltageren til andre forsøg?;2;Nej;No;;;;
besg_1_screening;wants_results_v1;Ønsker deltageren at få sine resultater fra projektet?;2;Nej;No;;;;
besg_1_screening;t2d_diagnose_v1;Er deltageren diagnosticeret med type 2-diabetes?;2;Nej;No;;;;
besg_1_screening;weight_change_v1;Har deltagerens vægt været nogenlunde stabil (+/- 3 kg) gennem de sidste 3 måneder?;2;Nej;No;;;;
besg_1_screening;insulin_use_v1;1. Har deltageren fået insulinbehandling inden for de sidste 6 måneder (uanset type)?;2;Nej;No;;;;
besg_1_screening;heart_failure_v1;2. Har deltageren hjertesvigt (med en pumpefunktion SGLT-2-hæmmere kender deltageren ofte som Forxiga eller Jardiance. Medicinlisten skal gennemgås, hvor forsøgsansvarlige læge er indenover.;2;Nej;No;;;;
besg_1_screening;cvd_v1;3. Har deltageren en kendt hjerte-kar-sygdom, der omfatter tidligere blodprop i hjerte eller hjerne, hvor der er ordineret inkretinbaseret medicin og/eller SGLT-2-hæmmer? Inkretinbaseret medicin kender deltageren ofte som Ozempic eller Rybelsus. SGLT-2-hæmmere kender deltageren ofte som Forxiga eller Jardiance. Medicinlisten skal gennemgås, hvor forsøgsansvarlige læge er indenover.;2;Nej;No;;;;
besg_1_screening;kidney_disease_v1;4. Har deltageren nyresygdom (eGFR ≥ 30 mg/g) i mindst 3 måneder) og er i behandling med eller skal starte i behandling med SGLT-2-hæmmere?;2;Nej;No;;;;
besg_1_screening;physical_health_v1;5. Har deltageren somatisk sygdom, der kontraindicerer fysisk aktivitet som planlagt i interventionen? Har deltageren nogle fysiske helbredsproblemer, der forhindrer deltagelse i fysisk aktivitet som planlagt i interventionen?;2;Nej;No;;;;
besg_1_screening;food_allergies_v1;6. Har deltageren kostrestriktioner eller allergier, der forhindrer overholdelse af den planlagte kostintervention?;2;Nej;No;;;;
besg_1_screening;pregnant_v1;7. Er deltageren gravid eller planlægger graviditet inden for det næste år?;2;Nej;No;;;;
besg_1_screening;alcohol_or_substance_misuse_v1;8. Har deltageren et aktuelt alkohol- eller stofmisbrug eller modtager behandling for alkoholafhængighed (fx medicinsk behandling)?;2;Nej;No;;;;
besg_1_screening;psychiatric_disease_v1;9. Er deltageren diagnosticeret med en psykisk lidelse? Som projektmedarbejder kan du sige: Har du nogensinde fået stillet en diagnose af en læge eller psykolog for en psykisk lidelse (fx depression, angst, bipolar lidelse eller lignende)?;2;Nej;No;;;;
besg_1_screening;psychiatric_disease_medication_change_v1;9b. Hvis deltageren får medicin for psykisk lidelse, har der da været ændringer i medicinen de sidste 3 måneder?Som projektmedarbejder kan du sige: Tager du medicin for den psykiske lidelse? Hvis ja, har der været ændringer i din medicin inden for de seneste 3 måneder (fx ændret dosis, præparat eller seponering)?;2;Nej;No;;;;
besg_1_screening;psychiatric_hospitalization_v1;9d. Har deltageren været set akut eller været indlagt i psykiatrisk regi de sidste 6 måneder? Som projektmedarbejder kan du sige: Har du inden for de seneste 6 måneder haft kontakt til psykiatrisk skadestue eller været indlagt på en psykiatrisk afdeling?;2;Nej;No;;;;
besg_1_screening;psychiatric_disease_barrier_v1;9e. Vurderer projektmedarbejder, at psykisk lidelse af anden årsag end ovenstående forhindrer deltagelse i studiet?;2;Nej;No;;;;
besg_1_screening;binge_eating_v1;10a. Er deltageren diagnosticeret med overspisningslidelse (binge eating disorder)? Som projektmedarbejder kan du sige: Har en læge eller psykolog nogensinde nævnt, at du kunne have overspisningslidelse (binge eating disorder)?;2;Nej;No;;;;
besg_1_screening;other_intervention_v1;11. Er deltageren medvirkende (eller planlægger at medvirke) i andre kliniske forsøg, der indebærer livsstilsintervention eller medicinsk behandling?;2;Nej;No;;;;
besg_1_screening;language_barrier_v1;12. Har deltageren udfordringer med at forstå dansk - både skriftligt og mundtligt?;2;Nej;No;;;;
besg_1_screening;compliance_risk_v1;13. Er det vurderet, at deltageren vil kunne overholde forsøgets procedurer og/eller interventioner (f.eks. fremmøde, målinger, vejledninger)?;2;Nej;No;;;;
besg_1_screening;medicinelist_v1;Er medicinlisten gennemgået med deltageren og eventuelle ændringer noteret tydeligt?;2;Nej;No;;;;
besg_1_screening;other_medicine_v1;Tager deltageren anden medicin end angivet ovenfor?;2;Nej;No;;;;
besg_1_screening;supplements_v1;Tager deltageren nogle former for vitamin-/mineraltilskud eller andre kosttilskud?;2;Nej;No;;;;
besg_1_screening;medicine_list_physical_v1;Er den opdaterede medicinliste lagt i mappen på kontoret under deltagerens ID?;2;Nej;No;;;;
besg_1_screening;medicine_doctor_v1;Skal medicin gennemgås med læge?;2;Nej;No;;;;
besg_1_screening;medicine_doctor_review_v1;Er medicin blevet gennemgået med læge?;2;Nej;No;;;;
besg_1_screening;screening_complete_v1;Er screeningsinstrumentet fuldstændig udfyldt?;2;Nej;No;;;;
besg_1_screening;inclusion_criteria_met_v1;Er inklusionskriterier opfyldt?;2;Nej;No;;;;
besg_1_screening;exclusion_criteria_reviewed_v1;Er eksklusionskriterierne gennemgået?;2;Nej;No;;;;
besg_1_screening;stamdata_complete_v1;Er nødvendig data om personen i stamdata-instrumentet registreret?;2;Nej;No;;;;
besg_1_screening;inclusion_v1;Kan deltageren inkluderes i ON LiMiT feasibility-studiet?;2;Nej;No;;;;
besg_1_screening;blood_sample_taken_v1;Har deltageren fået taget en blodprøve?;2;Nej;No;;;;
besg_1_screening;gad65_waiting_v1;Gør så meget som muligt færdigt i screeningsbesøget. Der planlægges en opfølgende telefonsamtale. Er den planlagt? Husk at skrive aftalen ind i projektpersonales Outlook-kalender og deltagerens kalender. Hvis GAD65-antistof er negativ: Kandidaten opfylder ikke eksklusionskriteriet. Der bookes en ny tid til at afslutte screeningsbesøget. Hvis GAD65-antistof er positiv: Kandidaten opfylder eksklusionskriteriet og kan ikke inkluderes i studiet.;2;Nej;No;;;;
besg_1_screening;ecg_performed_v1;Har deltageren fået taget et EKG?;2;Nej;No;;;;
besg_1_screening;egc_approved_v1;"Er EKG godkendt af en læge? Når man tager EKG'et, og man på apparatet trykker ""godkend"" eller ""udført"", sendes det automatisk til deltagerens SP. Her kan lægen også åbne det og kigge det igennem, hvis ikke lægen er til stede til selve screeningen.";2;Nej;No;;;;
besg_1_screening;visit2_scheduled_v1;Er besøgstider for V2, V3 og V4 booket ind i deltagerens kalender og/eller Liva?Husk at opdatere bookinginstrumentet!;2;Nej;No;;;;
besg_1_screening;appointments_booked_outlook_calendar_v1;Er besøgstider for V2, V3 og V4 booket ind i ON LiMiT-kalenderen i Outlook?;2;Nej;No;;;;
besg_1_screening;appointments_booked_sp_v1;Er besøgstider for V2, V3 og V4 booket ind i SP?;2;Nej;No;;;;
besg_1_screening;sp_reminder_installed_v1;Har deltageren 'Min SP', så deltageren kan se aftaletidspunkter, og der kan modtages påmindelser om tider i projektet?;2;Nej;No;;;;
besg_1_screening;easy_sms_v1;Er deltageren tilmeldt NemSMS, så der automatisk udsendes påmindelser om aftaler?;2;Nej;No;;;;
besg_1_screening;research_active_sp_v1;Er deltageren gjort forskningsaktiv i SP?;2;Nej;No;;;;
besg_1_screening;sp_note_visit_v1;Er der skrevet et notat for besøget i SP?;2;Nej;No;;;;
besg_1_screening;handed_out_v1;Er der udleveret deltagermappe?;2;Nej;No;;;;
besg_1_screening;participant_folder_v1;Er informationen i deltagermappen gennemgået? Bed deltageren om at medbringe deltagermappen hver gang, de er til besøg;2;Nej;No;;;;
besg_1_screening;participant_folder_questioins_v1;Har deltageren nogle spørgsmål til materialet i deltagermappen?;2;Nej;No;;;;
besg_1_screening;study_app_installation_v1;Har deltageren fået installeret studieappen (Liva) på sin telefon?;2;Nej;No;;;;
besg_1_screening;study_app_install_plan_v1;Er der en plan for, hvordan og hvornår studieappen bliver installeret?;2;Nej;No;;;;
besg_1_screening;study_app_instruction_v1;"Er deltageren blevet instrueret i brugen af studieappen og informeret om monitorering gennem studieappen? Som projektmedarbejder kan du sige: ""Studieappen vil fungere som din digitale støtte under hele forløbet. Det er her, du har din personlige sundhedsvejledning lige ved hånden på din smartphone.I appen kan du nemt registrere dine hjemmemålinger, som fx vægt, blodsukker og blodtryk. Når du registrerer dine målinger, kan vi i projektet følge med og reagere, hvis der er noget, vi skal være opmærksomme på undervejs. Det hjælper os med at støtte dig bedst muligt undervejs og sikre, at alt forløber, som det skal. Hvis vi kan se, at du fx ikke har fået trænet som planlagt, ikke har registreret dine måltider, eller hvis noget ser anderledes ud end forventet, så rækker vi ud for at høre, hvordan det går, og hvordan vi eventuelt kan hjælpe dig.Appen hjælper dig også med at huske, hvornår du skal lave dine hjemmeprøver og -målinger. Du vil få påmindelser i appen, så du ikke selv skal holde styr på det hele.Appen gør det desuden også let for dig at komme i kontakt med projektets diætister, trænere og andre projektmedarbejdere. Har du spørgsmål, er i tvivl om noget eller har brug for støtte, kan du altid skrive til os direkte i appen.Derudover giver appen mulighed for et online fællesskab med de andre deltagere i din gruppe, hvor I kan dele erfaringer, stille spørgsmål og støtte hinanden undervejs"". Vis, hvordan man ser besøg, skriver en besked og registrerer et mål.";2;Nej;No;;;;
besg_1_screening;diet_record_explained_v1;"Er instruktionerne for udfyldelse af en 3-dages kostregistrering på MyFood24 gennemgået med deltageren? Brug link til at se/vise: Hvordan det ser ud for deltageren Som projektmedarbejder kan du sige: ""Du skal registrere din kost 5 gange i løbet af projektperioden: Uge 0 (baseline), 18, 24, 26 og 51. Kostregistreringen foregår via en hjemmeside som hedder MyFood24. Når det er tid til at registrere, modtager du et link gennem studieappen (Liva), som sender dig en påmindelse og et personligt link. Hvis du ikke udfylder registreringen, udsender vi op til 3 remindere. Hvis registreringen stadig ikke er gennemført, bliver du kontaktet af projektdiætisten. ""Du skal hver gang kostregistrere i 3 dage. Dvs. hver af de 3 dage skal du bruge samme link og vælge den aktuelle dato samt huske at trykke ""Afslut"" hver dag, så du ser ""Mange tak fordi du udfyldte MyFood24"" (vis dem evt. billede fra deltagermappe). Du skal hver dag angive, hvilke fødevarer du har spist og eventuelle drikkevarer med så præcise portionsstørrelser som muligt. Du vil ikke behøve at veje din mad, da MyFood24 indeholder forskellige billeder og estimater, som hjælper dig med at angive mængden."" ""I din deltagermappe finder du en trinvis guide til, hvordan du foretager en kostregistrering.""";2;Nej;No;;;;
besg_1_screening;myfood24_calendar_v1;"Er der oprettet en aftale i ON LiMiT-kalenderen om at sende link til deltageren i Liva? Skriv fx ""Send link til MyFood24 til ID09"". Invitér projektdiætister til aftalen (NP og GS).";2;Nej;No;;;;
besg_1_screening;cgm_info_v1;"Har deltageren fået information om brugen af blodsukkersensor (CGM)?Information om brug til blodsukkersensor (CGM). Som projektmedarbejder kan du sige: ""Ved denne undersøgelse påsætter vi en blodsukkersensor på dig, som du skal bære i 10 dage. I dag sætter vi den på, og sætter derefter sammen en påmindelse i din personlige kalender, når der er gået 10 dage om, at du skal tage den af. Blodsukkersensoren vil automatisk måde dit blodsukker hele døgnet i de 10 dage du har den på og gemme målingerne. Når du tager blodsukkersensoren af, skal du ligge den i denne zip-pose, og tage den med til næste besøg. Når vi modtager blodsukkersensoren fra dig, vil vi aflæse målingerne. Når du bærer blodsukkersensoren i de 10 dage, skal du leve, som du normalt gør (dvs. gå i bad mm. som du plejer). Dog kan eks. hyppig sauna øge risikoen for, at sensoren falder af før tid. Hvis den falder af - eller hvis der opstår spørgsmål - kan du ringe til ON LiMiT projekttelefonen: 21 47 18 16.""";2;Nej;No;;;;
besg_1_screening;cgm_v1;Er blodsukkersensoren (CGM) påsat?;2;Nej;No;;;;
besg_1_screening;gcm_envelop_given_v1;Har deltageren fået udleveret en zippose (CGM sensornummer påskrevet), som deltageren kan lægge CGM'en i efter aftagning - eller hvis den falder af?;2;Nej;No;;;;
besg_1_screening;sens_download_phone_v1;"Har deltageren fået downloadet SENS motion appen på sin mobil eller tablet? I deltagermappen findes ""SOP SENS Påsætning"", som har en QR-kode, deltagerne kan scanne for at downloade SENS motion app (Appstore og Google Play Store).";2;Nej;No;;;;
besg_1_screening;sens_turned_on_v1;Er aktivitetsmåleren tændt og måleperiode registreret i SENS webappen?OBS: Tjek batteri.;2;Nej;No;;;;
besg_1_screening;sens_applied_v1;Er aktivitetsmåler (SENS) påsat?;2;Nej;No;;;;
besg_1_screening;sens_info_v1;"Har deltageren fået information om brugen af aktivitetsmåler (SENS)?Information om brug til SENS: ""Du vil under projektperioden skulle have påsat en aktivitetsmåler (SENS) fire gange, og bære den i en måleperiode på 10 dage. Vi sætter en på dig i dag, som du vil skulle have på i 10 dage. Derefter må du tage den af. Du får en zippose med hjem, som du kan ligge den I og medbringe til næste besøg. Du må gerne tage korte brusebade, og du kan kortvarigt opholde dig i vand (f.eks. svømmehal eller havvand). Dog anbefales det ikke at opholde sig i længere badekar, spa eller meget varm vand. Derudover fraråder vi også, at du går i sauna i perioden du bærer aktivitetsmåleren. Du får et ekstra plaster med hjem i tilfælde af, at aktivitetsmåleren falder af og skal påsættes igen. Hvis dette sker, bør du notere i skemaet (i zipposen) hvornår aktivitetsmåleren blev fjernet, hvornår den blev påsat igen og evt. årsag til aftagningen. I din deltagermappe finder du en trinvis guide til, hvordan du påsætter aktivitetsmåleren igen. Hvis der bliver udfordringer med at påsætte aktivitetsmåleren igen, kontakter du os og vi finder ud af det sammen. Appen skal åbnes i nærheden af aktivitetsmåleren én gang i døgnet. Her skal du blot åbne appen uden at trykke på noget, da data automatisk overføres når appen har forbindelse til aktivitetsmåleren. Lad appen forblive åben i et par minutter. Du kan eksempelvis gøre dette hver aften, mens du børster tænder. I deltagermappen kan læse mere om hvordan du kan se om appen overfører data fra sensoren.";2;Nej;No;;;;
besg_1_screening;sens_patches_and_zip_given_v1;Har deltageren fået udleveret zippose (ekstra plaster og registreringsskema)?;2;Nej;No;;;;
besg_1_screening;stoolkit_given_visit2_v1;"Har deltageren fået udleveret information og materiale til hjemmetagning af afføringsprøver forud for besøg 2?Som projektmedarbejder kan du sige: ""Under projektperioden vil du i alt fire gange skulle foretage en afføringsprøve. Det skal ske forud for besøg 2, 6, 8 og 10*. Jeg udleverer materialerne til dig i dag. I din deltagermappe kan du finde en trinvis guide til, hvordan du foretager en afføringsprøve."" *Brug gerne figuren ""tidslinje"" til at pege på de gældende besøg.";2;Nej;No;;;;
besg_1_screening;info_before_mmtt_v1;"Er der informeret om hvilke forberedelser, der kræves forud for besøg 2 (MMTT)? Husk deltageren på at gennemgå ""Sådan forbereder du dig før besøg 2, 3, 4, 6, 8 og 10"" i deltagermappen forud for besøg 2. Som projektmedarbejder kan du herudover sige: ""Dit næste besøg er besøg 2. Her vil du skulle foretage en måltidstest og en finapres-måling (måling af det arterielle blodtryk). Denne forsøgsdag vil vare ca. 4,5 time. I din deltagermappe finder du information om forberedelser i de 24 timer før besøg 2, men jeg gennemgår det også med dig nu. Faste: Du skal faste i mindst 10 timer før måltidstesten, og du må derfor ikke spise noget efter kl. 22 aftenen før. Det sidste større måltid skal indtages senest mellem kl. 19-21 aftenen før. Du må gerne drikke vand. Om morgenen på forsøgsdagen må du drikke højst en halv liter vand. Motion og alkohol: Undgå hård motion og alkohol i 24 timer inden måltidstesten. Rygning og koffeinholdige drikkevarer: Undgå rygning og koffeinholdige drikkevarer (herunder kaffe, te, sodavand, alkohol) i 24 timer før og på selve morgenen for testen. Transport: Brug passiv transport (bil, bus, tog) til forsøgsstedet på testdagen (og ikke cykel). Medicin: Tag IKKE din morgenmedicin på morgenen for måltidstesten. Denne tages efter måltidstestens afslutning.""";2;Nej;No;;;;
foer_besoegsdag_2;book_bloodsample_wfv2;Er der bestilt blodprøver i SP (SCF00635)?;2;Nej;No;;;;
foer_besoegsdag_2;cgm_reader_ready_wfv2;Er CGM-reader brugt ved påsætning lagt klar?;2;Nej;No;;;;
besoegsdag_2;identified_name_cpr_v2;Er deltageren identificeret med navn og CPR-nummer?;2;Nej;No;;;;
besoegsdag_2;consent_share_info_gp_v2;Giver deltageren samtykke til videregivelse af relevante helbredsoplysninger fra projektet til egen læge?Samtykket kan til enhver tid trækkes tilbage.;2;Nej;No;;;;
besoegsdag_2;fasting_status_v2;Er deltageren fastende?;2;Nej;No;;;;
besoegsdag_2;alcohol_v2;Har deltageren afholdt sig fra at drikke alkohol de sidste 24 timer?;2;Nej;No;;;;
besoegsdag_2;caffeine_v2;Har deltageren afholdt sig fra at koffeinholdige drikkevarer de sidste 24 timer?;2;Nej;No;;;;
besoegsdag_2;no_exercise_24h_v2;Har deltageren undladt at være fysisk aktiv de sidste 24 timer?;2;Nej;No;;;;
besoegsdag_2;smoking_v2;Har deltageren afholdt sig fra rygning siden i går aftes?;2;Nej;No;;;;
besoegsdag_2;no_medication_before_v2;Har deltageren undladt at tage eventuel medicin før besøget?;2;Nej;No;;;;
besoegsdag_2;not_active_transportation_v2;Har deltageren transporteret sig til Steno ved brug af motoriseret/ikke-aktiv transport?;2;Nej;No;;;;
besoegsdag_2;stool_sample_v2;Har deltageren afleveret en afføringsprøve?;2;Nej;No;;;;
besoegsdag_2;sens_returned_v2;Er aktivitetsmåler (SENS) kommet retur?;2;Nej;No;;;;
besoegsdag_2;sens_early_removal_v2;Er aktivitetsmåleren blevet fjernet før tid?;2;Nej;No;;;;
besoegsdag_2;sens_upload_ldrive_v2;Er SENS-data indlæst og gemt på L-drevet (CSV-fil)? OBS: ikke afklaret endnu Gemmes som onlimit_ID_visit_test (eksempel: onlimit_5_v2_sens);2;Nej;No;;;;
besoegsdag_2;sensor_reuse_v2;Er den slukkede sensor lagt i den rigtige kasse (klar eller død)? Tjek batteritiden når aktivitetsmåler slukkes i SENS webappen. Se SOP SENS aftagning.;2;Nej;No;;;;
besoegsdag_2;cgm_returned_v2;Er CGM-sensor kommet retur?;2;Nej;No;;;;
besoegsdag_2;cgm_discontinue_v2;Er CGM-sensoren fjernet før tid?;2;Nej;No;;;;
besoegsdag_2;cgm_when_info_v2;Skriv til Carolien, hvornår CGM-sensor modtages og aflæses. Er det gjort?;2;Nej;No;;;;
besoegsdag_2;libreview_v2;Er data fra CGM-readeren indlæst på din computer via Libre View?;2;Nej;No;;;;
besoegsdag_2;cgm_csvsaved_ldrive_v2;Er CSV-fil med glukosedata indlæst og gemt på L-drevet?Gemmes som onlimit_ID_visit_test.csv (eksempel: onlimit_5_v2_cgm.csv);2;Nej;No;;;;
besoegsdag_2;cgm_pdfsaved_ldrive_v2;Er AGP-rapporten (PDF-fil) indlæst og gemt på L-drevet?Gemmes som onlimit_ID_visit_test.pdf (eksempel: onlimit_5_v2_cgm.pdf);2;Nej;No;;;;
besoegsdag_2;finapres_minus20_v2;Har deltageren gennemført Finapres 1 (tid -20)?;2;Nej;No;;;;
besoegsdag_2;bloodsample_minus15_v2;Er blodprøve 1 taget (tid -15)?;2;Nej;No;;;;
besoegsdag_2;vas_minus10_v2;Har deltageren gennemført VAS 1 (tid -10)?;2;Nej;No;;;;
besoegsdag_2;bloodsample_minus5_v2;Er blodprøve 2 taget (tid -5)?;2;Nej;No;;;;
besoegsdag_2;timer_started_v2;Er uret startet? Påbegyndelse af shake + bar = tid 0;2;Nej;No;;;;
besoegsdag_2;finapres_time15_v2;Har deltageren gennemført Finapres 2 (tid 15)?;2;Nej;No;;;;
besoegsdag_2;bloodsample_time30_v2;Er blodprøve 3 taget (tid 30)?;2;Nej;No;;;;
besoegsdag_2;vas_time30_v2;Har deltageren gennemført VAS 2 (tid 30)?;2;Nej;No;;;;
besoegsdag_2;finapres_time45_v2;Har deltageren gennemført Finapres 3 (tid 45)?;2;Nej;No;;;;
besoegsdag_2;bloodsample_time60_v2;Er blodprøve 4 taget (tid 60)?;2;Nej;No;;;;
besoegsdag_2;vas_time60_v2;Har deltageren gennemført VAS 3 (tid 60)?;2;Nej;No;;;;
besoegsdag_2;finapres_time75_v2;Har deltageren gennemført Finapres 4 (tid 75)?;2;Nej;No;;;;
besoegsdag_2;bloodsample_time90_v2;Er blodprøve 5 taget (tid 90)?;2;Nej;No;;;;
besoegsdag_2;vas_time90_v2;Har deltageren gennemført VAS 4 (tid 90)?;2;Nej;No;;;;
besoegsdag_2;finapres_time105_v2;Har deltageren gennemført Finapres 5 (tid 105)?;2;Nej;No;;;;
besoegsdag_2;bloodsample_time120_v2;Er blodprøve 6 taget (tid 120)?;2;Nej;No;;;;
besoegsdag_2;vas_time120_v2;Har deltageren gennemført VAS 5 (tid 120)?;2;Nej;No;;;;
besoegsdag_2;finapres_time135_v2;Har deltageren gennemført Finapres 6 (tid 135)?;2;Nej;No;;;;
besoegsdag_2;bloodsample_time180_v2;Er blodprøve 7 taget (tid 180)?;2;Nej;No;;;;
besoegsdag_2;vas_time180_v2;Har deltageren gennemført VAS 6 (tid 180 min)?;2;Nej;No;;;;
besoegsdag_2;finapres_time195_v2;Har deltageren gennemført Finapres 7 (tid 195)?;2;Nej;No;;;;
besoegsdag_2;bloodsample_time240_v2;Er blodprøve 8 taget (tid 240 min)?;2;Nej;No;;;;
besoegsdag_2;vas_time240_v2;Har deltageren gennemført VAS 7 (tid 240)?;2;Nej;No;;;;
besoegsdag_2;finapres_time255_v2;Har deltageren gennemført Finapres 8 (tid 255)?;2;Nej;No;;;;
besoegsdag_2;finapres_upload_ldrive_v2;Er Finapres-data indlæst og gemt i mappen på L-drevet? OBS: Der skal gemmes OTTE mapper, der hver indeholder 9 excelfiler. Gemmes som onlimit_ID_visit_nummer af undersøgelse_test_test (eksempel: onlimit_5_v4-3_fp);2;Nej;No;;;;
besoegsdag_2;food_v2;Har deltageren modtaget en bolle med ost og et stykke frugt?;2;Nej;No;;;;
besoegsdag_2;sens_deviation_v2;SENS;2;Nej;No;;;;
besoegsdag_2;mmtt_blood_deviation_v2;Blodprøver under MMTT;2;Nej;No;;;;
besoegsdag_2;finapres_deviation_v2;Finapres under MMTT;2;Nej;No;;;;
besoegsdag_2;vas_deviation_v2;VAS under MMTT;2;Nej;No;;;;
besoegsdag_2;other_deviations_v2;Andre afvigelser;2;Nej;No;;;;
foer_besoegsdag_3;book_bloodsample_wfv3;Er der bestilt blodprøver i SP (SCF00635)?;2;Nej;No;;;;
besoegsdag_3;identified_name_cpr_v3;Er deltageren identificeret med navn og cpr?;2;Nej;No;;;;
besoegsdag_3;relative_v3;Er der pårørende med til besøget ?;2;Nej;No;;;;
besoegsdag_3;fasting_status_v3;Er deltageren fastende?;2;Nej;No;;;;
besoegsdag_3;alcohol_v3;Har deltageren afholdt sig fra at drikke alkohol de sidste 24 timer?;2;Nej;No;;;;
besoegsdag_3;caffeine_v3;Har deltageren afholdt sig fra at koffeinholdige drikkevarer de sidste 24 timer?;2;Nej;No;;;;
besoegsdag_3;no_exercise_24h_v3;Har deltageren undladt at være fysisk aktiv de sidste 24 timer?;2;Nej;No;;;;
besoegsdag_3;smoking_v3;Har deltageren afholdt sig fra rygning siden i går aftes?;2;Nej;No;;;;
besoegsdag_3;no_medication_before_v3;Har deltageren undladt at tage eventuel medicin før besøget?;2;Nej;No;;;;
besoegsdag_3;not_active_transportation_v3;Har deltageren transporteret sig til Steno ved brug af motoriseret/ikke-aktiv transport?;2;Nej;No;;;;
besoegsdag_3;finapres_minus20_v3;Har deltageren gennemført Finapres 1 (tid -20)?;2;Nej;No;;;;
besoegsdag_3;bloodsample_minus15_v3;Er blodprøve 1 taget (tid -15)?;2;Nej;No;;;;
besoegsdag_3;vas_minus10_v3;Har deltageren gennemført VAS 1 (tid -10)?;2;Nej;No;;;;
besoegsdag_3;bloodsample_minus5_v3;Er blodprøve 2 taget (tid -5)?;2;Nej;No;;;;
besoegsdag_3;timer_started_v3;Er uret startet? Påbegyndelse af shake + bar = tid 0;2;Nej;No;;;;
besoegsdag_3;finapres_time15_v3;Har deltageren gennemført Finapres 2 (tid 15)?;2;Nej;No;;;;
besoegsdag_3;bloodsample_time30_v3;Er blodprøve 3 taget (tid 30)?;2;Nej;No;;;;
besoegsdag_3;vas_time30_v3;Har deltageren gennemført VAS 2 (tid 30)?;2;Nej;No;;;;
besoegsdag_3;finapres_time45_v3;Har deltageren gennemført Finapres 3 (tid 45)?;2;Nej;No;;;;
besoegsdag_3;bloodsample_time60_v3;Er blodprøve 4 taget (tid 60)?;2;Nej;No;;;;
besoegsdag_3;vas_time60_v3;Har deltageren gennemført VAS 3 (tid 60)?;2;Nej;No;;;;
besoegsdag_3;finapres_time75_v3;Har deltageren gennemført Finapres 4 (tid 75)?;2;Nej;No;;;;
besoegsdag_3;bloodsample_time90_v3;Er blodprøve 5 taget (tid 90)?;2;Nej;No;;;;
besoegsdag_3;vas_time90_v3;Har deltageren gennemført VAS 4 (tid 90)?;2;Nej;No;;;;
besoegsdag_3;finapres_time105_v3;Har deltageren gennemført Finapres 5 (tid 105)?;2;Nej;No;;;;
besoegsdag_3;bloodsample_time120_v3;Er blodprøve 6 taget (tid 120)?;2;Nej;No;;;;
besoegsdag_3;vas_time120_v3;Har deltageren gennemført VAS 5 (tid 120)?;2;Nej;No;;;;
besoegsdag_3;finapres_time135_v3;Har deltageren gennemført Finapres 6 (tid 135)?;2;Nej;No;;;;
besoegsdag_3;bloodsample_time180_v3;Er blodprøve 7 taget (tid 180)?;2;Nej;No;;;;
besoegsdag_3;vas_time180_v3;Har deltageren gennemført VAS 6 (tid 180 min)?;2;Nej;No;;;;
besoegsdag_3;finapres_time195_v3;Har deltageren gennemført Finapres 7 (tid 195)?;2;Nej;No;;;;
besoegsdag_3;bloodsample_time240_v3;Er blodprøve 8 taget (tid 240 min)?;2;Nej;No;;;;
besoegsdag_3;vas_time240_v3;Har deltageren gennemført VAS 7 (tid 240)?;2;Nej;No;;;;
besoegsdag_3;finapres_time255_v3;Har deltageren gennemført Finapres 8 (tid 255)?;2;Nej;No;;;;
besoegsdag_3;finapres_upload_ldrive_v3;Er Finapres-data indlæst og gemt i mappen på L-drevet? OBS: Der skal gemmes OTTE mapper, der hver indeholder 9 excelfiler. Gemmes som onlimit_ID_visit_nummer af undersøgelse_test_test (eksempel: onlimit_5_v4-3_fp);2;Nej;No;;;;
besoegsdag_3;food_v3;Har deltageren modtaget en bolle med ost og et stykke frugt?;2;Nej;No;;;;
besoegsdag_3;mmtt_blood_deviation_v3;Blodprøver under MMTT;2;Nej;No;;;;
besoegsdag_3;finapres_deviation_v3;Finapres under MMTT;2;Nej;No;;;;
besoegsdag_3;vas_deviation_v3;VAS under MMTT;2;Nej;No;;;;
besoegsdag_3;other_deviations_v3;Andre afvigelser;2;Nej;No;;;;
foer_besoegsdag_4;book_bloodsample_wfv4;Er der bestilt blodprøver i SP (SCF00634 og SCF00635)?;2;Nej;No;;;;
foer_besoegsdag_4;medicin_print_wfv4;Er deltagerens aktuelle medicinliste printet fra FMK?;2;Nej;No;;;;
besoegsdag_4;identified_name_cpr_v4;Er deltageren identificeret med navn og CPR-nummer?;2;Nej;No;;;;
besoegsdag_4;relative_v4;Er der pårørende med til besøget?;2;Nej;No;;;;
besoegsdag_4;fasting_status_v4;Er deltageren fastende?;2;Nej;No;;;;
besoegsdag_4;alcohol_v4;Har deltageren afholdt sig fra at drikke alkohol de sidste 24 timer?;2;Nej;No;;;;
besoegsdag_4;caffeine_v4;Har deltageren afholdt sig fra at koffeinholdige drikkevarer de sidste 24 timer?;2;Nej;No;;;;
besoegsdag_4;no_exercise_24h_v4;Har deltageren undladt at være fysisk aktiv de sidste 24 timer?;2;Nej;No;;;;
besoegsdag_4;smoking_v4;Har deltageren afholdt sig fra rygning siden i går aftes?;2;Nej;No;;;;
besoegsdag_4;no_medication_before_v4;Har deltageren undladt at tage eventuel medicin før besøget?;2;Nej;No;;;;
besoegsdag_4;not_active_transportation_v4;Har deltageren transporteret sig til Steno ved brug af motoriseret/ikke-aktiv transport?;2;Nej;No;;;;
besoegsdag_4;saliva_sample_v4;Har deltageren lavet og afleveret en spytprøve?;2;Nej;No;;;;
besoegsdag_4;morning_tooth_brushing_before_visit_v4;Har deltageren børstet tænder i morges inden dagens besøg?;2;Nej;No;;;;
besoegsdag_4;saliva_sample_chlorhexidine_v4;Har deltageren modtaget oral klorhexidinbehandling indenfor de sidste 6 uger?;2;Nej;No;;;;
besoegsdag_4;saliva_sample_antifungal_medication_v4;Har deltageren modtaget oral behandling med svampehæmmende stoffer?;2;Nej;No;;;;
besoegsdag_4;saliva_sample_antibiotic_v4;Har deltageren modtaget systemisk antibiotikabehandling indenfor de 2 sidste måneder?;2;Nej;No;;;;
besoegsdag_4;saliva_sample_mouthwash_v4;Har deltageren et regelmæssigt brug af diverse mundskyllemidler?;2;Nej;No;;;;
besoegsdag_4;saliva_sample_high_fluoride_v4;Bruger deltageren en tandpasta med mere end 1500 ppm fluorid?;2;Nej;No;;;;
besoegsdag_4;saliva_sample_triclosan_v4;Bruger deltageren tandpasta med triclosan (kun et enkelt Colgate mærke tilbage i Danmark)?;2;Nej;No;;;;
besoegsdag_4;saliva_sample_herbal_toothpaste_v4;Bruger deltageren urtetandpasta (nogle indeholder antibakterielle stoffer)?;2;Nej;No;;;;
besoegsdag_4;saliva_sample_dental_treatment_v4;Har deltageren modtaget tandbehandling indenfor de sidste 6 uger (tandrensning, fyldninger, etc.)?;2;Nej;No;;;;
besoegsdag_4;saliva_sample_smoking_v4;Ryger deltageren?;2;Nej;No;;;;
besoegsdag_4;urin_sample_v4;Har deltageren lavet og afleveret en urinprøve?;2;Nej;No;;;;
besoegsdag_4;hba1c_v4;Har deltageren fået taget HbA1c?;2;Nej;No;;;;
besoegsdag_4;dxa_metal_v4;Har forsøgsdeltageren fået indopereret metal i kroppen?;2;Nej;No;;;;
besoegsdag_4;dxa_contraindicated_v4;Har deltageren fået sprøjtet kontrastvæske ind i kroppen inden for den sidste uge?;2;Nej;No;;;;
besoegsdag_4;pregnancy_test_v4;Kan deltageren være gravid?;2;Nej;No;;;;
besoegsdag_4;empty_bladder_v4;Har deltageren tømt blæren lige inden vejning og DXA?;2;Nej;No;;;;
besoegsdag_4;dxa_performed_v4;Er DXA udført?;2;Nej;No;;;;
besoegsdag_4;dxa_upload_ldrive_v4;Er DXA-data indlæst og gemt i mappen på L-drevet (excel-fil)? Gemmes som onlimit_ID_visit_test (eksempel: onlimit_5_v4_dxa);2;Nej;No;;;;
besoegsdag_4;food_pref_test_performed_v4;Har deltageren gennemført fødevarepræferencetesten?;2;Nej;No;;;;
besoegsdag_4;fibro_performed_v4;Er fibroscanningen udført?;2;Nej;No;;;;
besoegsdag_4;fibro_upload_ldrive_v4;Er Fibroscan-data indlæst og gemt i mappen på L-drevet (excel-fil)? Gemmes som onlimit_ID_visit_test (eksempel: onlimit_5_v4_fibro);2;Nej;No;;;;
besoegsdag_4;finapres_minus20_v4;Har deltageren gennemført Finapres 1 (tid -20)?;2;Nej;No;;;;
besoegsdag_4;bloodsample_minus15_v4;Er blodprøve 1 taget (tid -15)?;2;Nej;No;;;;
besoegsdag_4;vas_minus10_v4;Har deltageren gennemført VAS 1 (tid -10)?;2;Nej;No;;;;
besoegsdag_4;bloodsample_minus5_v4;Er blodprøve 2 taget (tid -5)?;2;Nej;No;;;;
besoegsdag_4;timer_started_v4;Er uret startet? Påbegyndelse af shake + bar = tid 0;2;Nej;No;;;;
besoegsdag_4;finapres_time15_v4;Har deltageren gennemført Finapres 2 (tid 15)?;2;Nej;No;;;;
besoegsdag_4;bloodsample_time30_v4;Er blodprøve 3 taget (tid 30)?;2;Nej;No;;;;
besoegsdag_4;vas_time30_v4;Har deltageren gennemført VAS 2 (tid 30)?;2;Nej;No;;;;
besoegsdag_4;finapres_time45_v4;Har deltageren gennemført Finapres 3 (tid 45)?;2;Nej;No;;;;
besoegsdag_4;bloodsample_time60_v4;Er blodprøve 4 taget (tid 60)?;2;Nej;No;;;;
besoegsdag_4;vas_time60_v4;Har deltageren gennemført VAS 3 (tid 60)?;2;Nej;No;;;;
besoegsdag_4;finapres_time75_v4;Har deltageren gennemført Finapres 4 (tid 75)?;2;Nej;No;;;;
besoegsdag_4;bloodsample_time90_v4;Er blodprøve 5 taget (tid 90)?;2;Nej;No;;;;
besoegsdag_4;vas_time90_v4;Har deltageren gennemført VAS 4 (tid 90)?;2;Nej;No;;;;
besoegsdag_4;finapres_time105_v4;Har deltageren gennemført Finapres 5 (tid 105)?;2;Nej;No;;;;
besoegsdag_4;bloodsample_time120_v4;Er blodprøve 6 taget (tid 120)?;2;Nej;No;;;;
besoegsdag_4;vas_time120_v4;Har deltageren gennemført VAS 5 (tid 120)?;2;Nej;No;;;;
besoegsdag_4;finapres_time135_v4;Har deltageren gennemført Finapres 6 (tid 135)?;2;Nej;No;;;;
besoegsdag_4;bloodsample_time180_v4;Er blodprøve 7 taget (tid 180)?;2;Nej;No;;;;
besoegsdag_4;vas_time180_v4;Har deltageren gennemført VAS 6 (tid 180 min)?;2;Nej;No;;;;
besoegsdag_4;finapres_time195_v4;Har deltageren gennemført Finapres 7 (tid 195)?;2;Nej;No;;;;
besoegsdag_4;bloodsample_time240_v4;Er blodprøve 8 taget (tid 240 min)?;2;Nej;No;;;;
besoegsdag_4;vas_time240_v4;Har deltageren gennemført VAS 7 (tid 240)?;2;Nej;No;;;;
besoegsdag_4;finapres_time255_v4;Har deltageren gennemført Finapres 8 (tid 255)?;2;Nej;No;;;;
besoegsdag_4;finapres_upload_ldrive_v4;Er Finapres-data indlæst og gemt i mappen på L-drevet? OBS: Der skal gemmes OTTE mapper, der hver indeholder 9 excelfiler. Gemmes som onlimit_ID_visit_nummer af undersøgelse_test_test (eksempel: onlimit_5_v4-3_fp);2;Nej;No;;;;
besoegsdag_4;survey_answered_v4;Har deltageren svaret på alle spørgeskemaer knyttet til dette besøg?;2;Nej;No;;;;
besoegsdag_4;food_v4;Har deltageren modtaget en bolle med ost og et stykke frugt?;2;Nej;No;;;;
besoegsdag_4;scipd_performed_v4;Har deltageren gennemført SCIP-D?;2;Nej;No;;;;
besoegsdag_4;tmt_b_v4;Har deltageren gennemført Trail Making Test (TMT)?;2;Nej;No;;;;
besoegsdag_4;cognition_tests_filed_office_v4;Er SCIP-testen og TMT-testen lagt i mappen på kontoret?;2;Nej;No;;;;
besoegsdag_4;vo2max_done_v4;Har deltageren udført VO2 max test?;2;Nej;No;;;;
besoegsdag_4;vo2max_upload_ldrive_v4;Er VO2 max-data indlæst og gemt i mappen på L-drevet (excel-fil)? Gemmes som onlimit_ID_visit_test (eksempel: onlimit_5_v4_vo2max);2;Nej;No;;;;
besoegsdag_4;homeurin_deviation_v4;Hjemmeurin;2;Nej;No;;;;
besoegsdag_4;stool_sample_deviation_v4;Afføringsprøve;2;Nej;No;;;;
besoegsdag_4;spit_sample_deviation_v4;Spytprøve;2;Nej;No;;;;
besoegsdag_4;urin_sample_deviation_v4;Urinprøve (on site);2;Nej;No;;;;
besoegsdag_4;whr_deviation_v4;Talje-hofte mål;2;Nej;No;;;;
besoegsdag_4;dxa_deviation_v4;DXA;2;Nej;No;;;;
besoegsdag_4;food_preference_deviation_v4;Fødevarepræferencetest;2;Nej;No;;;;
besoegsdag_4;fibro_deviation_v4;Fibroscanning;2;Nej;No;;;;
besoegsdag_4;blood_pressure_deviation_v4;Blodtryk og puls;2;Nej;No;;;;
besoegsdag_4;hba1c_deviation_v4;HbA1c;2;Nej;No;;;;
besoegsdag_4;mmtt_blood_deviation_v4;Blodprøver under MMTT;2;Nej;No;;;;
besoegsdag_4;finapres_deviation_v4;Finapres under MMTT;2;Nej;No;;;;
besoegsdag_4;vas_deviation_v4;VAS under MMTT;2;Nej;No;;;;
besoegsdag_4;medicin_deviation_v4;Medicingennemgang;2;Nej;No;;;;
besoegsdag_4;survey_deviation_v4;Spørgeskemaer;2;Nej;No;;;;
besoegsdag_4;cognition_deviation_v4;Kognitionstest;2;Nej;No;;;;
besoegsdag_4;vo2max_deviation_v4;VO2 max test;2;Nej;No;;;;
besoegsdag_4;other_deviation_v4;Andre afvigelser;2;Nej;No;;;;
besoegsdag_4;group_meeting_dates_v4;Har deltageren modtaget datoer for alle gruppemøderne?Der udleveres et ark med datoer, eller datoer skrives i studieappen.;2;Nej;No;;;;
besoegsdag_4;randomization_v4;Er deltager randomiseret til kulhydratgruppe?;2;Nej;No;;;;
fr_besgsdag_5;sens_ready_wfv5;Er zippose med aktivitetsmåler (SENS), plaster, ekstra plaster, desinficeringsserviet og registreringsskema lagt klar?;2;Nej;No;;;;
fr_besgsdag_5;sens_sign_in_wfv5;Er deltager oprettet i SENS webappen? Se ID-nummer på aktivitetsmåler i zipposen (skal bruges til oprettelsen).;2;Nej;No;;;;
besgsdag_5;identified_name_cpr_v5;Er deltageren identificeret med navn og CPR-nummer?;2;Nej;No;;;;
besgsdag_5;relative_v5;Er der pårørende med til besøget?;2;Nej;No;;;;
besgsdag_5;sens_download_phone_v5;"Har deltageren fået downloadet SENS motion appen på sin mobil eller tablet? I deltagermappen findes ""SOP SENS Påsætning"" som har en QR-kode deltagerne kan scanne for at downloade SENS motion app (Appstore og Google Play Store).";2;Nej;No;;;;
besgsdag_5;sens_turned_on_v5;Er aktivitetsmåleren tændt og måleperiode registreret i SENS webappen?OBS: Tjek batteri.;2;Nej;No;;;;
besgsdag_5;sens_applied_v5;Er aktivitetsmåler (SENS) påsat?;2;Nej;No;;;;
besgsdag_5;sens_info_v5;"Har deltageren fået information om brugen af aktivitetsmåler (SENS)?Information om brug til SENS: ""Du vil under projektperioden skulle have påsat en aktivitetsmåler (SENS) fire gange, og bære den i en måleperiode på 10 dage. Vi sætter en på dig i dag, som du vil skulle have på i 10 dage. Derefter må du tage den af. Du får en zippose med hjem, som du kan ligge den I og medbringe til næste besøg. Du må gerne tage korte brusebade, og du kan kortvarigt opholde dig i vand (f.eks. svømmehal eller havvand). Dog anbefales det ikke at opholde sig i længere badekar, spa eller meget varm vand. Derudover fraråder vi også, at du går i sauna i perioden du bærer aktivitetsmåleren. Du får et ekstra plaster med hjem i tilfælde af, at aktivitetsmåleren falder af og skal påsættes igen. Hvis dette sker, bør du notere i skemaet (i zipposen) hvornår aktivitetsmåleren blev fjernet, hvornår den blev påsat igen og evt. årsag til aftagningen. I din deltagermappe finder du en trinvis guide til, hvordan du påsætter aktivitetsmåleren igen. Hvis der bliver udfordringer med at påsætte aktivitetsmåleren igen, kontakter du os og vi finder ud af det sammen. Appen skal åbnes i nærheden af aktivitetsmåleren én gang i døgnet. Her skal du blot åbne appen uden at trykke på noget, da data automatisk overføres når appen har forbindelse til aktivitetsmåleren. Lad appen forblive åben i et par minutter. Du kan eksempelvis gøre dette hver aften, mens du børster tænder. I deltagermappen kan læse mere om hvordan du kan se om appen overfører data fra sensoren.";2;Nej;No;;;;
besgsdag_5;sens_patches_and_zip_given_v5;Har deltageren fået udleveret zippose (ekstra plaster og registreringsskema)?;2;Nej;No;;;;
besgsdag_5;stool_kit_v5;Har deltageren fået udleveret materiale til hjemmetagning af afføringsprøver?;2;Nej;No;;;;
fr_besgsdag_6;book_bloodsample_wfv5;Er der bestilt blodprøver i SP (SCF00634 og SCF00635)?;2;Nej;No;;;;
besgsdag_6;identified_name_cpr_v6;Er deltageren identificeret med navn og CPR-nummer?;2;Nej;No;;;;
besgsdag_6;relative_v6;Er der pårørende med til besøget?;2;Nej;No;;;;
besgsdag_6;fasting_status_v6;Er deltageren fastende?;2;Nej;No;;;;
besgsdag_6;alcohol_v6;Har deltageren afholdt sig fra at drikke alkohol de sidste 24 timer?;2;Nej;No;;;;
besgsdag_6;caffeine_v6;Har deltageren afholdt sig fra at koffeinholdige drikkevarer de sidste 24 timer?;2;Nej;No;;;;
besgsdag_6;no_exercise_24h_v6;Har deltageren undladt at være fysisk aktiv de sidste 24 timer?;2;Nej;No;;;;
besgsdag_6;smoking_v6;Har deltageren afholdt sig fra rygning siden i går aftes?;2;Nej;No;;;;
besgsdag_6;no_medication_before_v6;Har deltageren undladt at tage eventuel medicin før besøget?;2;Nej;No;;;;
besgsdag_6;not_active_transportation_v6;Har deltageren transporteret sig til Steno ved brug af motoriseret/ikke-aktiv transport?;2;Nej;No;;;;
besgsdag_6;adverse_events_v6;Har deltageren haft nogen adverse events siden besøg 4? Har du siden sidst haft nogen gener eller været utilpas?;2;Nej;No;;;;
besgsdag_6;stool_sample_v6;Har deltageren afleveret en afføringsprøve?;2;Nej;No;;;;
besgsdag_6;sens_returned_v6;Er aktivitetsmåler (SENS) kommet retur?;2;Nej;No;;;;
besgsdag_6;sens_early_removal_v6;Er aktivitetsmåleren blevet fjernet før tid?;2;Nej;No;;;;
besgsdag_6;sens_upload_ldrive_v6;Er SENS-data indlæst og gemt på L-drevet (CSV-fil)? OBS: ikke afklaret endnu Gemmes som onlimit_ID_visit_test (eksempel: onlimit_5_v2_sens);2;Nej;No;;;;
besgsdag_6;sensor_reuse_v6;Er den slukkede sensor lagt i den rigtige kasse (klar eller død)? Tjek batteritiden når aktivitetsmåler slukkes i SENS webappen. Se SOP SENS aftagning.;2;Nej;No;;;;
besgsdag_6;saliva_sample_v6;Har deltageren lavet og afleveret en spytprøve?;2;Nej;No;;;;
besgsdag_6;morning_tooth_brushing_before_visit_v6;Har deltageren børstet tænder i morges inden dagens besøg?;2;Nej;No;;;;
besgsdag_6;urin_sample_v6;Har deltageren lavet og afleveret en urinprøve?;2;Nej;No;;;;
besgsdag_6;hba1c_v6;Har deltageren fået taget HbA1c?;2;Nej;No;;;;
besgsdag_6;intervention_challenge_diet_v6;En diætist vil kontakte deltageren i forhold til at følge op på diætinterventionen. Er diætist kontaktet?;2;Nej;No;;;;
besgsdag_6;intervention_challenge_training_v6;Exercise manager vil kontakte deltageren i forhold til at følge op på træningsinterventionen. Er exercise manager kontaktet?;2;Nej;No;;;;
besgsdag_6;hba1c_date_for_extra_measurement_planned_participant_v6;Er aftale for ny HbA1c-måling skrevet i deltagers kalender?;2;Nej;No;;;;
besgsdag_6;hba1c_date_for_extra_measurement_planned_staff_v6;Er aftale for ny HbA1c-måling skrevet i Caroliens kalender?;2;Nej;No;;;;
besgsdag_6;hba1c_date_for_extra_measurement_planned_room_v6;Er der booket et lokale til ny HbA1c-måling?;2;Nej;No;;;;
besgsdag_6;dxa_metal_v6;Har forsøgsdeltageren fået indopereret metal i kroppen?;2;Nej;No;;;;
besgsdag_6;dxa_contraindicated_v6;Har deltageren fået sprøjtet kontrastvæske ind i kroppen inden for den sidste uge?;2;Nej;No;;;;
besgsdag_6;pregnancy_test_v6;Kan deltageren være gravid?;2;Nej;No;;;;
besgsdag_6;empty_bladder_v6;Har deltageren tømt blæren lige inden vejning og DXA?;2;Nej;No;;;;
besgsdag_6;dxa_performed_v6;Er DXA udført?;2;Nej;No;;;;
besgsdag_6;dxa_upload_ldrive_v6;Er DXA-data indlæst og gemt i mappen på L-drevet (excel-fil)? Gemmes som onlimit_ID_visit_test (eksempel: onlimit_5_v4_dxa);2;Nej;No;;;;
besgsdag_6;food_pref_test_performed_v6;Har deltageren gennemført fødevarepræferencetesten?;2;Nej;No;;;;
besgsdag_6;fibro_performed_v6;Er fibroscanningen udført?;2;Nej;No;;;;
besgsdag_6;fibro_upload_ldrive_v6;Er Fibroscan-data indlæst og gemt i mappen på L-drevet (excel-fil)? Gemmes som onlimit_ID_visit_test (eksempel: onlimit_5_v4_fibro);2;Nej;No;;;;
besgsdag_6;finapres_minus20_v6;Har deltageren gennemført Finapres 1 (tid -20)?;2;Nej;No;;;;
besgsdag_6;bloodsample_minus15_v6;Er blodprøve 1 taget (tid -15)?;2;Nej;No;;;;
besgsdag_6;vas_minus10_v6;Har deltageren gennemført VAS 1 (tid -10)?;2;Nej;No;;;;
besgsdag_6;bloodsample_minus5_v6;Er blodprøve 2 taget (tid -5)?;2;Nej;No;;;;
besgsdag_6;timer_started_v6;Er uret startet? Påbegyndelse af shake + bar = tid 0;2;Nej;No;;;;
besgsdag_6;finapres_time15_v6;Har deltageren gennemført Finapres 2 (tid 15)?;2;Nej;No;;;;
besgsdag_6;bloodsample_time30_v6;Er blodprøve 3 taget (tid 30)?;2;Nej;No;;;;
besgsdag_6;vas_time30_v6;Har deltageren gennemført VAS 2 (tid 30)?;2;Nej;No;;;;
besgsdag_6;finapres_time45_v6;Har deltageren gennemført Finapres 3 (tid 45)?;2;Nej;No;;;;
besgsdag_6;bloodsample_time60_v6;Er blodprøve 4 taget (tid 60)?;2;Nej;No;;;;
besgsdag_6;vas_time60_v6;Har deltageren gennemført VAS 3 (tid 60)?;2;Nej;No;;;;
besgsdag_6;finapres_time75_v6;Har deltageren gennemført Finapres 4 (tid 75)?;2;Nej;No;;;;
besgsdag_6;bloodsample_time90_v6;Er blodprøve 5 taget (tid 90)?;2;Nej;No;;;;
besgsdag_6;vas_time90_v6;Har deltageren gennemført VAS 4 (tid 90)?;2;Nej;No;;;;
besgsdag_6;finapres_time105_v6;Har deltageren gennemført Finapres 5 (tid 105)?;2;Nej;No;;;;
besgsdag_6;bloodsample_time120_v6;Er blodprøve 6 taget (tid 120)?;2;Nej;No;;;;
besgsdag_6;vas_time120_v6;Har deltageren gennemført VAS 5 (tid 120)?;2;Nej;No;;;;
besgsdag_6;finapres_time135_v6;Har deltageren gennemført Finapres 6 (tid 135)?;2;Nej;No;;;;
besgsdag_6;bloodsample_time180_v6;Er blodprøve 7 taget (tid 180)?;2;Nej;No;;;;
besgsdag_6;vas_time180_v6;Har deltageren gennemført VAS 6 (tid 180 min)?;2;Nej;No;;;;
besgsdag_6;finapres_time195_v6;Har deltageren gennemført Finapres 7 (tid 195)?;2;Nej;No;;;;
besgsdag_6;bloodsample_time240_v6;Er blodprøve 8 taget (tid 240 min)?;2;Nej;No;;;;
besgsdag_6;vas_time240_v6;Har deltageren gennemført VAS 7 (tid 240)?;2;Nej;No;;;;
besgsdag_6;finapres_time255_v6;Har deltageren gennemført Finapres 8 (tid 255)?;2;Nej;No;;;;
besgsdag_6;finapres_upload_ldrive_v6;Er Finapres-data indlæst og gemt i mappen på L-drevet? OBS: Der skal gemmes OTTE mapper, der hver indeholder 9 excelfiler. Gemmes som onlimit_ID_visit_nummer af undersøgelse_test_test (eksempel: onlimit_5_v4-3_fp);2;Nej;No;;;;
besgsdag_6;medicine_change_v6;Har der været nogen ændringer i deltagerens medicin?;2;Nej;No;;;;
besgsdag_6;medicine_change_info_v6;"Gå til instrumentet ""medicinændringer"" og registrér disse. Er medicinændringerne registreret?";2;Nej;No;;;;
besgsdag_6;survey_answered_v6;Har deltageren svaret på alle spørgeskemaer knyttet til dette besøg?;2;Nej;No;;;;
besgsdag_6;food_v6;Har deltageren modtaget en bolle med ost og et stykke frugt?;2;Nej;No;;;;
besgsdag_6;scipd_performed_v6;Har deltageren gennemført SCIP-D?;2;Nej;No;;;;
besgsdag_6;tmt_b_v6;Har deltageren gennemført Trail Making Test (TMT)?;2;Nej;No;;;;
besgsdag_6;cognition_tests_filed_office_v6;Er SCIP-testen og TMT-testen lagt i mappen på kontoret?;2;Nej;No;;;;
besgsdag_6;vo2max_done_v6;Har deltageren udført VO2 max test?;2;Nej;No;;;;
besgsdag_6;vo2max_upload_ldrive_v6;Er VO2 max-data indlæst og gemt i mappen på L-drevet (excel-fil)? Gemmes som onlimit_ID_visit_test (eksempel: onlimit_5_v4_vo2max);2;Nej;No;;;;
besgsdag_6;homeurin_deviation_v6;Hjemmeurin;2;Nej;No;;;;
besgsdag_6;stool_sample_deviation_v6;Afføringsprøve;2;Nej;No;;;;
besgsdag_6;sens_deviation_v6;SENS;2;Nej;No;;;;
besgsdag_6;spit_sample_deviation_v6;Spytprøve;2;Nej;No;;;;
besgsdag_6;urin_sample_deviation_v6;Urinprøve (on site);2;Nej;No;;;;
besgsdag_6;whr_deviation_v6;Talje-hofte mål;2;Nej;No;;;;
besgsdag_6;dxa_deviation_v6;DXA;2;Nej;No;;;;
besgsdag_6;food_preference_deviation_v6;Fødevarepræferencetest;2;Nej;No;;;;
besgsdag_6;fibro_deviation_v6;Fibroscanning;2;Nej;No;;;;
besgsdag_6;blood_pressure_deviation_v6;Blodtryk og puls;2;Nej;No;;;;
besgsdag_6;hba1c_deviation_v6;HbA1c;2;Nej;No;;;;
besgsdag_6;mmtt_blood_deviation_v6;Blodprøver under MMTT;2;Nej;No;;;;
besgsdag_6;finapres_deviation_v6;Finapres under MMTT;2;Nej;No;;;;
besgsdag_6;vas_deviation_v6;VAS under MMTT;2;Nej;No;;;;
besgsdag_6;medicin_deviation_v6;Medicingennemgang;2;Nej;No;;;;
besgsdag_6;survey_deviation_v6;Spørgeskemaer;2;Nej;No;;;;
besgsdag_6;cognition_deviation_v6;Kognitionstest;2;Nej;No;;;;
besgsdag_6;vo2max_deviation_v6;VO2 max test;2;Nej;No;;;;
besgsdag_6;other_deviation_v6;Andre afvigelser;2;Nej;No;;;;
fr_besgsdag_7;sens_ready_wfv7;Er zippose med aktivitetsmåler (SENS), plaster, ekstra plaster, desinficeringsserviet og registreringsskema lagt klar?;2;Nej;No;;;;
fr_besgsdag_7;sens_sign_in_wfv7;Er deltager oprettet i SENS webappen? Se ID-nummer på aktivitetsmåler i zipposen (skal bruges til oprettelsen).;2;Nej;No;;;;
besgsdag_7;identified_name_cpr_v7;Er deltageren identificeret med navn og CPR-nummer?;2;Nej;No;;;;
besgsdag_7;relative_v7;Er der pårørende med til besøget?;2;Nej;No;;;;
besgsdag_7;sens_download_phone_v7;"Har deltageren fået downloadet SENS motion appen på sin mobil eller tablet? I deltagermappen findes ""SOP SENS Påsætning"" som har en QR-kode deltagerne kan scanne for at downloade SENS motion app (Appstore og Google Play Store).";2;Nej;No;;;;
besgsdag_7;sens_turned_on_v7;Er aktivitetsmåleren tændt og måleperiode registreret i SENS webappen?OBS: Tjek batteri.;2;Nej;No;;;;
besgsdag_7;sens_applied_v7;Er aktivitetsmåler (SENS) påsat?;2;Nej;No;;;;
besgsdag_7;sens_info_v7;"Har deltageren fået information om brugen af aktivitetsmåler (SENS)?Information om brug til SENS: ""Du vil under projektperioden skulle have påsat en aktivitetsmåler (SENS) fire gange, og bære den i en måleperiode på 10 dage. Vi sætter en på dig i dag, som du vil skulle have på i 10 dage. Derefter må du tage den af. Du får en zippose med hjem, som du kan ligge den I og medbringe til næste besøg. Du må gerne tage korte brusebade, og du kan kortvarigt opholde dig i vand (f.eks. svømmehal eller havvand). Dog anbefales det ikke at opholde sig i længere badekar, spa eller meget varm vand. Derudover fraråder vi også, at du går i sauna i perioden du bærer aktivitetsmåleren. Du får et ekstra plaster med hjem i tilfælde af, at aktivitetsmåleren falder af og skal påsættes igen. Hvis dette sker, bør du notere i skemaet (i zipposen) hvornår aktivitetsmåleren blev fjernet, hvornår den blev påsat igen og evt. årsag til aftagningen. I din deltagermappe finder du en trinvis guide til, hvordan du påsætter aktivitetsmåleren igen. Hvis der bliver udfordringer med at påsætte aktivitetsmåleren igen, kontakter du os og vi finder ud af det sammen. Appen skal åbnes i nærheden af aktivitetsmåleren én gang i døgnet. Her skal du blot åbne appen uden at trykke på noget, da data automatisk overføres når appen har forbindelse til aktivitetsmåleren. Lad appen forblive åben i et par minutter. Du kan eksempelvis gøre dette hver aften, mens du børster tænder. I deltagermappen kan læse mere om hvordan du kan se om appen overfører data fra sensoren.";2;Nej;No;;;;
besgsdag_7;sens_patches_and_zip_given_v7;Har deltageren fået udleveret zippose (ekstra plaster og registreringsskema)?;2;Nej;No;;;;
besgsdag_7;stool_kit_v7;Har deltageren fået udleveret materiale til hjemmetagning af afføringsprøver?;2;Nej;No;;;;
besgsdag_7;urine_kit_v7;Har deltageren fået udleveret materiale til hjemmetagning af urinprøver? OBS deltageren skal have 2 kits med hjem Der skal opsamles urin I uge 17 over 3 sammenhængende dage. I uge 24 (lørdag), uge 36 (torsdag), uge 42 (mandag) og uge 48 (fredag);2;Nej;No;;;;
fr_besgsdag_8;book_bloodsample_wfv6;Er der bestilt blodprøver i SP (SCF00634 og SCF00635)?;2;Nej;No;;;;
besgsdag_8;identified_name_cpr_v8;Er deltageren identificeret med navn og CPR-nummer?;2;Nej;No;;;;
besgsdag_8;relative_v8;Er der pårørende med til besøget?;2;Nej;No;;;;
besgsdag_8;fasting_status_v8;Er deltageren fastende?;2;Nej;No;;;;
besgsdag_8;alcohol_v8;Har deltageren afholdt sig fra at drikke alkohol de sidste 24 timer?;2;Nej;No;;;;
besgsdag_8;caffeine_v8;Har deltageren afholdt sig fra at koffeinholdige drikkevarer de sidste 24 timer?;2;Nej;No;;;;
besgsdag_8;no_exercise_24h_v8;Har deltageren undladt at være fysisk aktiv de sidste 24 timer?;2;Nej;No;;;;
besgsdag_8;smoking_v8;Har deltageren afholdt sig fra rygning siden i går aftes?;2;Nej;No;;;;
besgsdag_8;no_medication_before_v8;Har deltageren undladt at tage eventuel medicin før besøget?;2;Nej;No;;;;
besgsdag_8;not_active_transportation_v8;Har deltageren transporteret sig til Steno ved brug af motoriseret/ikke-aktiv transport?;2;Nej;No;;;;
besgsdag_8;adverse_events_v8;Har deltageren haft nogen adverse events siden besøg 6? Har du siden sidst haft nogen gener eller været utilpas?;2;Nej;No;;;;
besgsdag_8;home_urin_v8;Har deltageren indsamlet urin hjemme i 3 dage?;2;Nej;No;;;;
besgsdag_8;home_urin_received_v8;Hvis 'Ja', er denne modtaget?;2;Nej;No;;;;
besgsdag_8;stool_sample_v8;Har deltageren afleveret en afføringsprøve?;2;Nej;No;;;;
besgsdag_8;sens_returned_v8;Er aktivitetsmåler (SENS) kommet retur?;2;Nej;No;;;;
besgsdag_8;sens_early_removal_v8;Er aktivitetsmåleren blevet fjernet før tid?;2;Nej;No;;;;
besgsdag_8;sens_upload_ldrive_v8;Er SENS-data indlæst og gemt på L-drevet (CSV-fil)? OBS: ikke afklaret endnu Gemmes som onlimit_ID_visit_test (eksempel: onlimit_5_v2_sens);2;Nej;No;;;;
besgsdag_8;sensor_reuse_v8;Er den slukkede sensor lagt i den rigtige kasse (klar eller død)? Tjek batteritiden når aktivitetsmåler slukkes i SENS webappen. Se SOP SENS aftagning.;2;Nej;No;;;;
besgsdag_8;saliva_sample_v8;Har deltageren lavet og afleveret en spytprøve?;2;Nej;No;;;;
besgsdag_8;morning_tooth_brushing_before_visit_v8;Har deltageren børstet tænder i morges inden dagens besøg?;2;Nej;No;;;;
besgsdag_8;urin_sample_v8;Har deltageren lavet og afleveret en urinprøve?;2;Nej;No;;;;
besgsdag_8;hba1c_v8;Har deltageren fået taget HbA1c?;2;Nej;No;;;;
besgsdag_8;intervention_challenge_diet_v8;En diætist vil kontakte deltageren i forhold til at følge op på diætinterventionen. Er diætist kontaktet?;2;Nej;No;;;;
besgsdag_8;intervention_challenge_training_v8;Exercise manager vil kontakte deltageren i forhold til at følge op på træningsinterventionen. Er exercise manager kontaktet?;2;Nej;No;;;;
besgsdag_8;hba1c_date_for_extra_measurement_planned_participant_v8;Er aftale for ny HbA1c-måling skrevet i deltagers kalender?;2;Nej;No;;;;
besgsdag_8;hba1c_date_for_extra_measurement_planned_staff_v8;Er aftale for ny HbA1c-måling skrevet i Caroliens kalender?;2;Nej;No;;;;
besgsdag_8;hba1c_date_for_extra_measurement_planned_room_v8;Er der booket et lokale til ny HbA1c-måling?;2;Nej;No;;;;
besgsdag_8;dxa_metal_v8;Har forsøgsdeltageren fået indopereret metal i kroppen?;2;Nej;No;;;;
besgsdag_8;dxa_contraindicated_v8;Har deltageren fået sprøjtet kontrastvæske ind i kroppen inden for den sidste uge?;2;Nej;No;;;;
besgsdag_8;pregnancy_test_v8;Kan deltageren være gravid?;2;Nej;No;;;;
besgsdag_8;empty_bladder_v8;Har deltageren tømt blæren lige inden vejning og DXA?;2;Nej;No;;;;
besgsdag_8;dxa_performed_v8;Er DXA udført?;2;Nej;No;;;;
besgsdag_8;dxa_upload_ldrive_v8;Er DXA-data indlæst og gemt i mappen på L-drevet (excel-fil)? Gemmes som onlimit_ID_visit_test (eksempel: onlimit_5_v4_dxa);2;Nej;No;;;;
besgsdag_8;food_pref_test_performed_v8;Har deltageren gennemført fødevarepræferencetesten?;2;Nej;No;;;;
besgsdag_8;fibro_performed_v8;Er fibroscanningen udført?;2;Nej;No;;;;
besgsdag_8;fibro_upload_ldrive_v8;Er Fibroscan-data indlæst og gemt i mappen på L-drevet (excel-fil)? Gemmes som onlimit_ID_visit_test (eksempel: onlimit_5_v4_fibro);2;Nej;No;;;;
besgsdag_8;finapres_minus20_v8;Har deltageren gennemført Finapres 1 (tid -20)?;2;Nej;No;;;;
besgsdag_8;bloodsample_minus15_v8;Er blodprøve 1 taget (tid -15)?;2;Nej;No;;;;
besgsdag_8;vas_minus10_v8;Har deltageren gennemført VAS 1 (tid -10)?;2;Nej;No;;;;
besgsdag_8;bloodsample_minus5_v8;Er blodprøve 2 taget (tid -5)?;2;Nej;No;;;;
besgsdag_8;timer_started_v8;Er uret startet? Påbegyndelse af shake + bar = tid 0;2;Nej;No;;;;
besgsdag_8;finapres_time15_v8;Har deltageren gennemført Finapres 2 (tid 15)?;2;Nej;No;;;;
besgsdag_8;bloodsample_time30_v8;Er blodprøve 3 taget (tid 30)?;2;Nej;No;;;;
besgsdag_8;vas_time30_v8;Har deltageren gennemført VAS 2 (tid 30)?;2;Nej;No;;;;
besgsdag_8;finapres_time45_v8;Har deltageren gennemført Finapres 3 (tid 45)?;2;Nej;No;;;;
besgsdag_8;bloodsample_time60_v8;Er blodprøve 4 taget (tid 60)?;2;Nej;No;;;;
besgsdag_8;vas_time60_v8;Har deltageren gennemført VAS 3 (tid 60)?;2;Nej;No;;;;
besgsdag_8;finapres_time75_v8;Har deltageren gennemført Finapres 4 (tid 75)?;2;Nej;No;;;;
besgsdag_8;bloodsample_time90_v8;Er blodprøve 5 taget (tid 90)?;2;Nej;No;;;;
besgsdag_8;vas_time90_v8;Har deltageren gennemført VAS 4 (tid 90)?;2;Nej;No;;;;
besgsdag_8;finapres_time105_v8;Har deltageren gennemført Finapres 5 (tid 105)?;2;Nej;No;;;;
besgsdag_8;bloodsample_time120_v8;Er blodprøve 6 taget (tid 120)?;2;Nej;No;;;;
besgsdag_8;vas_time120_v8;Har deltageren gennemført VAS 5 (tid 120)?;2;Nej;No;;;;
besgsdag_8;finapres_time135_v8;Har deltageren gennemført Finapres 6 (tid 135)?;2;Nej;No;;;;
besgsdag_8;bloodsample_time180_v8;Er blodprøve 7 taget (tid 180)?;2;Nej;No;;;;
besgsdag_8;vas_time180_v8;Har deltageren gennemført VAS 6 (tid 180 min)?;2;Nej;No;;;;
besgsdag_8;finapres_time195_v8;Har deltageren gennemført Finapres 7 (tid 195)?;2;Nej;No;;;;
besgsdag_8;bloodsample_time240_v8;Er blodprøve 8 taget (tid 240 min)?;2;Nej;No;;;;
besgsdag_8;vas_time240_v8;Har deltageren gennemført VAS 7 (tid 240)?;2;Nej;No;;;;
besgsdag_8;finapres_time255_v8;Har deltageren gennemført Finapres 8 (tid 255)?;2;Nej;No;;;;
besgsdag_8;finapres_upload_ldrive_v8;Er Finapres-data indlæst og gemt i mappen på L-drevet? OBS: Der skal gemmes OTTE mapper, der hver indeholder 9 excelfiler. Gemmes som onlimit_ID_visit_nummer af undersøgelse_test_test (eksempel: onlimit_5_v4-3_fp);2;Nej;No;;;;
besgsdag_8;medicine_change_v8;Har der været nogen ændringer i deltagerens medicin?;2;Nej;No;;;;
besgsdag_8;medicine_change_info_v8;"Gå til instrumentet ""medicinændringer"" og registrér disse. Er medicinændringerne registreret?";2;Nej;No;;;;
besgsdag_8;survey_answered_v8;Har deltageren svaret på alle spørgeskemaer knyttet til dette besøg?;2;Nej;No;;;;
besgsdag_8;food_v8;Har deltageren modtaget en bolle med ost og et stykke frugt?;2;Nej;No;;;;
besgsdag_8;vo2max_done_v8;Har deltageren udført VO2 max test?;2;Nej;No;;;;
besgsdag_8;vo2max_upload_ldrive_v8;Er VO2 max-data indlæst og gemt i mappen på L-drevet (excel-fil)? Gemmes som onlimit_ID_visit_test (eksempel: onlimit_5_v4_vo2max);2;Nej;No;;;;
besgsdag_8;homeurin_deviation_v8;Hjemmeurin;2;Nej;No;;;;
besgsdag_8;stool_sample_deviation_v8;Afføringsprøve;2;Nej;No;;;;
besgsdag_8;sens_deviation_v8;SENS;2;Nej;No;;;;
besgsdag_8;spit_sample_deviation_v8;Spytprøve;2;Nej;No;;;;
besgsdag_8;urin_sample_deviation_v8;Urinprøve (on site);2;Nej;No;;;;
besgsdag_8;whr_deviation_v8;Talje-hofte mål;2;Nej;No;;;;
besgsdag_8;dxa_deviation_v8;DXA;2;Nej;No;;;;
besgsdag_8;food_preference_deviation_v8;Fødevarepræferencetest;2;Nej;No;;;;
besgsdag_8;fibro_deviation_v8;Fibroscanning;2;Nej;No;;;;
besgsdag_8;blood_pressure_deviation_v8;Blodtryk og puls;2;Nej;No;;;;
besgsdag_8;hba1c_deviation_v8;HbA1c;2;Nej;No;;;;
besgsdag_8;mmtt_blood_deviation_v8;Blodprøver under MMTT;2;Nej;No;;;;
besgsdag_8;finapres_deviation_v8;Finapres under MMTT;2;Nej;No;;;;
besgsdag_8;vas_deviation_v8;VAS under MMTT;2;Nej;No;;;;
besgsdag_8;medicin_deviation_v8;Medicingennemgang;2;Nej;No;;;;
besgsdag_8;survey_deviation_v8;Spørgeskemaer;2;Nej;No;;;;
besgsdag_8;cognition_deviation_v8;Kognitionstest;2;Nej;No;;;;
besgsdag_8;vo2max_deviation_v8;VO2 max test;2;Nej;No;;;;
besgsdag_8;other_deviation_v8;Andre afvigelser;2;Nej;No;;;;
fr_besgsdag_9;sens_ready_wfv9;Er zippose med aktivitetsmåler (SENS), plaster, ekstra plaster, desinficeringsserviet og registreringsskema lagt klar?;2;Nej;No;;;;
fr_besgsdag_9;sens_sign_in_wfv9;Er deltager oprettet i SENS webappen? Se ID-nummer på aktivitetsmåler i zipposen (skal bruges til oprettelsen).;2;Nej;No;;;;
fr_besgsdag_9;cgm_ready_wfv9;Er en af de 3 CGM-readere opladt og lagt klar sammen med en ny sensor til screening?Findes i ON LiMiT-skab.;2;Nej;No;;;;
fr_besgsdag_9;gcm_zip_wfv9;Er der lagt en zippose frem med CGM-sensorens sensor-nummer og deltagerens ID-nummer skrevet på?;2;Nej;No;;;;
besoegsdag_9;identified_name_cpr_v9;Er deltageren identificeret med navn og CPR-nummer?;2;Nej;No;;;;
besoegsdag_9;relative_v9;Er der pårørende med til besøget?;2;Nej;No;;;;
besoegsdag_9;sens_download_phone_v9;"Har deltageren fået downloadet SENS motion appen på sin mobil eller tablet? I deltagermappen findes ""SOP SENS Påsætning"" som har en QR-kode deltagerne kan scanne for at downloade SENS motion app (Appstore og Google Play Store).";2;Nej;No;;;;
besoegsdag_9;sens_turned_on_v9;Er aktivitetsmåleren tændt og måleperiode registreret i SENS webappen?OBS: Tjek batteri.;2;Nej;No;;;;
besoegsdag_9;sens_applied_v9;Er aktivitetsmåler (SENS) påsat?;2;Nej;No;;;;
besoegsdag_9;sens_info_v9;"Har deltageren fået information om brugen af aktivitetsmåler (SENS)?Information om brug til SENS: ""Du vil under projektperioden skulle have påsat en aktivitetsmåler (SENS) fire gange, og bære den i en måleperiode på 10 dage. Vi sætter en på dig i dag, som du vil skulle have på i 10 dage. Derefter må du tage den af. Du får en zippose med hjem, som du kan ligge den I og medbringe til næste besøg. Du må gerne tage korte brusebade, og du kan kortvarigt opholde dig i vand (f.eks. svømmehal eller havvand). Dog anbefales det ikke at opholde sig i længere badekar, spa eller meget varm vand. Derudover fraråder vi også, at du går i sauna i perioden du bærer aktivitetsmåleren. Du får et ekstra plaster med hjem i tilfælde af, at aktivitetsmåleren falder af og skal påsættes igen. Hvis dette sker, bør du notere i skemaet (i zipposen) hvornår aktivitetsmåleren blev fjernet, hvornår den blev påsat igen og evt. årsag til aftagningen. I din deltagermappe finder du en trinvis guide til, hvordan du påsætter aktivitetsmåleren igen. Hvis der bliver udfordringer med at påsætte aktivitetsmåleren igen, kontakter du os og vi finder ud af det sammen. Appen skal åbnes i nærheden af aktivitetsmåleren én gang i døgnet. Her skal du blot åbne appen uden at trykke på noget, da data automatisk overføres når appen har forbindelse til aktivitetsmåleren. Lad appen forblive åben i et par minutter. Du kan eksempelvis gøre dette hver aften, mens du børster tænder. I deltagermappen kan læse mere om hvordan du kan se om appen overfører data fra sensoren.";2;Nej;No;;;;
besoegsdag_9;sens_patches_and_zip_given_v9;Har deltageren fået udleveret zippose (ekstra plaster og registreringsskema)?;2;Nej;No;;;;
besoegsdag_9;stool_kit_v9;Har deltageren fået udleveret materiale til hjemmetagning af afføringsprøver?;2;Nej;No;;;;
besoegsdag_9;cgm_info_v9;Har deltageren fået information om brugen af CGM?Information om brug til CGM: Ved denne undersøgelse måler vi automatisk dit blodsukker hele døgnet i 14 dage.Sensoren gemmer målingerne, indtil du kommer ind og får den aflæst, så du skal ikke selv gøre noget. Du skal leve, som du normalt gør (dvs. gå i bad mm. som du plejer). Dog kan eks. hyppig sauna øge risikoen for, at sensoren falder af før tid. Hvis den falder af, ringes til ON LiMiT projekttelefonen: 21 47 18 16;2;Nej;No;;;;
besoegsdag_9;cgm_v9;Er CGM påsat?;2;Nej;No;;;;
besoegsdag_9;cgm_envelope_given_v9;Har deltageren fået udleveret en zippose (CGM sensornummer påskrevet), som deltageren kan lægge CGM'en i efter aftagning - eller hvis den falder af?;2;Nej;No;;;;
fr_besgsdag_5_9bba;book_bloodsample_wfv10;Er der bestilt blodprøver i SP (SCF00634 og SCF00635)?;2;Nej;No;;;;
fr_besgsdag_5_9bba;cgm_reader_ready_wfv10;Er CGM-reader brugt ved påsætning lagt klar?;2;Nej;No;;;;
besgsdag_10_5f76;identified_name_cpr_v10;Er deltageren identificeret med navn og CPR-nummer?;2;Nej;No;;;;
besgsdag_10_5f76;relative_v10;Er der pårørende med til besøget?;2;Nej;No;;;;
besgsdag_10_5f76;fasting_status_v10;Er deltageren fastende?;2;Nej;No;;;;
besgsdag_10_5f76;alcohol_v10;Har deltageren afholdt sig fra at drikke alkohol de sidste 24 timer?;2;Nej;No;;;;
besgsdag_10_5f76;caffeine_v10;Har deltageren afholdt sig fra at koffeinholdige drikkevarer de sidste 24 timer?;2;Nej;No;;;;
besgsdag_10_5f76;no_exercise_24h_v10;Har deltageren undladt at være fysisk aktiv de sidste 24 timer?;2;Nej;No;;;;
besgsdag_10_5f76;smoking_v10;Har deltageren afholdt sig fra rygning siden i går aftes?;2;Nej;No;;;;
besgsdag_10_5f76;no_medication_before_v10;Har deltageren undladt at tage eventuel medicin før besøget?;2;Nej;No;;;;
besgsdag_10_5f76;not_active_transportation_v10;Har deltageren transporteret sig til Steno ved brug af motoriseret/ikke-aktiv transport?;2;Nej;No;;;;
besgsdag_10_5f76;adverse_events_v10;Har deltageren haft nogen adverse events siden besøg 8? Har du siden sidst haft nogen gener eller været utilpas?;2;Nej;No;;;;
besgsdag_10_5f76;home_urin_v10;Har deltageren indsamlet urin hjemme på 4 separate dage?;2;Nej;No;;;;
besgsdag_10_5f76;home_urin_received_v10;Hvis 'Ja', er disse modtaget?;2;Nej;No;;;;
besgsdag_10_5f76;stool_sample_v10;Har deltageren afleveret en afføringsprøve?;2;Nej;No;;;;
besgsdag_10_5f76;cgm_returned_v10;Er CGM-sensor kommet retur?;2;Nej;No;;;;
besgsdag_10_5f76;cgm_discontinue_v10;Er CGM-sensoren fjernet før tid?;2;Nej;No;;;;
besgsdag_10_5f76;cgm_when_info_v10;Skriv til Carolien, hvornår CGM-sensor modtages og aflæses. Er det gjort?;2;Nej;No;;;;
besgsdag_10_5f76;libreview_v10;Er data fra CGM-readeren indlæst på din computer via Libre View?;2;Nej;No;;;;
besgsdag_10_5f76;cgm_csvsaved_ldrive_v10;Er CSV-fil med glukosedata indlæst og gemt på L-drevet? Gemmes som onlimit_ID_visit_test.csv (eksempel: onlimit_5_v10_cgm.csv);2;Nej;No;;;;
besgsdag_10_5f76;cgm_pdfsaved_ldrive_v10;Er AGP-rapporten (PDF-fil) indlæst og gemt på L-drevet?Gemmes som onlimit_ID_visit_test.pdf (eksempel: onlimit_5_v2_cgm.pdf);2;Nej;No;;;;
besgsdag_10_5f76;sens_returned_v10;Er aktivitetsmåler (SENS) kommet retur?;2;Nej;No;;;;
besgsdag_10_5f76;sens_early_removal_v10;Er aktivitetsmåleren blevet fjernet før tid?;2;Nej;No;;;;
besgsdag_10_5f76;sens_upload_ldrive_v10;Er SENS-data indlæst og gemt på L-drevet (CSV-fil)? OBS: ikke afklaret endnu Gemmes som onlimit_ID_visit_test (eksempel: onlimit_5_v2_sens);2;Nej;No;;;;
besgsdag_10_5f76;sensor_reuse_v10;Er den slukkede sensor lagt i den rigtige kasse (klar eller død)? Tjek batteritiden når aktivitetsmåler slukkes i SENS webappen. Se SOP SENS aftagning.;2;Nej;No;;;;
besgsdag_10_5f76;saliva_sample_v10;Har deltageren lavet og afleveret en spytprøve?;2;Nej;No;;;;
besgsdag_10_5f76;morning_tooth_brushing_before_visit_v10;Har deltageren børstet tænder i morges inden dagens besøg?;2;Nej;No;;;;
besgsdag_10_5f76;urin_sample_v10;Har deltageren lavet og afleveret en urinprøve?;2;Nej;No;;;;
besgsdag_10_5f76;hba1c_v10;Har deltageren fået taget HbA1c?;2;Nej;No;;;;
besgsdag_10_5f76;dxa_metal_v10;Har forsøgsdeltageren fået indopereret metal i kroppen?;2;Nej;No;;;;
besgsdag_10_5f76;dxa_contraindicated_v10;Har deltageren fået sprøjtet kontrastvæske ind i kroppen inden for den sidste uge?;2;Nej;No;;;;
besgsdag_10_5f76;pregnancy_test_v10;Kan deltageren være gravid?;2;Nej;No;;;;
besgsdag_10_5f76;empty_bladder_v10;Har deltageren tømt blæren lige inden vejning og DXA?;2;Nej;No;;;;
besgsdag_10_5f76;dxa_performed_v10;Er DXA udført?;2;Nej;No;;;;
besgsdag_10_5f76;dxa_upload_ldrive_v10;Er DXA-data indlæst og gemt i mappen på L-drevet (excel-fil)? Gemmes som onlimit_ID_visit_test (eksempel: onlimit_5_v4_dxa);2;Nej;No;;;;
besgsdag_10_5f76;food_pref_test_performed_v10;Har deltageren gennemført fødevarepræferencetesten?;2;Nej;No;;;;
besgsdag_10_5f76;fibro_performed_v10;Er fibroscanningen udført?;2;Nej;No;;;;
besgsdag_10_5f76;fibro_upload_ldrive_v10;Er Fibroscan-data indlæst og gemt i mappen på L-drevet (excel-fil)? Gemmes som onlimit_ID_visit_test (eksempel: onlimit_5_v4_fibro);2;Nej;No;;;;
besgsdag_10_5f76;finapres_minus20_v10;Har deltageren gennemført Finapres 1 (tid -20)?;2;Nej;No;;;;
besgsdag_10_5f76;bloodsample_minus15_v10;Er blodprøve 1 taget (tid -15)?;2;Nej;No;;;;
besgsdag_10_5f76;vas_minus10_v10;Har deltageren gennemført VAS 1 (tid -10)?;2;Nej;No;;;;
besgsdag_10_5f76;bloodsample_minus5_v10;Er blodprøve 2 taget (tid -5)?;2;Nej;No;;;;
besgsdag_10_5f76;timer_started_v10;Er uret startet? Påbegyndelse af shake + bar = tid 0;2;Nej;No;;;;
besgsdag_10_5f76;finapres_time15_v10;Har deltageren gennemført Finapres 2 (tid 15)?;2;Nej;No;;;;
besgsdag_10_5f76;bloodsample_time30_v10;Er blodprøve 3 taget (tid 30)?;2;Nej;No;;;;
besgsdag_10_5f76;vas_time30_v10;Har deltageren gennemført VAS 2 (tid 30)?;2;Nej;No;;;;
besgsdag_10_5f76;finapres_time45_v10;Har deltageren gennemført Finapres 3 (tid 45)?;2;Nej;No;;;;
besgsdag_10_5f76;bloodsample_time60_v10;Er blodprøve 4 taget (tid 60)?;2;Nej;No;;;;
besgsdag_10_5f76;vas_time60_v10;Har deltageren gennemført VAS 3 (tid 60)?;2;Nej;No;;;;
besgsdag_10_5f76;finapres_time75_v10;Har deltageren gennemført Finapres 4 (tid 75)?;2;Nej;No;;;;
besgsdag_10_5f76;bloodsample_time90_v10;Er blodprøve 5 taget (tid 90)?;2;Nej;No;;;;
besgsdag_10_5f76;vas_time90_v10;Har deltageren gennemført VAS 4 (tid 90)?;2;Nej;No;;;;
besgsdag_10_5f76;finapres_time105_v10;Har deltageren gennemført Finapres 5 (tid 105)?;2;Nej;No;;;;
besgsdag_10_5f76;bloodsample_time120_v10;Er blodprøve 6 taget (tid 120)?;2;Nej;No;;;;
besgsdag_10_5f76;vas_time120_v10;Har deltageren gennemført VAS 5 (tid 120)?;2;Nej;No;;;;
besgsdag_10_5f76;finapres_time135_v10;Har deltageren gennemført Finapres 6 (tid 135)?;2;Nej;No;;;;
besgsdag_10_5f76;bloodsample_time180_v10;Er blodprøve 7 taget (tid 180)?;2;Nej;No;;;;
besgsdag_10_5f76;vas_time180_v10;Har deltageren gennemført VAS 6 (tid 180 min)?;2;Nej;No;;;;
besgsdag_10_5f76;finapres_time195_v10;Har deltageren gennemført Finapres 7 (tid 195)?;2;Nej;No;;;;
besgsdag_10_5f76;bloodsample_time240_v10;Er blodprøve 8 taget (tid 240 min)?;2;Nej;No;;;;
besgsdag_10_5f76;vas_time240_v10;Har deltageren gennemført VAS 7 (tid 240)?;2;Nej;No;;;;
besgsdag_10_5f76;finapres_time255_v10;Har deltageren gennemført Finapres 8 (tid 255)?;2;Nej;No;;;;
besgsdag_10_5f76;finapres_upload_ldrive_v10;Er Finapres-data indlæst og gemt i mappen på L-drevet? OBS: Der skal gemmes OTTE mapper, der hver indeholder 9 excelfiler. Gemmes som onlimit_ID_visit_nummer af undersøgelse_test_test (eksempel: onlimit_5_v4-3_fp);2;Nej;No;;;;
besgsdag_10_5f76;medicine_change_v10;Har der været nogen ændringer i deltagerens medicin?;2;Nej;No;;;;
besgsdag_10_5f76;medicine_change_info_v10;"Gå til instrumentet ""medicinændringer"" og registrér disse. Er medicinændringerne registreret?";2;Nej;No;;;;
besgsdag_10_5f76;survey_answered_v10;Har deltageren svaret på alle spørgeskemaer knyttet til dette besøg?;2;Nej;No;;;;
besgsdag_10_5f76;food_v10;Har deltageren modtaget en bolle med ost og et stykke frugt?;2;Nej;No;;;;
besgsdag_10_5f76;scipd_performed_v10;Har deltageren gennemført SCIP-D?;2;Nej;No;;;;
besgsdag_10_5f76;tmt_b_v10;Har deltageren gennemført Trail Making Test (TMT)?;2;Nej;No;;;;
besgsdag_10_5f76;cognition_tests_filed_office_v10;Er SCIP-testen og TMT-testen lagt i mappen på kontoret?;2;Nej;No;;;;
besgsdag_10_5f76;vo2max_done_v10;Har deltageren udført VO2 max test?;2;Nej;No;;;;
besgsdag_10_5f76;vo2max_upload_ldrive_v10;Er VO2 max-data indlæst og gemt i mappen på L-drevet (excel-fil)? Gemmes som onlimit_ID_visit_test (eksempel: onlimit_5_v4_vo2max);2;Nej;No;;;;
besgsdag_10_5f76;sdc04_sp_closed_v10;Er SDC04- forløbselementet afsluttet i SP?;2;Nej;No;;;;
besgsdag_10_5f76;research_active_status_closed_sp_v10;Er deltageren afsluttet som forskningsaktiv i SP?;2;Nej;No;;;;
besgsdag_10_5f76;homeurin_deviation_v10;Hjemmeurin;2;Nej;No;;;;
besgsdag_10_5f76;stool_sample_deviation_v10;Afføringsprøve;2;Nej;No;;;;
besgsdag_10_5f76;sens_deviation_v10;SENS;2;Nej;No;;;;
besgsdag_10_5f76;spit_sample_deviation_v10;Spytprøve;2;Nej;No;;;;
besgsdag_10_5f76;urin_sample_deviation_v10;Urinprøve (on site);2;Nej;No;;;;
besgsdag_10_5f76;whr_deviation_v10;Talje-hofte mål;2;Nej;No;;;;
besgsdag_10_5f76;dxa_deviation_v10;DXA;2;Nej;No;;;;
besgsdag_10_5f76;food_preference_deviation_v10;Fødevarepræferencetest;2;Nej;No;;;;
besgsdag_10_5f76;fibro_deviation_v10;Fibroscanning;2;Nej;No;;;;
besgsdag_10_5f76;blood_pressure_deviation_v10;Blodtryk og puls;2;Nej;No;;;;
besgsdag_10_5f76;hba1c_deviation_v10;HbA1c;2;Nej;No;;;;
besgsdag_10_5f76;mmtt_blood_deviation_v10;Blodprøver under MMTT;2;Nej;No;;;;
besgsdag_10_5f76;finapres_deviation_v10;Finapres under MMTT;2;Nej;No;;;;
besgsdag_10_5f76;vas_deviation_v10;VAS under MMTT;2;Nej;No;;;;
besgsdag_10_5f76;medicin_deviation_v10;Medicingennemgang;2;Nej;No;;;;
besgsdag_10_5f76;survey_deviation_v10;Spørgeskemaer;2;Nej;No;;;;
besgsdag_10_5f76;cognition_deviation_v10;Kognitionstest;2;Nej;No;;;;
besgsdag_10_5f76;vo2max_deviation_v10;VO2 max test;2;Nej;No;;;;
besgsdag_10_5f76;other_deviation_v10;Andre afvigelser;2;Nej;No;;;;
gruppemde_uge_1;attended_group_meeting_1;Er deltager fremmødt til ugens gruppemøde?;2;Nej;No;;;;
gruppemde_uge_1;cgm_group_meeting_1;Er CGM påsat?;2;Nej;No;;;;
gruppemde_uge_1;cgm_info_group_meeting_1;Har deltageren fået information om brugen af CGM?Information om brug til CGM: Ved denne undersøgelse måler vi automatisk dit blodsukker hele døgnet i 14 dage.Sensoren gemmer målingerne, indtil du kommer ind og får den aflæst, så du skal ikke selv gøre noget. Du skal leve, som du normalt gør (dvs. gå i bad mm. som du plejer). Dog kan eks. hyppig sauna øge risikoen for, at sensoren falder af før tid. Hvis den falder af, ringes til ON LiMiT projekttelefonen: 21 47 18 16;2;Nej;No;;;;
gruppemde_uge_1;gcm_envelop_given_group_meeting_1;Har deltageren fået udleveret en zippose (CGM sensornummer påskrevet), som deltageren kan lægge CGM'en i efter aftagning - eller hvis den falder af?;2;Nej;No;;;;
gruppemde_uge_3;attended_group_meeting_3;Er deltager fremmødt til ugens gruppemøde?;2;Nej;No;;;;
gruppemde_uge_3;cgm_plan_not_attended_group_meeting_3;Deltager ringes op for at aftale tilbagelevering af CGM-sensor. Er der lagt en plan for aflevering af CGM-sensor? Forslag:Deltager afleverer CGM-sensor til gruppemøde uge 5.Der aftales anden dag, hvor deltager kommer ind med CGM-sensor.;2;Nej;No;;;;
gruppemde_uge_3;cgm_returned_group_meeting_3;Er CGM-sensor kommet retur?;2;Nej;No;;;;
gruppemde_uge_3;cgm_discontinue_group_meeting_3;Er CGM-sensoren fjernet før tid?;2;Nej;No;;;;
gruppemde_uge_3;cgm_when_info_group_meeting_3;Skriv til forsøgsansvarlige læge (Carolien), hvornår CGM-sensor modtages og aflæses. Er det gjort?;2;Nej;No;;;;
gruppemde_uge_3;libreview_group_meeting_3;Er data fra CGM-readeren indlæst på din computer via Libre View?;2;Nej;No;;;;
gruppemde_uge_3;cgm_csvsaved_ldrive_group_meeting_3;Er CSV-fil med glukosedata indlæst og gemt på L-drevet?Gemmes som onlimit_ID_visit_test.csv (eksempel: onlimit_5_gmw3_cgm.csv);2;Nej;No;;;;
gruppemde_uge_3;cgm_pdfsaved_ldrive_group_meeting_3;Er AGP-rapporten (PDF-fil) indlæst og gemt på L-drevet?Gemmes som onlimit_ID_visit_test.pdf (eksempel: onlimit_5_v2_cgm.pdf);2;Nej;No;;;;
gruppemde_uge_5;attended_group_meeting_5;Er deltager fremmødt til ugens gruppemøde?;2;Nej;No;;;;
gruppemde_uge_7;attended_group_meeting_7;Er deltager fremmødt til ugens gruppemøde?;2;Nej;No;;;;
gruppemde_uge_9;attended_group_meeting_9;Er deltager fremmødt til ugens gruppemøde?;2;Nej;No;;;;
gruppemde_uge_11;attended_group_meeting_11;Er deltager fremmødt til ugens gruppemøde?;2;Nej;No;;;;
gruppemde_uge_11;carbohydrate_group_group_meeting_11;Har deltageren modtaget information i Liva om sin tildelte kulhydratgruppe?;2;Nej;No;;;;
gruppemde_uge_13;attended_group_meeting_13;Er deltager fremmødt til ugens gruppemøde?;2;Nej;No;;;;
gruppemde_uge_15;attended_group_meeting_15;Er deltager fremmødt til ugens gruppemøde?;2;Nej;No;;;;
gruppemde_uge_17;attended_group_meeting_17;Er deltager fremmødt til ugens gruppemøde?;2;Nej;No;;;;
gruppemde_uge_18;attended_group_meeting_18;Er deltager fremmødt til ugens gruppemøde?;2;Nej;No;;;;
ekstra_kontakt;contact_bs_participant;Er deltageren blevet kontaktet mhp. at kontakte den behandlingsansvarlige læge vedrørende opstart af glukosesænkende medicin?;2;Nej;No;;;;
ekstra_kontakt;contact_bs_responsible_physician;Er der taget kontakt til deltagerens egen læge eller forsøgsstedets ansvarlige læge mhp. opstart i glukosesænkende medicin?;2;Nej;No;;;;
ekstra_kontakt;contact_bp_participant;Er deltageren blevet kontaktet mhp. at kontakte den behandlingsansvarlige læge vedrørende opstart af medicinsk behandling for hypertension?;2;Nej;No;;;;
ekstra_kontakt;contact_bp_responsible_physician;Er der taget kontakt til deltagerens egen læge eller forsøgsstedets ansvarlige læge mhp. opstart i medicinsk behandling for hypertension?;2;Nej;No;;;;
hba1c_uge_30;book_bloodsample_week_30;Er der bestilt blodprøver i SP (SCF00634)?;2;Nej;No;;;;
hba1c_uge_30;intervention_challenge_diet_week_30;En diætist vil kontakte deltageren i forhold til at følge op på diætinterventionen. Er diætist kontaktet?;2;Nej;No;;;;
hba1c_uge_30;intervention_challenge_training_week_30;Exercise manager vil kontakte deltageren i forhold til at følge op på træningsinterventionen. Er exercise manager kontaktet?;2;Nej;No;;;;
hba1c_uge_30;hba1c_date_for_extra_measurement_planned_participant_week_30;Er aftale for ny HbA1c-måling skrevet i deltagers kalender?;2;Nej;No;;;;
hba1c_uge_30;hba1c_date_for_extra_measurement_planned_staff_week_30;Er aftale for ny HbA1c-måling skrevet i Caroliens kalender?;2;Nej;No;;;;
hba1c_uge_30;hba1c_date_for_extra_measurement_planned_room_week_30;Er der booket et lokale til ny HbA1c-måling?;2;Nej;No;;;;
hba1c_uge_42;book_bloodsample_week_42;Er der bestilt blodprøver i SP (SCF00634)?;2;Nej;No;;;;
hba1c_uge_42;intervention_challenge_diet_week_42;En diætist vil kontakte deltageren i forhold til at følge op på diætinterventionen. Er diætist kontaktet?;2;Nej;No;;;;
hba1c_uge_42;intervention_challenge_training_week_42;Exercise manager vil kontakte deltageren i forhold til at følge op på træningsinterventionen. Er exercise manager kontaktet?;2;Nej;No;;;;
hba1c_uge_42;hba1c_date_for_extra_measurement_planned_participant_week_42;Er aftale for ny HbA1c-måling skrevet i deltagers kalender?;2;Nej;No;;;;
hba1c_uge_42;hba1c_date_for_extra_measurement_planned_staff_week_42;Er aftale for ny HbA1c-måling skrevet i Caroliens kalender?;2;Nej;No;;;;
hba1c_uge_42;hba1c_date_for_extra_measurement_planned_room_week_42;Er der booket et lokale til ny HbA1c-måling?;2;Nej;No;;;;
hba1c_follow_up;hba1c_participant_extra;Er deltageren blevet kontaktet mhp. at kontakte den behandlingsansvarlige læge vedrørende opstart af glukosesænkende medicin?;2;Nej;No;;;;
hba1c_follow_up;hba1c_responsible_physician_extra;Er der taget kontakt til deltagerens egen læge eller forsøgsstedets ansvarlige læge mhp. opstart i glukosesænkende medicin?;2;Nej;No;;;;
sociodemografiske_karakteristika;socde_living_with_others;Bor du sammen med andre?;2;Nej;No;;;;
sociodemografiske_karakteristika;socde_living_with_partner;Bor du sammen med en ægtefælle/samlever/kæreste?;2;Nej;No;;;;
sociodemografiske_karakteristika;socde_living_with_children_u16;Bor du sammen med et barn/børn under 16 år?;2;Nej;No;;;;
sociodemografiske_karakteristika;socde_living_with_others_16plus;Bor du sammen med andre på 16 år eller derover (ikke ægtefælle / samlever / kæreste)?;2;Nej;No;;;;
sociodemografiske_karakteristika;socde_have_children;Har du børn? Medregn både børn, der bor hjemme, og børn der ikke bor hjemme.;2;Nej;No;;;;
sociodemografiske_karakteristika;socde_born_in_dk;Er du født i Danmark?;2;Nej;No;;;;
sociodemografiske_karakteristika;socde_mother_born_in_dk;Er din mor født i Danmark?;2;Nej;No;;;;
sociodemografiske_karakteristika;socde_father_born_in_dk;Er din far født i Danmark?;2;Nej;No;;;;
sociodemografiske_karakteristika;socde_education_postschool;Har du fuldført en uddannelse ud over en skole‐ eller ungdomsuddannelse?;0;Nej;No;;;;
sociodemografiske_karakteristika;socde_currently_studying;Er du under uddannelse?;2;Nej;No;;;;
sociodemografiske_karakteristika;socde_sports_club;Har du inden for det seneste år været med i nogen foreninger, organisationer eller grupper, hvor du har mødtes med andre om en fælles fritidsinteresse eller ydet en frivillig indsats (f.eks. en idrætsforening, kunstklub, løbegruppe, strikkeklub, politisk gruppe eller hjælpeorganisation)?;2;Nej;No;;;;
sociodemografiske_karakteristika_short;socde_short_living_with_others;Bor du sammen med andre?;2;Nej;No;;;;
sociodemografiske_karakteristika_short;socde_short_living_with_partner;Bor du sammen med ægtefælle/samlever/kæreste?;2;Nej;No;;;;
sociodemografiske_karakteristika_short;socde_short_living_with_children_u16;Bor du sammen med et barn/børn under 16 år?;2;Nej;No;;;;
sociodemografiske_karakteristika_short;socde_short_living_with_others_16plus;Bor du sammen med andre på 16 år eller derover (ikke ægtefælle / samlever / kæreste)?;2;Nej;No;;;;
diabetes_status;ds_diabetes_parent;Har eller havde dine forældre diabetes?;2;Nej;No;;;;
diabetes_status;ds_diabetes_sibling;Har eller havde dine søskende diabetes?;2;Nej;No;;;;
diabetes_status;ds_neuropathy;Har en læge nogensinde fortalt dig, at du har diabetisk fodsygdom, f.eks. neuropati, forårsaget af diabetes?;2;Nej;No;;;;
diabetes_status;ds_retinopathy;Har en læge nogensinde fortalt dig, at du har diabetisk øjensygdom, f.eks. retinopati, forårsaget af diabetes?;2;Nej;No;;;;
tobacco_and_nicotine_use;tobacco_use_2;Ønsker du at ændre dine nuværende nikotin-/rygevaner?;1;Nej;No;;;;
item_bodily_distress_syndrome_checklist;bds_gp_contact_past6months;Har du indenfor de seneste 6 måneder været i kontakt med din praktiserende læge pga. et eller flere af foregående symptomer?;0;Nej;No;;;;
yale_food_addiction_scale_yfas;yfas_psych_problems;Mit fødevareindtag har ført til væsentlige psykiske problemer som depression, angst, selvlede eller skyldfølelse.;2;Nej;No;;;;
yale_food_addiction_scale_yfas;yfas_physical_problems;Mit fødevareindtag har ført til fysiske problemer eller forværret eksisterende fysiske problemer.;2;Nej;No;;;;
yale_food_addiction_scale_yfas;yfas_continue_despite_problems;Jeg fortsatte med at spise de samme typer eller mængder mad, selvom jeg havde psykiske og/eller fysiske problemer.;2;Nej;No;;;;
yale_food_addiction_scale_yfas;yfas_tolerance;Over tid har jeg oplevet, at jeg skal spise mere og mere for at få den ønskede effekt - fx lindring af negative følelser eller øget nydelse.;2;Nej;No;;;;
yale_food_addiction_scale_yfas;yfas_loss_effect;Jeg har oplevet, at den samme mængde mad ikke længere har den ønskede effekt.;2;Nej;No;;;;
yale_food_addiction_scale_yfas;yfas_desire_to_cut_down;Jeg ønsker at skære ned på eller stoppe med at spise visse fødevarer.;2;Nej;No;;;;
yale_food_addiction_scale_yfas;yfas_attempt_cut_down;Jeg har forsøgt at skære ned på eller stoppe med at spise visse fødevarer.;2;Nej;No;;;;
yale_food_addiction_scale_yfas;yfas_success_cut_down;Jeg har haft succes med at skære ned eller undgå at spise disse fødevarer.;2;Nej;No;;;;
bedq;bed_q_1;1. Haft episoder med tvangsoverspisning? (dvs. at du indenfor et kort tidsrum (fx to timer) spiste væsentligt mere, end hvad der er normalt)?;0;Nej;No;;;;
bedq;bed_q_2;2. Mistet kontrollen over din spisning ved disse episoder? (fx at du ikke kunne stoppe med at spise, eller kontrollere, hvor meget du spiste?);0;Nej;No;;;;
bedq;bed_q_3;3. Haft episoder med tvangsoverspisning, hvor du spiste hurtigere end normalt?;0;Nej;No;;;;
bedq;bed_q_4;4. Haft episoder med tvangsoverspisning, hvor du spiste, til du var ubehagelig mæt?;0;Nej;No;;;;
bedq;bed_q_5;5. Haft episoder med tvangsoverspisning, hvor du spiste store mængder mad, selvom du ikke var sulten?;0;Nej;No;;;;
bedq;bed_q_6;6. Haft episoder med tvangsoverspisning, hvor du spiste alene, fordi du var flov over, hvor meget du spiste?;0;Nej;No;;;;
bedq;bed_q_7;7. Haft episoder med tvangsoverspisning, hvor du følte væmmelse, depression eller skyld efter episoderne?;0;Nej;No;;;;
bedq;bed_q_8;8. Kastet op efter episoder med tvangsoverspisning?;0;Nej;No;;;;
bedq;bed_q_9;9. Er du meget belastet af dine episoder med tvangsoverspisning?;0;Nej;No;;;;
besg_1_screening;bmi_eligible_v1;Opfyldes BMI som inklusionskriterium?;2;Nej - Deltageren har et BMI på < 27;No - Participant has a BMI < 27;;;;
prscreening_telefoninterview_frste_kontakt;eligible_v0;Kan deltageren efter præscreening stadig deltage i projektet?;3;Nej - opfylder eksklusionskriterier;No - meets exclusion criteria;;;;
prscreening_telefoninterview_frste_kontakt;eligible_v0;Kan deltageren efter præscreening stadig deltage i projektet?;2;Nej - opfylder ikke inklusionskriterier;No - does not meet inclusion criteria;;;;
physical_and_mental_health_sf12;sf12_light_activities;Lettere aktiviteter, såsom at flytte et bord, støvsuge eller cykle;3;Nej - slet ikke begrænset;No - not at all limited;;;;
physical_and_mental_health_sf12;sf12_climb_stairs;At gå flere etager op ad trapper;3;Nej- slet ikke begrænset;No - not at all limited;;;;
besoegsdag_2;mmtt_shake_bar_v2;Er shake + bar drukket/spist?;5;Nej, deltageren kunne både ikke drikke hele shaken og spise hele baren.;No, the participant was unable to both drink the entire shake and eat the entire bar.;;;;
besoegsdag_3;mmtt_shake_bar_v3;Er shake + bar drukket/spist?;5;Nej, deltageren kunne både ikke drikke hele shaken og spise hele baren.;No, the participant was unable to both drink the entire shake and eat the entire bar.;;;;
besoegsdag_4;mmtt_shake_bar_v4;Er shake + bar drukket/spist?;5;Nej, deltageren kunne både ikke drikke hele shaken og spise hele baren.;No, the participant was unable to both drink the entire shake and eat the entire bar.;;;;
besgsdag_6;mmtt_shake_bar_v6;Er shake + bar drukket/spist?;5;Nej, deltageren kunne både ikke drikke hele shaken og spise hele baren.;No, the participant was unable to both drink the entire shake and eat the entire bar.;;;;
besgsdag_8;mmtt_shake_bar_v8;Er shake + bar drukket/spist?;5;Nej, deltageren kunne både ikke drikke hele shaken og spise hele baren.;No, the participant was unable to both drink the entire shake and eat the entire bar.;;;;
besgsdag_10_5f76;mmtt_shake_bar_v10;Er shake + bar drukket/spist?;5;Nej, deltageren kunne både ikke drikke hele shaken og spise hele baren.;No, the participant was unable to both drink the entire shake and eat the entire bar.;;;;
besoegsdag_2;mmtt_shake_bar_v2;Er shake + bar drukket/spist?;3;Nej, deltageren kunne ikke drikke hele shaken.;No, the participant was unable to drink the entire shake.;;;;
besoegsdag_3;mmtt_shake_bar_v3;Er shake + bar drukket/spist?;3;Nej, deltageren kunne ikke drikke hele shaken.;No, the participant was unable to drink the entire shake.;;;;
besoegsdag_4;mmtt_shake_bar_v4;Er shake + bar drukket/spist?;3;Nej, deltageren kunne ikke drikke hele shaken.;No, the participant was unable to drink the entire shake.;;;;
besgsdag_6;mmtt_shake_bar_v6;Er shake + bar drukket/spist?;3;Nej, deltageren kunne ikke drikke hele shaken.;No, the participant was unable to drink the entire shake.;;;;
besgsdag_8;mmtt_shake_bar_v8;Er shake + bar drukket/spist?;3;Nej, deltageren kunne ikke drikke hele shaken.;No, the participant was unable to drink the entire shake.;;;;
besgsdag_10_5f76;mmtt_shake_bar_v10;Er shake + bar drukket/spist?;3;Nej, deltageren kunne ikke drikke hele shaken.;No, the participant was unable to drink the entire shake.;;;;
besoegsdag_2;mmtt_shake_bar_v2;Er shake + bar drukket/spist?;4;Nej, deltageren kunne ikke spise hele baren.;No, the participant was unable to eat the entire bar.;;;;
besoegsdag_3;mmtt_shake_bar_v3;Er shake + bar drukket/spist?;4;Nej, deltageren kunne ikke spise hele baren.;No, the participant was unable to eat the entire bar.;;;;
besoegsdag_4;mmtt_shake_bar_v4;Er shake + bar drukket/spist?;4;Nej, deltageren kunne ikke spise hele baren.;No, the participant was unable to eat the entire bar.;;;;
besgsdag_6;mmtt_shake_bar_v6;Er shake + bar drukket/spist?;4;Nej, deltageren kunne ikke spise hele baren.;No, the participant was unable to eat the entire bar.;;;;
besgsdag_8;mmtt_shake_bar_v8;Er shake + bar drukket/spist?;4;Nej, deltageren kunne ikke spise hele baren.;No, the participant was unable to eat the entire bar.;;;;
besgsdag_10_5f76;mmtt_shake_bar_v10;Er shake + bar drukket/spist?;4;Nej, deltageren kunne ikke spise hele baren.;No, the participant was unable to eat the entire bar.;;;;
besoegsdag_2;cgm_returned_v2;Er CGM-sensor kommet retur?;3;Nej, faldet af og ikke fundet;No, fallen off and not recovered;;;;
prscreening_telefoninterview_frste_kontakt;continue_v0;Ønsker deltageren at fortsætte i projektet efter interviewet?;2;Nej, ønsker ikke at deltage;No, does not wish to participate;;;;
sociodemografiske_karakteristika;socde_sport_activity;Dyrker du nogen former for motion enten i forening eller på egen hånd på nuværende tidspunkt af året (f.eks. løb, boldspil, fitness, gymnastik, powerwalking, dans, yoga eller lignende)?(Medtag ikke cykling som transport eller almindelig gåtur);5;Nej, slet ikke;No, not at all;;;;
sociodemografiske_karakteristika_short;socde_short_sport_activity;Dyrker du nogen former for idrætsaktiviteter enten i forening eller på egen hånd på nuværende tidspunkt af året (f.eks. løb, boldspil, fitness, gymnastik, powerwalking, dans, yoga eller lignende)? (Medtag ikke cykling som transport eller almindelig gåtur);5;Nej, slet ikke;No, not at all;;;;
physical_and_mental_health_sf12;sf12_pain_interference;Fysisk smerte har vanskeliggjort mit daglige arbejde (både arbejde uden for hjemmet og husarbejde);3;Noget;Moderate;;;;
item_bodily_distress_syndrome_checklist;bds_palpitations_chest;Hjertebanken eller uro i brystet?;3;Noget;Moderate;;;;
item_bodily_distress_syndrome_checklist;bdsq_chest_pressure_pain;Trykken eller smerter i brystet?;3;Noget;Moderate;;;;
item_bodily_distress_syndrome_checklist;bdsq_shortness_breath_at_rest;Forpustethed uden anstrengelse?;3;Noget;Moderate;;;;
item_bodily_distress_syndrome_checklist;bdsq_breathing_attack;Anfald med vejrtrækningsbesvær?;3;Noget;Moderate;;;;
item_bodily_distress_syndrome_checklist;bdsq_dry_mouth;Mundtørhed?;3;Noget;Moderate;;;;
item_bodily_distress_syndrome_checklist;bdsq_sweating;Varm eller koldsveden?;3;Noget;Moderate;;;;
item_bodily_distress_syndrome_checklist;bdsq_frequent_loose_stools;Hyppige, løse afføringer?;3;Noget;Moderate;;;;
item_bodily_distress_syndrome_checklist;bdsq_abdominal_pain;Mavesmerter?;3;Noget;Moderate;;;;
item_bodily_distress_syndrome_checklist;bds_bloating;Oppustethed, spændings- eller tyngdefornemmelse i maven?;3;Noget;Moderate;;;;
item_bodily_distress_syndrome_checklist;bds_diarrhea;Diarré?;3;Noget;Moderate;;;;
item_bodily_distress_syndrome_checklist;bds_acid_reflux;Sure opstød?;3;Noget;Moderate;;;;
item_bodily_distress_syndrome_checklist;bds_nausea;Kvalme?;3;Noget;Moderate;;;;
item_bodily_distress_syndrome_checklist;bds_upper_abdominal_pain;Svie eller smerter i toppen af maven?;3;Noget;Moderate;;;;
item_bodily_distress_syndrome_checklist;bds_limbs_pain;Smerter i armene eller benene?;3;Noget;Moderate;;;;
item_bodily_distress_syndrome_checklist;bds_muscle_aches;Muskelsmerter eller ømhed?;3;Noget;Moderate;;;;
item_bodily_distress_syndrome_checklist;bds_joint_pain;Ledsmerter?;3;Noget;Moderate;;;;
item_bodily_distress_syndrome_checklist;bds_limbs_numbness;Følelse af lammelse i arme eller ben?;3;Noget;Moderate;;;;
item_bodily_distress_syndrome_checklist;bds_back_pain;Rygsmerter?;3;Noget;Moderate;;;;
item_bodily_distress_syndrome_checklist;bds_migratory_pain;Smerter som flytter sig fra sted til sted?;3;Noget;Moderate;;;;
item_bodily_distress_syndrome_checklist;bds_paresthesia;Ubehagelig dødhedsfornemmelse eller føleforstyrrelser?;3;Noget;Moderate;;;;
item_bodily_distress_syndrome_checklist;bds_concentration_difficulty;Koncentrationsbesvær?;3;Noget;Moderate;;;;
item_bodily_distress_syndrome_checklist;bds_fatigue;Træthed?;3;Noget;Moderate;;;;
item_bodily_distress_syndrome_checklist;bds_headache;Hovedpine?;3;Noget;Moderate;;;;
item_bodily_distress_syndrome_checklist;bds_memory_problems;Hukommelsesbesvær?;3;Noget;Moderate;;;;
item_bodily_distress_syndrome_checklist;bds_dizziness;Svimmelhed?;3;Noget;Moderate;;;;
physical_and_mental_health_sf12;sf12_achieved_less_physical;Jeg har nået mindre, end jeg gerne ville;3;Noget af tiden;Some of the time;;;;
physical_and_mental_health_sf12;sf12_limited_activities;Jeg har været begrænset i, hvilken slags arbejde eller andre aktiviteter jeg har kunne udføre;3;Noget af tiden;Some of the time;;;;
physical_and_mental_health_sf12;sf12_achieved_less_emotional;Jeg har nået mindre, end hvad jeg gerne ville;3;Noget af tiden;Some of the time;;;;
physical_and_mental_health_sf12;sf12_less_careful;Jeg har udført mit arbejde eller andre aktiviteter mindre omhyggeligt, end jeg plejer;3;Noget af tiden;Some of the time;;;;
physical_and_mental_health_sf12;sf12_calm_relaxed;Jeg har følt mig rolig og afslappet;3;Noget af tiden;Some of the time;;;;
physical_and_mental_health_sf12;sf12_full_of_energy;Jeg har følt mig fuld af energi;3;Noget af tiden;Some of the time;;;;
physical_and_mental_health_sf12;sf12_downhearted;Jeg har følt mig trist til mode;3;Noget af tiden;Some of the time;;;;
physical_and_mental_health_sf12;sf12_social_interference;Mit fysiske helbred eller følelsesmæssige problemer har gjort det vanskeligt at se andre mennesker (fx besøge venner, slægtninge osv.);3;Noget af tiden;Some of the time;;;;
social_support_for_eating_habits;ssfeh_family_unhealthy_food;Familie;3;Nogle gange;Sometimes;;;;
social_support_for_eating_habits;ssfeh_friends_unhealthy_food;Venner;3;Nogle gange;Sometimes;;;;
social_support_for_eating_habits;ssfeh_family_diet_change;Familie;3;Nogle gange;Sometimes;;;;
social_support_for_eating_habits;ssfeh_friends_diet_change;Venner;3;Nogle gange;Sometimes;;;;
social_support_for_eating_habits;ssfeh_family_fat_salt;Familie;3;Nogle gange;Sometimes;;;;
social_support_for_eating_habits;ssfeh_friends_fat_salt;Venner;3;Nogle gange;Sometimes;;;;
social_support_for_eating_habits;ssfeh_family_compliments;Familie;3;Nogle gange;Sometimes;;;;
social_support_for_eating_habits;ssfeh_friends_compliments;Venner;3;Nogle gange;Sometimes;;;;
social_support_for_eating_habits;ssfeh_family_comments;Familie;3;Nogle gange;Sometimes;;;;
social_support_for_eating_habits;ssfeh_friends_comment;Venner;3;Nogle gange;Sometimes;;;;
social_support_for_eating_habits;ssfeh_family_eat_unhealthy;Familie;3;Nogle gange;Sometimes;;;;
social_support_for_eating_habits;ssfeh_friends_eat_unhealthy;Venner;3;Nogle gange;Sometimes;;;;
social_support_for_eating_habits;ssfeh_family_refuse_same_food;Familie;3;Nogle gange;Sometimes;;;;
social_support_for_eating_habits;ssfeh_friends_refuse_same_food;Venner;3;Nogle gange;Sometimes;;;;
social_support_for_eating_habits;ssfeh_family_brought_food_avoid;Familie;3;Nogle gange;Sometimes;;;;
social_support_for_eating_habits;ssfeh_friends_brought_food_avoid;Venner;3;Nogle gange;Sometimes;;;;
social_support_for_eating_habits;ssfeh_family_angry;Familie;3;Nogle gange;Sometimes;;;;
social_support_for_eating_habits;ssfeh_friends_amgry;Venner;3;Nogle gange;Sometimes;;;;
social_support_for_eating_habits;ssfeh_family_offered_food;Familie;3;Nogle gange;Sometimes;;;;
social_support_for_eating_habits;ssfeh_friends_offered_food;Venner;3;Nogle gange;Sometimes;;;;
the_three_item_loneliness_scale_tils;tils_feel_isolated;Hvor ofte føler du dig isoleret fra andre?;3;Ofte;Often;;;;
the_three_item_loneliness_scale_tils;tils_miss_company;Hvor ofte savner du nogen at være sammen med?;3;Ofte;Often;;;;
the_three_item_loneliness_scale_tils;tils_feel_excluded;Hvor ofte føler du dig udenfor?;3;Ofte;Often;;;;
social_support_for_eating_habits;ssfeh_family_unhealthy_food;Familie;4;Ofte;Often;;;;
social_support_for_eating_habits;ssfeh_friends_unhealthy_food;Venner;4;Ofte;Often;;;;
social_support_for_eating_habits;ssfeh_family_diet_change;Familie;4;Ofte;Often;;;;
social_support_for_eating_habits;ssfeh_friends_diet_change;Venner;4;Ofte;Often;;;;
social_support_for_eating_habits;ssfeh_family_fat_salt;Familie;4;Ofte;Often;;;;
social_support_for_eating_habits;ssfeh_friends_fat_salt;Venner;4;Ofte;Often;;;;
social_support_for_eating_habits;ssfeh_family_compliments;Familie;4;Ofte;Often;;;;
social_support_for_eating_habits;ssfeh_friends_compliments;Venner;4;Ofte;Often;;;;
social_support_for_eating_habits;ssfeh_family_comments;Familie;4;Ofte;Often;;;;
social_support_for_eating_habits;ssfeh_friends_comment;Venner;4;Ofte;Often;;;;
social_support_for_eating_habits;ssfeh_family_eat_unhealthy;Familie;4;Ofte;Often;;;;
social_support_for_eating_habits;ssfeh_friends_eat_unhealthy;Venner;4;Ofte;Often;;;;
social_support_for_eating_habits;ssfeh_family_refuse_same_food;Familie;4;Ofte;Often;;;;
social_support_for_eating_habits;ssfeh_friends_refuse_same_food;Venner;4;Ofte;Often;;;;
social_support_for_eating_habits;ssfeh_family_brought_food_avoid;Familie;4;Ofte;Often;;;;
social_support_for_eating_habits;ssfeh_friends_brought_food_avoid;Venner;4;Ofte;Often;;;;
social_support_for_eating_habits;ssfeh_family_angry;Familie;4;Ofte;Often;;;;
social_support_for_eating_habits;ssfeh_friends_amgry;Venner;4;Ofte;Often;;;;
social_support_for_eating_habits;ssfeh_family_offered_food;Familie;4;Ofte;Often;;;;
social_support_for_eating_habits;ssfeh_friends_offered_food;Venner;4;Ofte;Often;;;;
pittsburgh_sleep_quality_index_psqi;psqi_9_enthusiasm;Igennem den sidste måned, hvor stort et problem har det været for dig at opretholde nok entusiasme til at få tingene gjort?;4;Ofte betydende problem;Often a significant problem;;;;
prscreening_telefoninterview_frste_kontakt;treatment_v0;Får deltageren én eller flere af følgende behandlinger?Hvis deltageren kan svare ja til én eller flere af behandlingerne, kan deltageren inkluderes i studiet.;2;Oral antidiabetisk medicin;Oral antidiabetic medication;;;;
besg_1_screening;treatment_v1;Får deltageren én eller flere af følgende behandlinger?Hvis deltageren kan svare ja til én eller flere af behandlingerne, kan deltageren inkluderes i studiet.;2;Oral antidiabetisk medicin;Oral antidiabetic medication;;;;
trningsafvigelser;reason_exercise_deviation_phase3;Årsag til afvigelse;3;Overtræning/træthed;Overtraining/fatigue;;;;
physical_and_mental_health_sf12;sf12_achieved_less_physical;Jeg har nået mindre, end jeg gerne ville;5;På intet tidspunkt;None of the time;;;;
physical_and_mental_health_sf12;sf12_limited_activities;Jeg har været begrænset i, hvilken slags arbejde eller andre aktiviteter jeg har kunne udføre;5;På intet tidspunkt;None of the time;;;;
physical_and_mental_health_sf12;sf12_achieved_less_emotional;Jeg har nået mindre, end hvad jeg gerne ville;5;På intet tidspunkt;None of the time;;;;
physical_and_mental_health_sf12;sf12_less_careful;Jeg har udført mit arbejde eller andre aktiviteter mindre omhyggeligt, end jeg plejer;5;På intet tidspunkt;None of the time;;;;
physical_and_mental_health_sf12;sf12_calm_relaxed;Jeg har følt mig rolig og afslappet;5;På intet tidspunkt;None of the time;;;;
physical_and_mental_health_sf12;sf12_full_of_energy;Jeg har følt mig fuld af energi;5;På intet tidspunkt;None of the time;;;;
physical_and_mental_health_sf12;sf12_downhearted;Jeg har følt mig trist til mode;5;På intet tidspunkt;None of the time;;;;
physical_and_mental_health_sf12;sf12_social_interference;Mit fysiske helbred eller følelsesmæssige problemer har gjort det vanskeligt at se andre mennesker (fx besøge venner, slægtninge osv.);5;På intet tidspunkt;None of the time;;;;
yale_food_addiction_scale_yfas;yfas_problem_foods;Sæt kryds ved ALLE de følgende fødevarer, du har problemer med:;12;Pasta;Pasta;;;;
adverse_events;ae_type;Type?;2;Periodisk;Intermittent;;;;
stamdata;dropout_reason_baseline;Årsag til at deltageren er udgået under baselinebesøgene?;1;Personlige/helbredsmæssige årsager;Personal/health reasons;;;;
stamdata;dropout_reason;Årsag til at deltageren er udgået under interventionen;2;Personlige/helbredsmæssige årsager;Personal/health reasons;;;;
yale_food_addiction_scale_yfas;yfas_problem_foods;Sæt kryds ved ALLE de følgende fødevarer, du har problemer med:;25;Pizza;Pizza;;;;
fase_1_ditetiske_afvigelser;reason_dietary_deviation_1;Årsag til afvigelse:;1;Planlagt afvigelse;Planned deviation;;;;
fase_2_ditetiske_afvigelser;reason_dietary_deviation_2;Årsag til afvigelse:;4;Planlagt afvigelse;Planned deviation;;;;
fase_3_ditetiske_afvigelser;reason_dietary_deviation_3;Årsag til afvigelse:;4;Planlagt afvigelse;Planned deviation;;;;
yale_food_addiction_scale_yfas;yfas_problem_foods;Sæt kryds ved ALLE de følgende fødevarer, du har problemer med:;18;Pommes frites;French fries;;;;
besg_1_screening;pregnancy_test_result_v1;7a. Hvad var graviditetstesten?;2;Positiv;Positive;;;;
besg_1_screening;gad65_value_v1;GAD65-antistof: Svar efter ca. 1 uge. Udfyldes, når svaret foreligger.;2;Positiv;Positive;;;;
besoegsdag_4;pregnancy_test_result_v4;Hvad var resultatet af graviditetstesten?;1;Positiv;Positive;;;;
besgsdag_6;pregnancy_test_result_v6;Hvad var resultatet af graviditetstesten?;1;Positiv;Positive;;;;
besgsdag_8;pregnancy_test_result_v8;Hvad var resultatet af graviditetstesten?;1;Positiv;Positive;;;;
besgsdag_10_5f76;pregnancy_test_result_v10;Hvad var resultatet af graviditetstesten?;1;Positiv;Positive;;;;
stamdata;dropout_reason_baseline;Årsag til at deltageren er udgået under baselinebesøgene?;2;Praktiske årsager;Practical reasons;;;;
stamdata;dropout_reason;Årsag til at deltageren er udgået under interventionen;3;Praktiske årsager;Practical reasons;;;;
ekstra_kontakt;contact_who;Hvem har taget kontakt?;2;Projektpersonale;Project staff;;;;
besg_1_screening;ace_type_v1;Hvilken ACE-hæmmer?;2;Ramipril;Ramipril;;;;
medicine_changes;ace_type_rep;Hvilken ACE-hæmmer?;2;Ramipril;Ramipril;;;;
pittsburgh_sleep_quality_index_psqi;psqi_6_overall_sleep_quality;Igennem den sidste måned, hvordan vurderer du din overordnede søvnkvalitet?;3;Rimelig dårlig;Quite poor;;;;
pittsburgh_sleep_quality_index_psqi;psqi_6_overall_sleep_quality;Igennem den sidste måned, hvordan vurderer du din overordnede søvnkvalitet?;2;Rimelig god;Quite good;;;;
yale_food_addiction_scale_yfas;yfas_problem_foods;Sæt kryds ved ALLE de følgende fødevarer, du har problemer med:;14;Ris;Rice;;;;
besg_1_screening;statins_medicine_v1;Deltager tager følgende statiner:;3;Rosuvastatin;Rosuvastatin;;;;
yale_food_addiction_scale_yfas;yfas_problem_foods;Sæt kryds ved ALLE de følgende fødevarer, du har problemer med:;11;Salat;Salad;;;;
yale_food_addiction_scale_yfas;yfas_problem_foods;Sæt kryds ved ALLE de følgende fødevarer, du har problemer med:;17;Saltstænger;Pretzel sticks;;;;
besg_1_screening;glp1ra_type_v1;Hvilken GLP-1-receptoragonist?;2;Semaglutid p.o. (Rybelsus);Semaglutide p.o. (Rybelsus);;;;
medicine_changes;glp1ra_type_rep;Hvilken GLP-1-receptoragonist?;2;Semaglutid p.o. (Rybelsus);Semaglutide p.o. (Rybelsus);;;;
besg_1_screening;glp1ra_type_v1;Hvilken GLP-1-receptoragonist?;1;Semaglutid s.c. (Ozempic);Semaglutide s.c. (Ozempic);;;;
medicine_changes;glp1ra_type_rep;Hvilken GLP-1-receptoragonist?;1;Semaglutid s.c. (Ozempic);Semaglutide s.c. (Ozempic);;;;
besg_1_screening;antidiabetics_medicine_v1;Deltager tager følgende antidiabetika:;2;SGLT-2-hæmmer (Canagliflozin (Invokana), Dapagliflozin (Forxiga), Empagliflozin (Jardiance));SGLT2 inhibitor (Canagliflozin (Invokana), Dapagliflozin (Farxiga), Empagliflozin (Jardiance));;;;
medicine_changes;antidiabetics_medicine_rep;Ændring (herunder genintroduktion) af følgende antidiabetika:;2;SGLT-2-hæmmer (Canagliflozin (Invokana), Dapagliflozin (Forxiga), Empagliflozin (Jardiance));SGLT2 inhibitor (Canagliflozin (Invokana), Dapagliflozin (Farxiga), Empagliflozin (Jardiance));;;;
adverse_events;ae_physician_assessed;Vurderet af læge (kun læge må sætte kryds i dette felt);1;Signeret;Signed;;;;
besg_1_screening;statins_medicine_v1;Deltager tager følgende statiner:;2;Simvastatin;Simvastatin;;;;
besg_1_screening;dppiv_type_v1;Hvilken DPP-IV-hæmmer?;1;Sitagliptin (Januvia);Sitagliptin (Januvia);;;;
medicine_changes;dppiv_type_rep;Hvilken DPP-IV-hæmmer?;1;Sitagliptin (Januvia);Sitagliptin (Januvia);;;;
the_three_item_loneliness_scale_tils;tils_feel_isolated;Hvor ofte føler du dig isoleret fra andre?;1;Sjældent;Rarely;;;;
the_three_item_loneliness_scale_tils;tils_miss_company;Hvor ofte savner du nogen at være sammen med?;1;Sjældent;Rarely;;;;
the_three_item_loneliness_scale_tils;tils_feel_excluded;Hvor ofte føler du dig udenfor?;1;Sjældent;Rarely;;;;
social_support_for_eating_habits;ssfeh_family_unhealthy_food;Familie;2;Sjældent;Rarely;;;;
social_support_for_eating_habits;ssfeh_friends_unhealthy_food;Venner;2;Sjældent;Rarely;;;;
social_support_for_eating_habits;ssfeh_family_diet_change;Familie;2;Sjældent;Rarely;;;;
social_support_for_eating_habits;ssfeh_friends_diet_change;Venner;2;Sjældent;Rarely;;;;
social_support_for_eating_habits;ssfeh_family_fat_salt;Familie;2;Sjældent;Rarely;;;;
social_support_for_eating_habits;ssfeh_friends_fat_salt;Venner;2;Sjældent;Rarely;;;;
social_support_for_eating_habits;ssfeh_family_compliments;Familie;2;Sjældent;Rarely;;;;
social_support_for_eating_habits;ssfeh_friends_compliments;Venner;2;Sjældent;Rarely;;;;
social_support_for_eating_habits;ssfeh_family_comments;Familie;2;Sjældent;Rarely;;;;
social_support_for_eating_habits;ssfeh_friends_comment;Venner;2;Sjældent;Rarely;;;;
social_support_for_eating_habits;ssfeh_family_eat_unhealthy;Familie;2;Sjældent;Rarely;;;;
social_support_for_eating_habits;ssfeh_friends_eat_unhealthy;Venner;2;Sjældent;Rarely;;;;
social_support_for_eating_habits;ssfeh_family_refuse_same_food;Familie;2;Sjældent;Rarely;;;;
social_support_for_eating_habits;ssfeh_friends_refuse_same_food;Venner;2;Sjældent;Rarely;;;;
social_support_for_eating_habits;ssfeh_family_brought_food_avoid;Familie;2;Sjældent;Rarely;;;;
social_support_for_eating_habits;ssfeh_friends_brought_food_avoid;Venner;2;Sjældent;Rarely;;;;
social_support_for_eating_habits;ssfeh_family_angry;Familie;2;Sjældent;Rarely;;;;
social_support_for_eating_habits;ssfeh_friends_amgry;Venner;2;Sjældent;Rarely;;;;
social_support_for_eating_habits;ssfeh_family_offered_food;Familie;2;Sjældent;Rarely;;;;
social_support_for_eating_habits;ssfeh_friends_offered_food;Venner;2;Sjældent;Rarely;;;;
sociodemografiske_karakteristika;socde_sports_club_frequency;Hvis du ser på det seneste år, hvor ofte vil du så sige, at du typisk er mødt op til aktiviteter i de foreninger, organisationer eller grupper, som du er med i?;5;Sjældnere;Very rarely;;;;
ekstra_kontakt;contact_reason_specification;Er afvigelsen relateret til:;2;Skade;Injury;;;;
trningsafvigelser;reason_exercise_deviation_phase3;Årsag til afvigelse;1;Skade/smerter;Injury/pain;;;;
sociodemografiske_karakteristika;socde_work_shift;På hvilket tidspunkt af døgnet arbejder du sædvanligvis i din hovedbeskæftigelse?;4;Skiftende arbejdstider med natarbejde;Rotating shifts including night shifts;;;;
sociodemografiske_karakteristika_short;socde_short_work_shift;På hvilket tidspunkt af døgnet arbejder du sædvanligvis i din hovedbeskæftigelse?;4;Skiftende arbejdstider med natarbejde;Rotating shifts including night shifts;;;;
sociodemografiske_karakteristika;socde_work_shift;På hvilket tidspunkt af døgnet arbejder du sædvanligvis i din hovedbeskæftigelse?;5;Skiftende faste arbejdstider uden natarbejde;Rotating shifts without night shifts;;;;
sociodemografiske_karakteristika_short;socde_short_work_shift;På hvilket tidspunkt af døgnet arbejder du sædvanligvis i din hovedbeskæftigelse?;5;Skiftende faste arbejdstider uden natarbejde.;Rotating shifts without night shifts;;;;
physical_and_mental_health_sf12;sf12_pain_interference;Fysisk smerte har vanskeliggjort mit daglige arbejde (både arbejde uden for hjemmet og husarbejde);1;Slet ikke;Not at all;;;;
item_bodily_distress_syndrome_checklist;bds_palpitations_chest;Hjertebanken eller uro i brystet?;1;Slet ikke;Not at all;;;;
item_bodily_distress_syndrome_checklist;bdsq_chest_pressure_pain;Trykken eller smerter i brystet?;1;Slet ikke;Not at all;;;;
item_bodily_distress_syndrome_checklist;bdsq_shortness_breath_at_rest;Forpustethed uden anstrengelse?;1;Slet ikke;Not at all;;;;
item_bodily_distress_syndrome_checklist;bdsq_breathing_attack;Anfald med vejrtrækningsbesvær?;1;Slet ikke;Not at all;;;;
item_bodily_distress_syndrome_checklist;bdsq_dry_mouth;Mundtørhed?;1;Slet ikke;Not at all;;;;
item_bodily_distress_syndrome_checklist;bdsq_sweating;Varm eller koldsveden?;1;Slet ikke;Not at all;;;;
item_bodily_distress_syndrome_checklist;bdsq_frequent_loose_stools;Hyppige, løse afføringer?;1;Slet ikke;Not at all;;;;
item_bodily_distress_syndrome_checklist;bdsq_abdominal_pain;Mavesmerter?;1;Slet ikke;Not at all;;;;
item_bodily_distress_syndrome_checklist;bds_bloating;Oppustethed, spændings- eller tyngdefornemmelse i maven?;1;Slet ikke;Not at all;;;;
item_bodily_distress_syndrome_checklist;bds_diarrhea;Diarré?;1;Slet ikke;Not at all;;;;
item_bodily_distress_syndrome_checklist;bds_acid_reflux;Sure opstød?;1;Slet ikke;Not at all;;;;
item_bodily_distress_syndrome_checklist;bds_nausea;Kvalme?;1;Slet ikke;Not at all;;;;
item_bodily_distress_syndrome_checklist;bds_upper_abdominal_pain;Svie eller smerter i toppen af maven?;1;Slet ikke;Not at all;;;;
item_bodily_distress_syndrome_checklist;bds_limbs_pain;Smerter i armene eller benene?;1;Slet ikke;Not at all;;;;
item_bodily_distress_syndrome_checklist;bds_muscle_aches;Muskelsmerter eller ømhed?;1;Slet ikke;Not at all;;;;
item_bodily_distress_syndrome_checklist;bds_joint_pain;Ledsmerter?;1;Slet ikke;Not at all;;;;
item_bodily_distress_syndrome_checklist;bds_limbs_numbness;Følelse af lammelse i arme eller ben?;1;Slet ikke;Not at all;;;;
item_bodily_distress_syndrome_checklist;bds_back_pain;Rygsmerter?;1;Slet ikke;Not at all;;;;
item_bodily_distress_syndrome_checklist;bds_migratory_pain;Smerter som flytter sig fra sted til sted?;1;Slet ikke;Not at all;;;;
item_bodily_distress_syndrome_checklist;bds_paresthesia;Ubehagelig dødhedsfornemmelse eller føleforstyrrelser?;1;Slet ikke;Not at all;;;;
item_bodily_distress_syndrome_checklist;bds_concentration_difficulty;Koncentrationsbesvær?;1;Slet ikke;Not at all;;;;
item_bodily_distress_syndrome_checklist;bds_fatigue;Træthed?;1;Slet ikke;Not at all;;;;
item_bodily_distress_syndrome_checklist;bds_headache;Hovedpine?;1;Slet ikke;Not at all;;;;
item_bodily_distress_syndrome_checklist;bds_memory_problems;Hukommelsesbesvær?;1;Slet ikke;Not at all;;;;
item_bodily_distress_syndrome_checklist;bds_dizziness;Svimmelhed?;1;Slet ikke;Not at all;;;;
social_support_for_eating_habits;ssfeh_family_unhealthy_food;Familie;1;Slet ikke;Not at all;;;;
social_support_for_eating_habits;ssfeh_friends_unhealthy_food;Venner;1;Slet ikke;Not at all;;;;
social_support_for_eating_habits;ssfeh_family_diet_change;Familie;1;Slet ikke;Not at all;;;;
social_support_for_eating_habits;ssfeh_friends_diet_change;Venner;1;Slet ikke;Not at all;;;;
social_support_for_eating_habits;ssfeh_family_fat_salt;Familie;1;Slet ikke;Not at all;;;;
social_support_for_eating_habits;ssfeh_friends_fat_salt;Venner;1;Slet ikke;Not at all;;;;
social_support_for_eating_habits;ssfeh_family_compliments;Familie;1;Slet ikke;Not at all;;;;
social_support_for_eating_habits;ssfeh_friends_compliments;Venner;1;Slet ikke;Not at all;;;;
social_support_for_eating_habits;ssfeh_family_comments;Familie;1;Slet ikke;Not at all;;;;
social_support_for_eating_habits;ssfeh_friends_comment;Venner;1;Slet ikke;Not at all;;;;
social_support_for_eating_habits;ssfeh_family_eat_unhealthy;Familie;1;Slet ikke;Not at all;;;;
social_support_for_eating_habits;ssfeh_friends_eat_unhealthy;Venner;1;Slet ikke;Not at all;;;;
social_support_for_eating_habits;ssfeh_family_refuse_same_food;Familie;1;Slet ikke;Not at all;;;;
social_support_for_eating_habits;ssfeh_friends_refuse_same_food;Venner;1;Slet ikke;Not at all;;;;
social_support_for_eating_habits;ssfeh_family_brought_food_avoid;Familie;1;Slet ikke;Not at all;;;;
social_support_for_eating_habits;ssfeh_friends_brought_food_avoid;Venner;1;Slet ikke;Not at all;;;;
social_support_for_eating_habits;ssfeh_family_angry;Familie;1;Slet ikke;Not at all;;;;
social_support_for_eating_habits;ssfeh_friends_amgry;Venner;1;Slet ikke;Not at all;;;;
social_support_for_eating_habits;ssfeh_family_offered_food;Familie;1;Slet ikke;Not at all;;;;
social_support_for_eating_habits;ssfeh_friends_offered_food;Venner;1;Slet ikke;Not at all;;;;
tobacco_and_nicotine_use;tabac_smoking_types;Cigaretter, cerutter, cigarer, pibe, vandpibe;3;Slet ikke, men jeg har tidligere brugt det;Not at all, but I have used it previously;;;;
tobacco_and_nicotine_use;tab_nicotine_types;Snus, nikotinposer, tyggetobak, tobakspastiller;3;Slet ikke, men jeg har tidligere brugt det;Not at all, but I have used it previously;;;;
tobacco_and_nicotine_use;tabac_e_cigarettes;E-cigaretter, vapes, pos-systemer;3;Slet ikke, men jeg har tidligere brugt det;Not at all, but I have used it previously;;;;
tobacco_and_nicotine_use;tabac_heat_not_burn;Opvarmet tobak (heat-not-burn-produkter);3;Slet ikke, men jeg har tidligere brugt det;Not at all, but I have used it previously;;;;
yale_food_addiction_scale_yfas;yfas_problem_foods;Sæt kryds ved ALLE de følgende fødevarer, du har problemer med:;8;Slik;Candy ;;;;
yale_food_addiction_scale_yfas;yfas_problem_foods;Sæt kryds ved ALLE de følgende fødevarer, du har problemer med:;6;Småkager;Cookies;;;;
besoegsdag_2;finapres_finger_cuff_size_v2;Hvilken størrelse fingermanchet bruges til Finapres-målingen?;1;Small;Small;;;;
besoegsdag_2;finapres_arm_cuff_size_v2;Hvilken størrelse armmanchet bruges til Finapres-målingen?;1;Small;Small;;;;
yale_food_addiction_scale_yfas;yfas_problem_foods;Sæt kryds ved ALLE de følgende fødevarer, du har problemer med:;26;Sodavand;Soft drink ;;;;
sociodemografiske_karakteristika;socde_education_school;Hvilken skole- eller ungdomsuddannelse har du?;5;Studentereksamen (inkl. HHX, HTX, EUX);Upper secondary school leaving examination (including HHX, HTX, EUX);;;;
besg_1_screening;antidiabetics_medicine_v1;Deltager tager følgende antidiabetika:;4;Sulfonylurinstof (Gliclazid, Glimepirid);Sulfonylurea (Gliclazide, Glimepiride);;;;
medicine_changes;antidiabetics_medicine_rep;Ændring (herunder genintroduktion) af følgende antidiabetika:;4;Sulfonylurinstof (Gliclazid, Glimepirid);Sulfonylurea (Gliclazide, Glimepiride);;;;
adverse_events;ae_grade;Gradering;3;Svær (Klar påvirkning af daglige aktiviteter. Kræver lægelig vurdering, behandling eller medfører afbrydelse af interventionen.);Severe (Clearly affecting daily activities. Requires medical evaluation, treatment, or results in discontinuation of the intervention.);;;;
trningsafvigelser;reason_exercise_deviation_phase3;Årsag til afvigelse;2;Sygdom;Sickness ;;;;
medicine_changes;antihypertensive_change_reason_rep;Årsag til ændring/genintroduktion af antihypertensiva;1;Systolisk blodtryk > 140 mmHg ved 2 eller flere målinger.;Systolic blood pressure > 140 mmHg on 2 or more measurements;;;;
ekstra_kontakt;contact_reason_blood_pressure;Hvilken af nedenstående er gældende?;1;Systolisk BT > 140 mmHg over 1 uge;Systolic BP > 140 mmHg over 1 week;;;;
ekstra_kontakt;contact_reason_blood_pressure;Hvilken af nedenstående er gældende?;3;Systolisk BT > 140 mmHg over 2 uger;Systolic BP > 140 mmHg over 2 weeks;;;;
individuel_ditistsamtale_1;type_diet_consult_1;Hvilken type kontakt:;3;Telefon;Phone;;;;
individuel_ditistsamtale_2;type_diet_consult_2;Hvilken type kontakt:;3;Telefon;Phone;;;;
individuel_ditistsamtale_3;type_diet_consult_3;Hvilken type kontakt:;3;Telefon;Phone;;;;
individuel_ditistsamtale_4;type_diet_consult_4;Hvilken type kontakt:;3;Telefon;Phone;;;;
ekstra_kontakt;contact_type;Hvilken type kontakt:;5;Telefon;Phone;;;;
besg_1_screening;antihypertensive_medicine_v1;Deltager tager følgende antihypertensiva:;1;Thiazid (bendroflumethiazid m. KCl, hydrochlorthiazid);Thiazide (bendroflumethiazide with KCl, hydrochlorothiazide);;;;
medicine_changes;antihypertensive_medicine_rep;Deltager er startet på følgende antihypertensiva:;1;Thiazid (bendroflumethiazid m. KCl, hydrochlorthiazid);Thiazide (bendroflumethiazide with KCl, hydrochlorothiazide);;;;
pittsburgh_sleep_quality_index_psqi;psqi_9_enthusiasm;Igennem den sidste måned, hvor stort et problem har det været for dig at opretholde nok entusiasme til at få tingene gjort?;3;Til tider et betydende problem;At times a significant problem;;;;
prscreening_telefoninterview_frste_kontakt;compliance_risk_v0;13. Er det vurderet, at deltageren vil kunne overholde forsøgets procedurer og/eller interventioner (f.eks. fremmøde, målinger, vejledninger)?;3;Til vurdering;For assessment;;;;
besg_1_screening;compliance_risk_v1;13. Er det vurderet, at deltageren vil kunne overholde forsøgets procedurer og/eller interventioner (f.eks. fremmøde, målinger, vejledninger)?;3;Til vurdering;For assessment;;;;
besg_1_screening;inclusion_v1;Kan deltageren inkluderes i ON LiMiT feasibility-studiet?;3;Til vurdering;For assessment;;;;
besg_1_screening;glp1ra_type_v1;Hvilken GLP-1-receptoragonist?;5;Tirzepatid (Mounjaro);Tirzepatid (Mounjaro);;;;
medicine_changes;glp1ra_type_rep;Hvilken GLP-1-receptoragonist?;5;Tirzepatid (Mounjaro);Tirzepatid (Mounjaro);;;;
trningsafvigelser;kind_exercise_deviation_phase3;Hvilken form for afvigelse;3;To ugers træning;Two weeks of training;;;;
pittsburgh_sleep_quality_index_psqi;psqi_5a_latency_30m;Kan ikke falde i søvn indenfor 30 min?;4;Tre eller flere gange om ugen;Three or more times a week;;;;
pittsburgh_sleep_quality_index_psqi;psqi_5b_wake;Vågner om natten eller tidligt morgen?;4;Tre eller flere gange om ugen;Three or more times a week;;;;
pittsburgh_sleep_quality_index_psqi;psqi_5c_urinate;Er nødt til at gå på toilettet en eller flere gange?;4;Tre eller flere gange om ugen;Three or more times a week;;;;
pittsburgh_sleep_quality_index_psqi;psqi_5d_breathing;Har besvær med at trække vejret ordentligt?;4;Tre eller flere gange om ugen;Three or more times a week;;;;
pittsburgh_sleep_quality_index_psqi;psqi_5e_cough_snore;Hoster eller snorker højlydt?;4;Tre eller flere gange om ugen;Three or more times a week;;;;
pittsburgh_sleep_quality_index_psqi;psqi_5f_too_cold;Har det for koldt?;4;Tre eller flere gange om ugen;Three or more times a week;;;;
pittsburgh_sleep_quality_index_psqi;psqi_5g_too_hot;Har det for varmt?;4;Tre eller flere gange om ugen;Three or more times a week;;;;
pittsburgh_sleep_quality_index_psqi;psqi_5h_nightmares;Har mareridt?;4;Tre eller flere gange om ugen;Three or more times a week;;;;
pittsburgh_sleep_quality_index_psqi;psqi_5i_pain;Har smerter?;4;Tre eller flere gange om ugen;Three or more times a week;;;;
pittsburgh_sleep_quality_index_psqi;psqi_7_medication;Igennem den sidste måned, hvor ofte har du taget medicin (på recept eller i håndkøb) for at hjælpe dig med at sove?;4;Tre eller flere gange om ugen;Three or more times a week;;;;
pittsburgh_sleep_quality_index_psqi;psqi_8_dysfunction;Igennem den sidste måned, hvor ofte har du haft problemer med at holde dig vågen imens du kører bil, du spiser et måltid mad, eller er i gang med sociale aktiviteter?;4;Tre eller flere gange om ugen;Three or more times a week;;;;
trningsafvigelser;kind_exercise_deviation_phase3;Hvilken form for afvigelse;4;Tre ugers træning;Three weeks of training;;;;
diabetes_status;ds_parents_diabetes_type;Hvilken type diabetes har/havde dine forældre?;1;Type 1-diabetes;Type 1 diabetes;;;;
diabetes_status;ds_siblings_diabetes_type;Hvilken type diabetes har/havde dine søskende?;1;Type 1-diabetes;Type 1 diabetes;;;;
diabetes_status;ds_parents_diabetes_type;Hvilken type diabetes har/havde dine forældre?;2;Type 2-diabetes;Type 2 diabetes;;;;
diabetes_status;ds_siblings_diabetes_type;Hvilken type diabetes har/havde dine søskende?;2;Type 2-diabetes;Type 2 diabetes;;;;
stamdata;treatment_responsibility_stamdata;Hvem har behandlingsansvaret i.f.t. blodsukker og blodtryk?;3;Uafklaret (svar rettes til, når det er afklaret);Unresolved (to be updated once clarified);;;;
besoegsdag_4;food_pref_test_glasses_v4;Deltager har gennemført fødevarepræferencetesten OBS: Deltager skal gerne til V6, V8 og V10 lave testen med/uden briller som udført ved V4.;2;Uden briller;Without glasses;;;;
besgsdag_6;food_pref_test_glasses_v6;Deltager har gennemført fødevarepræferencetesten;2;Uden briller;Without glasses;;;;
besgsdag_8;food_pref_test_glasses_v8;Deltager har gennemført fødevarepræferencetesten;2;Uden briller;Without glasses;;;;
besgsdag_10_5f76;food_pref_test_glasses_v10;Deltager har gennemført fødevarepræferencetesten;2;Uden briller;Without glasses;;;;
besgsdag_6;intervention_challenges_v6;"Hvilken udfordring med at følge interventionen er der tale om? Se efter ""røde flag"" i LIVA-appen.";1;Udfordring i forhold til diæten.;Challenge regarding the diet;;;;
besgsdag_8;intervention_challenges_v8;"Hvilken udfordring med at følge interventionen er der tale om? Se efter ""røde flag"" i LIVA-appen.";1;Udfordring i forhold til diæten.;Challenge regarding the diet;;;;
ekstra_kontakt;contact_reason_blood_glucose_intervention;Hvilken udfordring med at følge interventionen er der tale om?;1;Udfordring i forhold til diæten.;Challenge regarding the diet;;;;
hba1c_uge_30;intervention_challenges_week_30;"Hvilken udfordring med at følge interventionen er der tale om? Se efter ""røde flag"" i LIVA-appen.";1;Udfordring i forhold til diæten.;Challenge regarding the diet;;;;
hba1c_uge_42;intervention_challenges_week_42;"Hvilken udfordring med at følge interventionen er der tale om? Se efter ""røde flag"" i LIVA-appen.";1;Udfordring i forhold til diæten.;Challenge regarding the diet;;;;
besgsdag_6;intervention_challenges_v6;"Hvilken udfordring med at følge interventionen er der tale om? Se efter ""røde flag"" i LIVA-appen.";2;Udfordring i forhold til træningen.;Challenge regarding the training;;;;
besgsdag_8;intervention_challenges_v8;"Hvilken udfordring med at følge interventionen er der tale om? Se efter ""røde flag"" i LIVA-appen.";2;Udfordring i forhold til træningen.;Challenge regarding the training;;;;
ekstra_kontakt;contact_reason_blood_glucose_intervention;Hvilken udfordring med at følge interventionen er der tale om?;2;Udfordring i forhold til træningen.;Challenge regarding the training;;;;
hba1c_uge_30;intervention_challenges_week_30;"Hvilken udfordring med at følge interventionen er der tale om? Se efter ""røde flag"" i LIVA-appen.";2;Udfordring i forhold til træningen.;Challenge regarding the training;;;;
hba1c_uge_42;intervention_challenges_week_42;"Hvilken udfordring med at følge interventionen er der tale om? Se efter ""røde flag"" i LIVA-appen.";2;Udfordring i forhold til træningen.;Challenge regarding the training;;;;
ekstra_kontakt;contact_reason_blood_glucose;Hvilken af nedenstående er gældende?;3;Uge 0-5: Blodsukker > 16 mmol/l målt ved CGM;Weeks 0-5: Blood glucose > 16 mmol/l measured by CGM;;;;
ekstra_kontakt;contact_reason_blood_glucose;Hvilken af nedenstående er gældende?;5;Uge 0-5: Blodsukker > 16 mmol/l målt ved CGM, siden > 16 mmol/l over 2 dage målt ved fingerprik;Weeks 0-5: Blood glucose > 16 mmol/l measured by CGM, then > 16 mmol/l for more than 2 days measured by finger-prick testing;;;;
ekstra_kontakt;contact_reason_blood_glucose;Hvilken af nedenstående er gældende?;2;Uge 0-5: Blodsukker > 16 mmol/l over 2 dage målt ved fingerprik;Weeks 0-5: Blood glucose > 16 mmol/l for more than 2 days measured by finger-prick testing;;;;
ekstra_kontakt;contact_reason_blood_glucose;Hvilken af nedenstående er gældende?;4;Uge 0-5: Blodsukker > 16 mmol/l over 2 dage over 2 på hinanden følgende uger målt ved fingerprik;Weeks 0-5: Blood glucose > 16 mmol/l for more than 2 days over 2 consecutive weeks measured by finger-prick testing;;;;
hba1c_follow_up;hba1c_extra_reason_fingerstick_extra;Hvilken fingerprikmåling var gennemsnitlig daglig glukose for høj?;1;Uge 1;Week 1;;;;
hba1c_follow_up;hba1c_extra_reason_cgm_extra;Hvilken CGM-måling var gennemsnitlig daglig glukose for høj?;1;Uge 1-2;Weeks 1-2 ;;;;
hba1c_follow_up;hba1c_extra_reason_fingerstick_extra;Hvilken fingerprikmåling var gennemsnitlig daglig glukose for høj?;6;Uge 12;Week 12;;;;
hba1c_follow_up;hba1c_extra_reason_fingerstick_extra;Hvilken fingerprikmåling var gennemsnitlig daglig glukose for høj?;7;Uge 18;Week 18;;;;
hba1c_follow_up;hba1c_extra_reason_fingerstick_extra;Hvilken fingerprikmåling var gennemsnitlig daglig glukose for høj?;2;Uge 2;Week 2;;;;
hba1c_follow_up;hba1c_extra_reason_fingerstick_extra;Hvilken fingerprikmåling var gennemsnitlig daglig glukose for høj?;8;Uge 24;Week 24;;;;
hba1c_follow_up;hba1c_extra_reason_fingerstick_extra;Hvilken fingerprikmåling var gennemsnitlig daglig glukose for høj?;3;Uge 3;Week 3;;;;
hba1c_follow_up;hba1c_extra_reason_hba1c_extra;Hvilken HbA1c-måling var > 53 mmol/mol?;3;Uge 30;Week 30;;;;
hba1c_follow_up;hba1c_extra_reason_fingerstick_extra;Hvilken fingerprikmåling var gennemsnitlig daglig glukose for høj?;9;Uge 30;Week 30;;;;
hba1c_follow_up;hba1c_extra_reason_fingerstick_extra;Hvilken fingerprikmåling var gennemsnitlig daglig glukose for høj?;10;Uge 36;Week 36;;;;
hba1c_follow_up;hba1c_extra_reason_fingerstick_extra;Hvilken fingerprikmåling var gennemsnitlig daglig glukose for høj?;4;Uge 4;Week 4;;;;
hba1c_follow_up;hba1c_extra_reason_hba1c_extra;Hvilken HbA1c-måling var > 53 mmol/mol?;4;Uge 42;Week 42;;;;
hba1c_follow_up;hba1c_extra_reason_fingerstick_extra;Hvilken fingerprikmåling var gennemsnitlig daglig glukose for høj?;11;Uge 42;Week 42;;;;
hba1c_follow_up;hba1c_extra_reason_fingerstick_extra;Hvilken fingerprikmåling var gennemsnitlig daglig glukose for høj?;12;Uge 48;Week 48;;;;
hba1c_follow_up;hba1c_extra_reason_cgm_extra;Hvilken CGM-måling var gennemsnitlig daglig glukose for høj?;2;Uge 50-51;Weeks 50-51;;;;
hba1c_follow_up;hba1c_extra_reason_fingerstick_extra;Hvilken fingerprikmåling var gennemsnitlig daglig glukose for høj?;13;Uge 52;Week 52 ;;;;
ekstra_kontakt;contact_reason_blood_glucose;Hvilken af nedenstående er gældende?;7;Uge 6-52: Blodsukker > 12 mmol/l målt ved CGM;Weeks 6-52: Blood glucose > 12 mmol/l measured by CGM;;;;
ekstra_kontakt;contact_reason_blood_glucose;Hvilken af nedenstående er gældende?;6;Uge 6-52: Blodsukker > 12 mmol/l over 2 dage målt ved fingerprik;Weeks 6-52: Blood glucose > 12 mmol/l for more than 2 days measured by finger-prick testing;;;;
hba1c_follow_up;hba1c_extra_reason_fingerstick_extra;Hvilken fingerprikmåling var gennemsnitlig daglig glukose for høj?;5;Uge 8;Week 8;;;;
sociodemografiske_karakteristika;socde_sports_club_frequency;Hvis du ser på det seneste år, hvor ofte vil du så sige, at du typisk er mødt op til aktiviteter i de foreninger, organisationer eller grupper, som du er med i?;2;Ugentligt;Weekly ;;;;
yale_food_addiction_scale_yfas;yfas_overeat_unplanned;Når jeg begyndte at spise visse fødevarer, spiste jeg meget mere, end jeg havde planlagt.;2;Under 1 gang om måneden;Less than once a month;;;;
yale_food_addiction_scale_yfas;yfas_eat_when_full;Jeg fortsatte med at spise visse fødevarer, selvom jeg ikke længere var sulten.;2;Under 1 gang om måneden;Less than once a month;;;;
yale_food_addiction_scale_yfas;yfas_eat_until_sick;Jeg spiste, indtil jeg fik det fysisk dårligt.;2;Under 1 gang om måneden;Less than once a month;;;;
yale_food_addiction_scale_yfas;yfas_worry_restrict;Jeg bekymrede mig meget om at skære ned på visse typer fødevarer, men jeg spiste dem alligevel.;2;Under 1 gang om måneden;Less than once a month;;;;
yale_food_addiction_scale_yfas;yfas_tired_overeating;Jeg brugte meget tid på at føle mig træt eller uoplagt efter at have overspist.;2;Under 1 gang om måneden;Less than once a month;;;;
yale_food_addiction_scale_yfas;yfas_constant_eating;Jeg brugte meget tid på at spise visse fødevarer i løbet af dagen.;2;Under 1 gang om måneden;Less than once a month;;;;
yale_food_addiction_scale_yfas;yfas_go_far_for_food;Når visse fødevarer ikke var tilgængelige, gjorde jeg en ekstra indsats for at få fat i dem. For eksempel gik jeg i supermarkedet for at købe bestemte fødevarer, selvom jeg havde andre ting at spise derhjemme.;2;Under 1 gang om måneden;Less than once a month;;;;
yale_food_addiction_scale_yfas;yfas_food_interference;Jeg spiste visse fødevarer så ofte eller i så store mængder, at jeg holdt op med at gøre andre vigtige ting. Det kunne for eksempel være at arbejde eller bruge tid med familie eller venner.;2;Under 1 gang om måneden;Less than once a month;;;;
yale_food_addiction_scale_yfas;yfas_problems_overeat;Jeg havde problemer med min familie eller mine venner på grund af, hvor meget jeg overspiste.;2;Under 1 gang om måneden;Less than once a month;;;;
yale_food_addiction_scale_yfas;yfas_avoid_situations;Jeg undgik arbejde, skole eller sociale aktiviteter, fordi jeg var bange for, at jeg ville overspise.;2;Under 1 gang om måneden;Less than once a month;;;;
yale_food_addiction_scale_yfas;yfas_avoid_cut_food_sad;Når jeg skar ned på eller stoppede med at spise visse fødevarer, følte jeg mig irritabel, nervøs eller trist til mode.;2;Under 1 gang om måneden;Less than once a month;;;;
yale_food_addiction_scale_yfas;yfas_withdrawals;Hvis jeg havde fysiske symptomer (f.eks. hovedpine eller træthed), fordi jeg ikke havde spist bestemte fødevarer, spiste jeg dem for at få det bedre.;2;Under 1 gang om måneden;Less than once a month;;;;
yale_food_addiction_scale_yfas;yfas_eat_emotions;Hvis jeg havde følelsesmæssige problemer, fordi jeg ikke havde spist bestemte fødevarer, spiste jeg dem for at få det bedre.;2;Under 1 gang om måneden;Less than once a month;;;;
yale_food_addiction_scale_yfas;yfas_phys_sympt;Når jeg skar ned på eller stoppede med at spise visse fødevarer, fik jeg fysiske symptomer (f.eks. hovedpine eller træthed).;2;Under 1 gang om måneden;Less than once a month;;;;
yale_food_addiction_scale_yfas;yfas_craving_reduced;Når jeg skar ned på eller stoppede med at spise visse fødevarer, fik jeg stærk trang til dem.;2;Under 1 gang om måneden;Less than once a month;;;;
yale_food_addiction_scale_yfas;yfas_food_stress;Min spisning gav mig stor følelsesmæssig ubehag.;2;Under 1 gang om måneden;Less than once a month;;;;
yale_food_addiction_scale_yfas;yfas_function_problems;Jeg havde betydelige problemer i mit liv på grund af mad og spisning. Det kunne for eksempel være problemer med mine daglige rutiner, arbejde, skole, venner, familie eller mit helbred.;2;Under 1 gang om måneden;Less than once a month;;;;
yale_food_addiction_scale_yfas;yfas_felt_bad_overeat;Jeg havde det så dårligt over at have overspist, at jeg ikke fik gjort andre vigtige ting. Det kunne for eksempel være at arbejde eller bruge tid med familie eller venner.;2;Under 1 gang om måneden;Less than once a month;;;;
yale_food_addiction_scale_yfas;yfas_overeat_neglect;Min overspisning gjorde det svært for mig at tage mig af min familie eller foretage huslige pligter.;2;Under 1 gang om måneden;Less than once a month;;;;
yale_food_addiction_scale_yfas;yfas_avoid_no_foods;Jeg undgik arbejde, skole eller sociale arrangementer, fordi jeg ikke kunne spise visse fødevarer.;2;Under 1 gang om måneden;Less than once a month;;;;
yale_food_addiction_scale_yfas;yfas_avoid_appreciation;Jeg undgik sociale situationer, fordi andre ikke ville acceptere, hvor meget jeg spiste.;2;Under 1 gang om måneden;Less than once a month;;;;
yale_food_addiction_scale_yfas;yfas_emotion_same_way;Jeg fortsatte med at spise på samme måde, selvom min spisning gav mig følelsesmæssige problemer.;2;Under 1 gang om måneden;Less than once a month;;;;
yale_food_addiction_scale_yfas;yfas_physical_same_way;Jeg fortsatte med at spise på samme måde, selvom min spisning gav mig fysiske problemer (f.eks. hovedpine eller træthed).;2;Under 1 gang om måneden;Less than once a month;;;;
yale_food_addiction_scale_yfas;yfas_same_eat_no_joy;At spise den samme mængde mad gav mig ikke lige så meget nydelse som før.;2;Under 1 gang om måneden;Less than once a month;;;;
yale_food_addiction_scale_yfas;yfas_stop_eat_not_able;Jeg ville virkelig gerne skære ned på eller stoppe med at spise visse typer mad, men jeg kunne bare ikke.;2;Under 1 gang om måneden;Less than once a month;;;;
yale_food_addiction_scale_yfas;yfas_eat_more_same_feel;Jeg havde brug for at spise mere og mere for at få de følelser, jeg ønskede fra mad. Det kunne være at mindske negative følelser som tristhed eller øge nydelsen.;2;Under 1 gang om måneden;Less than once a month;;;;
yale_food_addiction_scale_yfas;yfas_do_bad_overeat;Jeg klarede mig dårligt på arbejde eller i skole, fordi jeg spiste for meget.;2;Under 1 gang om måneden;Less than once a month;;;;
yale_food_addiction_scale_yfas;yfas_keep_harmful_eat;Jeg fortsatte med at spise visse fødevarer, selvom jeg vidste, at det var skadeligt for mit helbred. For eksempel spiste jeg stadig søde sager, selvom jeg havde diabetes, eller jeg spiste fed mad, selvom jeg havde hjerte-kar-sygdom.;2;Under 1 gang om måneden;Less than once a month;;;;
yale_food_addiction_scale_yfas;yfas_urge_cannot_think;Jeg havde så stærk trang til visse fødevarer, at jeg ikke kunne tænke på andet.;2;Under 1 gang om måneden;Less than once a month;;;;
yale_food_addiction_scale_yfas;yfas_urge_eat_now;Jeg havde så intens lyst til visse fødevarer, at jeg følte, jeg måtte spise dem med det samme.;2;Under 1 gang om måneden;Less than once a month;;;;
yale_food_addiction_scale_yfas;yfas_no_succes_stop_eat;Jeg forsøgte at skære ned på eller lade være med at spise bestemte typer mad, men det lykkedes mig ikke.;2;Under 1 gang om måneden;Less than once a month;;;;
yale_food_addiction_scale_yfas;yfas_no_succ_keep_stop;Jeg forsøgte og mislykkedes med at skære ned på eller stoppe med at spise visse fødevarer.;2;Under 1 gang om måneden;Less than once a month;;;;
yale_food_addiction_scale_yfas;yfas_distract_eat_hurt;Jeg var så distraheret af at spise, at jeg kunne være kommet til skade (f.eks. når jeg kørte bil, gik over vejen eller betjente maskiner).;2;Under 1 gang om måneden;Less than once a month;;;;
yale_food_addiction_scale_yfas;yfas_dist_think_hurt;Jeg var så optaget af tanker om mad, at jeg kunne være kommet til skade (f.eks. når jeg kørte bil, gik over vejen eller betjente maskiner).;2;Under 1 gang om måneden;Less than once a month;;;;
yale_food_addiction_scale_yfas;yfas_fam_friends_worry;Mine venner eller min familie var bekymrede over, hvor meget jeg overspiste.;2;Under 1 gang om måneden;Less than once a month;;;;
sociodemografiske_karakteristika;socde_employment_status;Hvordan er din arbejdssituation for tiden?;3;Under uddannelse med deltids eller fuldtidsjob ved siden af;In education with part-time or full-time employment alongside;;;;
sociodemografiske_karakteristika_short;socde_short_employment_status;Hvordan er din arbejdssituation for tiden?;3;Under uddannelse med deltids eller fuldtidsjob ved siden af;In education with part-time or full-time employment alongside;;;;
sociodemografiske_karakteristika;socde_employment_status;Hvordan er din arbejdssituation for tiden?;2;Under uddannelse MED studiejob ved siden af;In education WITH a student job alongside;;;;
sociodemografiske_karakteristika_short;socde_short_employment_status;Hvordan er din arbejdssituation for tiden?;2;Under uddannelse MED studiejob ved siden af;In education WITH a student job alongside;;;;
sociodemografiske_karakteristika;socde_employment_status;Hvordan er din arbejdssituation for tiden?;1;Under uddannelse UDEN studiejob ved siden af;In education WITHOUT a student job alongside;;;;
sociodemografiske_karakteristika_short;socde_short_employment_status;Hvordan er din arbejdssituation for tiden?;1;Under uddannelse UDEN studiejob ved siden af;In education WITHOUT a student job alongside;;;;
stamdata;dropout_reason_baseline;Årsag til at deltageren er udgået under baselinebesøgene?;3;Utilfredshed med interventionen;Dissatisfaction with the intervention;;;;
stamdata;dropout_reason;Årsag til at deltageren er udgået under interventionen;4;Utilfredshed med interventionen;Dissatisfaction with the intervention;;;;
hba1c_follow_up;hba1c_extra_reason_hba1c_extra;Hvilken HbA1c-måling var > 53 mmol/mol?;5;V10 (uge 52);V10 (week 52) ;;;;
hba1c_follow_up;hba1c_extra_reason_hba1c_extra;Hvilken HbA1c-måling var > 53 mmol/mol?;1;V6 (uge 12);V6 (week 12);;;;
hba1c_follow_up;hba1c_extra_reason_hba1c_extra;Hvilken HbA1c-måling var > 53 mmol/mol?;2;V8 (uge 18);V8 (week 18);;;;
besoegsdag_4;handed_out_v4;Er der udleveret:;1;Vægt;Weighing scale;;;;
physical_and_mental_health_sf12;sf12_overall_health;Hvordan synes du, dit helbred er alt i alt?;2;Vældig godt;Very good ;;;;
diabetes_status;ds_parents_diabetes_type;Hvilken type diabetes har/havde dine forældre?;3;Ved ikke;Don't know;;;;
diabetes_status;ds_siblings_diabetes_type;Hvilken type diabetes har/havde dine søskende?;3;Ved ikke;Don't know;;;;
besoegsdag_2;bp_chosen_arm_v2;Hvilken arm tages blodtryk på fremadrettet? Hvis forskellen er > 10 mmHg systolisk, anvendes armen med højeste værdi til blodtryksmåling fremadrettet. Hvis forskellen er;1;Venstre;Left ;;;;
besg_1_screening;calciumantagonist_type_v1;Hvilken calciumantagonist?;3;Verapamil;Verapamil;;;;
medicine_changes;calciumantagonist_type_rep;Hvilken calciumantagonist?;3;Verapamil;Verapamil;;;;
stamdata;recruitment_source_v1;Hvordan blev deltageren rekrutteret til studiet?;2;Via anden hjemmeside;Via another website;;;;
stamdata;recruitment_source_v1;Hvordan blev deltageren rekrutteret til studiet?;6;Via Diabetesforeningen;Via the Danish Diabetes Association (Diabetesforeningen);;;;
stamdata;recruitment_source_v1;Hvordan blev deltageren rekrutteret til studiet?;5;Via egen læge;Via your general practitioner (GP);;;;
stamdata;recruitment_source_v1;Hvordan blev deltageren rekrutteret til studiet?;8;Via fysisk opslag (fx sundhedscenter, bibliotek, lægehus);Via physical postings (e.g. health center, library, medical clinic);;;;
stamdata;recruitment_source_v1;Hvordan blev deltageren rekrutteret til studiet?;1;Via ON LiMiT's hjemmeside;Via the ON LiMiT website;;;;
stamdata;recruitment_source_v1;Hvordan blev deltageren rekrutteret til studiet?;7;Via opslag på sociale medier (fx Facebook, Instagram, LinkedIn);Via social media posts (e.g., Facebook, Instagram, LinkedIn);;;;
stamdata;recruitment_source_v1;Hvordan blev deltageren rekrutteret til studiet?;3;Via rekrutteringsfirmaet Trial Tree;Via the recruitment agency Trial Tree;;;;
individuel_ditistsamtale_1;type_diet_consult_1;Hvilken type kontakt:;2;Videomøde via studieappen;Video meeting via the study app;;;;
individuel_ditistsamtale_2;type_diet_consult_2;Hvilken type kontakt:;2;Videomøde via studieappen;Video meeting via the study app;;;;
individuel_ditistsamtale_3;type_diet_consult_3;Hvilken type kontakt:;2;Videomøde via studieappen;Video meeting via the study app;;;;
individuel_ditistsamtale_4;type_diet_consult_4;Hvilken type kontakt:;2;Videomøde via studieappen;Video meeting via the study app;;;;
ekstra_kontakt;contact_type;Hvilken type kontakt:;2;Videomøde via studieappen;Video meeting via the study app;;;;
physical_and_mental_health_sf12;sf12_pain_interference;Fysisk smerte har vanskeliggjort mit daglige arbejde (både arbejde uden for hjemmet og husarbejde);5;Virkelig meget;Very much;;;;
item_bodily_distress_syndrome_checklist;bds_palpitations_chest;Hjertebanken eller uro i brystet?;5;Virkelig meget;Very much;;;;
item_bodily_distress_syndrome_checklist;bdsq_chest_pressure_pain;Trykken eller smerter i brystet?;5;Virkelig meget;Very much;;;;
item_bodily_distress_syndrome_checklist;bdsq_shortness_breath_at_rest;Forpustethed uden anstrengelse?;5;Virkelig meget;Very much;;;;
item_bodily_distress_syndrome_checklist;bdsq_breathing_attack;Anfald med vejrtrækningsbesvær?;5;Virkelig meget;Very much;;;;
item_bodily_distress_syndrome_checklist;bdsq_dry_mouth;Mundtørhed?;5;Virkelig meget;Very much;;;;
item_bodily_distress_syndrome_checklist;bdsq_sweating;Varm eller koldsveden?;5;Virkelig meget;Very much;;;;
item_bodily_distress_syndrome_checklist;bdsq_frequent_loose_stools;Hyppige, løse afføringer?;5;Virkelig meget;Very much;;;;
item_bodily_distress_syndrome_checklist;bdsq_abdominal_pain;Mavesmerter?;5;Virkelig meget;Very much;;;;
item_bodily_distress_syndrome_checklist;bds_bloating;Oppustethed, spændings- eller tyngdefornemmelse i maven?;5;Virkelig meget;Very much;;;;
item_bodily_distress_syndrome_checklist;bds_diarrhea;Diarré?;5;Virkelig meget;Very much;;;;
item_bodily_distress_syndrome_checklist;bds_acid_reflux;Sure opstød?;5;Virkelig meget;Very much;;;;
item_bodily_distress_syndrome_checklist;bds_nausea;Kvalme?;5;Virkelig meget;Very much;;;;
item_bodily_distress_syndrome_checklist;bds_upper_abdominal_pain;Svie eller smerter i toppen af maven?;5;Virkelig meget;Very much;;;;
item_bodily_distress_syndrome_checklist;bds_limbs_pain;Smerter i armene eller benene?;5;Virkelig meget;Very much;;;;
item_bodily_distress_syndrome_checklist;bds_muscle_aches;Muskelsmerter eller ømhed?;5;Virkelig meget;Very much;;;;
item_bodily_distress_syndrome_checklist;bds_joint_pain;Ledsmerter?;5;Virkelig meget;Very much;;;;
item_bodily_distress_syndrome_checklist;bds_limbs_numbness;Følelse af lammelse i arme eller ben?;5;Virkelig meget;Very much;;;;
item_bodily_distress_syndrome_checklist;bds_back_pain;Rygsmerter?;5;Virkelig meget;Very much;;;;
item_bodily_distress_syndrome_checklist;bds_migratory_pain;Smerter som flytter sig fra sted til sted?;5;Virkelig meget;Very much;;;;
item_bodily_distress_syndrome_checklist;bds_paresthesia;Ubehagelig dødhedsfornemmelse eller føleforstyrrelser?;5;Virkelig meget;Very much;;;;
item_bodily_distress_syndrome_checklist;bds_concentration_difficulty;Koncentrationsbesvær?;5;Virkelig meget;Very much;;;;
item_bodily_distress_syndrome_checklist;bds_fatigue;Træthed?;5;Virkelig meget;Very much;;;;
item_bodily_distress_syndrome_checklist;bds_headache;Hovedpine?;5;Virkelig meget;Very much;;;;
item_bodily_distress_syndrome_checklist;bds_memory_problems;Hukommelsesbesvær?;5;Virkelig meget;Very much;;;;
item_bodily_distress_syndrome_checklist;bds_dizziness;Svimmelhed?;5;Virkelig meget;Very much;;;;
besoegsdag_4;fibro_probe_size_v4;Hvilken probe blev benyttet?;2;XL;XL;;;;
besgsdag_6;fibro_probe_size_v6;Hvilken probe blev benyttet?;2;XL;XL;;;;
besgsdag_8;fibro_probe_size_v8;Hvilken probe blev benyttet?;2;XL;XL;;;;
besgsdag_10_5f76;fibro_probe_size_v10;Hvilken probe blev benyttet?;2;XL;XL;;;;
